instanceId,instanceKind,budgetMode,budget,method,configuredExactLimit,configuredBeamWidth,searchSpace,searchMethod,oracleFeasible,solverFeasible,feasibilityConsistent,budgetViolation,utilityGap,utilityOptimal,oracleUtility,solverUtility,oracleCost,solverCost,oracleHandoffs,solverHandoffs,expandedStates,beamPruned,oracleExpandedStates,oracleCompleteAssignments,oracleRuntimeMs,solverRuntimeMs
seeded-000,seeded,unconstrained,,auto-exact-4096,4096,256,8,exact,true,true,true,false,0,true,1.742316,1.742316,11,11,0,0,14,0,14,8,,
seeded-000,seeded,unconstrained,,beam-1,1,1,8,beam,true,true,true,false,0,true,1.742316,1.742316,11,11,0,0,6,3,14,8,,
seeded-000,seeded,unconstrained,,beam-4,1,4,8,beam,true,true,true,false,0,true,1.742316,1.742316,11,11,0,0,14,4,14,8,,
seeded-000,seeded,unconstrained,,beam-16,1,16,8,beam,true,true,true,false,0,true,1.742316,1.742316,11,11,0,0,14,0,14,8,,
seeded-000,seeded,unconstrained,,beam-64,1,64,8,beam,true,true,true,false,0,true,1.742316,1.742316,11,11,0,0,14,0,14,8,,
seeded-000,seeded,unconstrained,,beam-256,1,256,8,beam,true,true,true,false,0,true,1.742316,1.742316,11,11,0,0,14,0,14,8,,
seeded-000,seeded,tight,11,auto-exact-4096,4096,256,8,exact,true,true,true,false,0,true,1.742316,1.742316,11,11,0,0,7,0,14,8,,
seeded-000,seeded,tight,11,beam-1,1,1,8,beam,true,true,true,false,0.048606999999999845,false,1.742316,1.6937090000000001,11,9,0,1,5,2,14,8,,
seeded-000,seeded,tight,11,beam-4,1,4,8,beam,true,true,true,false,0,true,1.742316,1.742316,11,11,0,0,7,0,14,8,,
seeded-000,seeded,tight,11,beam-16,1,16,8,beam,true,true,true,false,0,true,1.742316,1.742316,11,11,0,0,7,0,14,8,,
seeded-000,seeded,tight,11,beam-64,1,64,8,beam,true,true,true,false,0,true,1.742316,1.742316,11,11,0,0,7,0,14,8,,
seeded-000,seeded,tight,11,beam-256,1,256,8,beam,true,true,true,false,0,true,1.742316,1.742316,11,11,0,0,7,0,14,8,,
seeded-000,seeded,infeasible,8.5,auto-exact-4096,4096,256,8,,false,false,true,false,,,,,,,,,,,14,8,,
seeded-000,seeded,infeasible,8.5,beam-1,1,1,8,,false,false,true,false,,,,,,,,,,,14,8,,
seeded-000,seeded,infeasible,8.5,beam-4,1,4,8,,false,false,true,false,,,,,,,,,,,14,8,,
seeded-000,seeded,infeasible,8.5,beam-16,1,16,8,,false,false,true,false,,,,,,,,,,,14,8,,
seeded-000,seeded,infeasible,8.5,beam-64,1,64,8,,false,false,true,false,,,,,,,,,,,14,8,,
seeded-000,seeded,infeasible,8.5,beam-256,1,256,8,,false,false,true,false,,,,,,,,,,,14,8,,
seeded-001,seeded,unconstrained,,auto-exact-4096,4096,256,81,exact,true,true,true,false,0,true,2.674311,2.6743110000000003,30,30,3,3,120,0,120,81,,
seeded-001,seeded,unconstrained,,beam-1,1,1,81,beam,true,true,true,false,0,true,2.674311,2.6743110000000003,30,30,3,3,12,8,120,81,,
seeded-001,seeded,unconstrained,,beam-4,1,4,81,beam,true,true,true,false,0,true,2.674311,2.6743110000000003,30,30,3,3,36,21,120,81,,
seeded-001,seeded,unconstrained,,beam-16,1,16,81,beam,true,true,true,false,0,true,2.674311,2.6743110000000003,30,30,3,3,87,43,120,81,,
seeded-001,seeded,unconstrained,,beam-64,1,64,81,beam,true,true,true,false,0,true,2.674311,2.6743110000000003,30,30,3,3,120,17,120,81,,
seeded-001,seeded,unconstrained,,beam-256,1,256,81,beam,true,true,true,false,0,true,2.674311,2.6743110000000003,30,30,3,3,120,0,120,81,,
seeded-001,seeded,tight,11,auto-exact-4096,4096,256,81,exact,true,true,true,false,0,true,2.187544,2.187544,11,11,4,4,23,0,120,81,,
seeded-001,seeded,tight,11,beam-1,1,1,81,beam,true,true,true,false,0.1098479999999995,false,2.187544,2.0776960000000004,11,7,4,4,9,5,120,81,,
seeded-001,seeded,tight,11,beam-4,1,4,81,beam,true,true,true,false,0,true,2.187544,2.187544,11,11,4,4,18,4,120,81,,
seeded-001,seeded,tight,11,beam-16,1,16,81,beam,true,true,true,false,0,true,2.187544,2.187544,11,11,4,4,23,0,120,81,,
seeded-001,seeded,tight,11,beam-64,1,64,81,beam,true,true,true,false,0,true,2.187544,2.187544,11,11,4,4,23,0,120,81,,
seeded-001,seeded,tight,11,beam-256,1,256,81,beam,true,true,true,false,0,true,2.187544,2.187544,11,11,4,4,23,0,120,81,,
seeded-001,seeded,infeasible,4.5,auto-exact-4096,4096,256,81,,false,false,true,false,,,,,,,,,,,120,81,,
seeded-001,seeded,infeasible,4.5,beam-1,1,1,81,,false,false,true,false,,,,,,,,,,,120,81,,
seeded-001,seeded,infeasible,4.5,beam-4,1,4,81,,false,false,true,false,,,,,,,,,,,120,81,,
seeded-001,seeded,infeasible,4.5,beam-16,1,16,81,,false,false,true,false,,,,,,,,,,,120,81,,
seeded-001,seeded,infeasible,4.5,beam-64,1,64,81,,false,false,true,false,,,,,,,,,,,120,81,,
seeded-001,seeded,infeasible,4.5,beam-256,1,256,81,,false,false,true,false,,,,,,,,,,,120,81,,
seeded-002,seeded,unconstrained,,auto-exact-4096,4096,256,1024,exact,true,true,true,false,0,true,3.1592029999999998,3.1592029999999998,26,26,0,0,1364,0,1364,1024,,
seeded-002,seeded,unconstrained,,beam-1,1,1,1024,beam,true,true,true,false,0,true,3.1592029999999998,3.1592029999999998,26,26,0,0,20,15,1364,1024,,
seeded-002,seeded,unconstrained,,beam-4,1,4,1024,beam,true,true,true,false,0,true,3.1592029999999998,3.1592029999999998,26,26,0,0,68,48,1364,1024,,
seeded-002,seeded,unconstrained,,beam-16,1,16,1024,beam,true,true,true,false,0,true,3.1592029999999998,3.1592029999999998,26,26,0,0,212,144,1364,1024,,
seeded-002,seeded,unconstrained,,beam-64,1,64,1024,beam,true,true,true,false,0,true,3.1592029999999998,3.1592029999999998,26,26,0,0,596,384,1364,1024,,
seeded-002,seeded,unconstrained,,beam-256,1,256,1024,beam,true,true,true,false,0,true,3.1592029999999998,3.1592029999999998,26,26,0,0,1364,768,1364,1024,,
seeded-002,seeded,tight,17,auto-exact-4096,4096,256,1024,exact,true,true,true,false,0,true,3.067917,3.067917,16,16,4,4,242,0,1364,1024,,
seeded-002,seeded,tight,17,beam-1,1,1,1024,beam,true,true,true,false,0.05706599999999984,false,3.067917,3.010851,16,12,4,6,18,13,1364,1024,,
seeded-002,seeded,tight,17,beam-4,1,4,1024,beam,true,true,true,false,0,true,3.067917,3.067917,16,16,4,4,44,24,1364,1024,,
seeded-002,seeded,tight,17,beam-16,1,16,1024,beam,true,true,true,false,0,true,3.067917,3.067917,16,16,4,4,117,57,1364,1024,,
seeded-002,seeded,tight,17,beam-64,1,64,1024,beam,true,true,true,false,0,true,3.067917,3.067917,16,16,4,4,242,85,1364,1024,,
seeded-002,seeded,tight,17,beam-256,1,256,1024,beam,true,true,true,false,0,true,3.067917,3.067917,16,16,4,4,242,0,1364,1024,,
seeded-002,seeded,infeasible,10.5,auto-exact-4096,4096,256,1024,,false,false,true,false,,,,,,,,,,,1364,1024,,
seeded-002,seeded,infeasible,10.5,beam-1,1,1,1024,,false,false,true,false,,,,,,,,,,,1364,1024,,
seeded-002,seeded,infeasible,10.5,beam-4,1,4,1024,,false,false,true,false,,,,,,,,,,,1364,1024,,
seeded-002,seeded,infeasible,10.5,beam-16,1,16,1024,,false,false,true,false,,,,,,,,,,,1364,1024,,
seeded-002,seeded,infeasible,10.5,beam-64,1,64,1024,,false,false,true,false,,,,,,,,,,,1364,1024,,
seeded-002,seeded,infeasible,10.5,beam-256,1,256,1024,,false,false,true,false,,,,,,,,,,,1364,1024,,
seeded-003,seeded,unconstrained,,auto-exact-4096,4096,256,64,exact,true,true,true,false,0,true,3.618875,3.618875,23,23,3,3,126,0,126,64,,
seeded-003,seeded,unconstrained,,beam-1,1,1,64,beam,true,true,true,false,0,true,3.618875,3.618875,23,23,3,3,12,6,126,64,,
seeded-003,seeded,unconstrained,,beam-4,1,4,64,beam,true,true,true,false,0,true,3.618875,3.618875,23,23,3,3,38,16,126,64,,
seeded-003,seeded,unconstrained,,beam-16,1,16,64,beam,true,true,true,false,0,true,3.618875,3.618875,23,23,3,3,94,32,126,64,,
seeded-003,seeded,unconstrained,,beam-64,1,64,64,beam,true,true,true,false,0,true,3.618875,3.618875,23,23,3,3,126,0,126,64,,
seeded-003,seeded,unconstrained,,beam-256,1,256,64,beam,true,true,true,false,0,true,3.618875,3.618875,23,23,3,3,126,0,126,64,,
seeded-003,seeded,tight,25,auto-exact-4096,4096,256,64,exact,true,true,true,false,0,true,3.618875,3.618875,23,23,3,3,31,0,126,64,,
seeded-003,seeded,tight,25,beam-1,1,1,64,beam,true,true,true,false,0.10825399999999963,false,3.618875,3.5106210000000004,23,20,3,3,11,5,126,64,,
seeded-003,seeded,tight,25,beam-4,1,4,64,beam,true,true,true,false,0,true,3.618875,3.618875,23,23,3,3,24,5,126,64,,
seeded-003,seeded,tight,25,beam-16,1,16,64,beam,true,true,true,false,0,true,3.618875,3.618875,23,23,3,3,31,0,126,64,,
seeded-003,seeded,tight,25,beam-64,1,64,64,beam,true,true,true,false,0,true,3.618875,3.618875,23,23,3,3,31,0,126,64,,
seeded-003,seeded,tight,25,beam-256,1,256,64,beam,true,true,true,false,0,true,3.618875,3.618875,23,23,3,3,31,0,126,64,,
seeded-003,seeded,infeasible,19.5,auto-exact-4096,4096,256,64,,false,false,true,false,,,,,,,,,,,126,64,,
seeded-003,seeded,infeasible,19.5,beam-1,1,1,64,,false,false,true,false,,,,,,,,,,,126,64,,
seeded-003,seeded,infeasible,19.5,beam-4,1,4,64,,false,false,true,false,,,,,,,,,,,126,64,,
seeded-003,seeded,infeasible,19.5,beam-16,1,16,64,,false,false,true,false,,,,,,,,,,,126,64,,
seeded-003,seeded,infeasible,19.5,beam-64,1,64,64,,false,false,true,false,,,,,,,,,,,126,64,,
seeded-003,seeded,infeasible,19.5,beam-256,1,256,64,,false,false,true,false,,,,,,,,,,,126,64,,
seeded-004,seeded,unconstrained,,auto-exact-4096,4096,256,27,exact,true,true,true,false,0,true,2.008699,2.008699,23,23,2,2,39,0,39,27,,
seeded-004,seeded,unconstrained,,beam-1,1,1,27,beam,true,true,true,false,0,true,2.008699,2.008699,23,23,2,2,9,6,39,27,,
seeded-004,seeded,unconstrained,,beam-4,1,4,27,beam,true,true,true,false,0,true,2.008699,2.008699,23,23,2,2,24,13,39,27,,
seeded-004,seeded,unconstrained,,beam-16,1,16,27,beam,true,true,true,false,0,true,2.008699,2.008699,23,23,2,2,39,11,39,27,,
seeded-004,seeded,unconstrained,,beam-64,1,64,27,beam,true,true,true,false,0,true,2.008699,2.008699,23,23,2,2,39,0,39,27,,
seeded-004,seeded,unconstrained,,beam-256,1,256,27,beam,true,true,true,false,0,true,2.008699,2.008699,23,23,2,2,39,0,39,27,,
seeded-004,seeded,tight,10,auto-exact-4096,4096,256,27,exact,true,true,true,false,0,true,1.699572,1.699572,10,10,1,1,14,0,39,27,,
seeded-004,seeded,tight,10,beam-1,1,1,27,beam,true,true,true,false,0.015172999999999881,false,1.699572,1.6843990000000002,10,10,1,2,7,4,39,27,,
seeded-004,seeded,tight,10,beam-4,1,4,27,beam,true,true,true,false,0,true,1.699572,1.699572,10,10,1,1,14,4,39,27,,
seeded-004,seeded,tight,10,beam-16,1,16,27,beam,true,true,true,false,0,true,1.699572,1.699572,10,10,1,1,14,0,39,27,,
seeded-004,seeded,tight,10,beam-64,1,64,27,beam,true,true,true,false,0,true,1.699572,1.699572,10,10,1,1,14,0,39,27,,
seeded-004,seeded,tight,10,beam-256,1,256,27,beam,true,true,true,false,0,true,1.699572,1.699572,10,10,1,1,14,0,39,27,,
seeded-004,seeded,infeasible,5.5,auto-exact-4096,4096,256,27,,false,false,true,false,,,,,,,,,,,39,27,,
seeded-004,seeded,infeasible,5.5,beam-1,1,1,27,,false,false,true,false,,,,,,,,,,,39,27,,
seeded-004,seeded,infeasible,5.5,beam-4,1,4,27,,false,false,true,false,,,,,,,,,,,39,27,,
seeded-004,seeded,infeasible,5.5,beam-16,1,16,27,,false,false,true,false,,,,,,,,,,,39,27,,
seeded-004,seeded,infeasible,5.5,beam-64,1,64,27,,false,false,true,false,,,,,,,,,,,39,27,,
seeded-004,seeded,infeasible,5.5,beam-256,1,256,27,,false,false,true,false,,,,,,,,,,,39,27,,
seeded-005,seeded,unconstrained,,auto-exact-4096,4096,256,256,exact,true,true,true,false,0,true,2.4898819999999997,2.4898819999999997,27,27,0,0,340,0,340,256,,
seeded-005,seeded,unconstrained,,beam-1,1,1,256,beam,true,true,true,false,0.0095139999999998,false,2.4898819999999997,2.480368,27,26,0,2,16,12,340,256,,
seeded-005,seeded,unconstrained,,beam-4,1,4,256,beam,true,true,true,false,0.0073179999999992695,false,2.4898819999999997,2.4825640000000004,27,26,0,3,52,36,340,256,,
seeded-005,seeded,unconstrained,,beam-16,1,16,256,beam,true,true,true,false,0,true,2.4898819999999997,2.4898819999999997,27,27,0,0,148,96,340,256,,
seeded-005,seeded,unconstrained,,beam-64,1,64,256,beam,true,true,true,false,0,true,2.4898819999999997,2.4898819999999997,27,27,0,0,340,192,340,256,,
seeded-005,seeded,unconstrained,,beam-256,1,256,256,beam,true,true,true,false,0,true,2.4898819999999997,2.4898819999999997,27,27,0,0,340,0,340,256,,
seeded-005,seeded,tight,15,auto-exact-4096,4096,256,256,exact,true,true,true,false,0,true,2.441557,2.441557,10,10,2,2,32,0,340,256,,
seeded-005,seeded,tight,15,beam-1,1,1,256,beam,true,true,true,false,0.005836999999999648,false,2.441557,2.4357200000000003,10,10,2,3,10,6,340,256,,
seeded-005,seeded,tight,15,beam-4,1,4,256,beam,true,true,true,false,0,true,2.441557,2.441557,10,10,2,2,26,10,340,256,,
seeded-005,seeded,tight,15,beam-16,1,16,256,beam,true,true,true,false,0,true,2.441557,2.441557,10,10,2,2,32,2,340,256,,
seeded-005,seeded,tight,15,beam-64,1,64,256,beam,true,true,true,false,0,true,2.441557,2.441557,10,10,2,2,32,0,340,256,,
seeded-005,seeded,tight,15,beam-256,1,256,256,beam,true,true,true,false,0,true,2.441557,2.441557,10,10,2,2,32,0,340,256,,
seeded-005,seeded,infeasible,8.5,auto-exact-4096,4096,256,256,,false,false,true,false,,,,,,,,,,,340,256,,
seeded-005,seeded,infeasible,8.5,beam-1,1,1,256,,false,false,true,false,,,,,,,,,,,340,256,,
seeded-005,seeded,infeasible,8.5,beam-4,1,4,256,,false,false,true,false,,,,,,,,,,,340,256,,
seeded-005,seeded,infeasible,8.5,beam-16,1,16,256,,false,false,true,false,,,,,,,,,,,340,256,,
seeded-005,seeded,infeasible,8.5,beam-64,1,64,256,,false,false,true,false,,,,,,,,,,,340,256,,
seeded-005,seeded,infeasible,8.5,beam-256,1,256,256,,false,false,true,false,,,,,,,,,,,340,256,,
seeded-006,seeded,unconstrained,,auto-exact-4096,4096,256,32,exact,true,true,true,false,0,true,2.8169630000000003,2.8169630000000003,22,22,0,0,62,0,62,32,,
seeded-006,seeded,unconstrained,,beam-1,1,1,32,beam,true,true,true,false,0.04276100000000049,false,2.8169630000000003,2.774202,22,25,0,4,10,5,62,32,,
seeded-006,seeded,unconstrained,,beam-4,1,4,32,beam,true,true,true,false,0,true,2.8169630000000003,2.8169630000000003,22,22,0,0,30,12,62,32,,
seeded-006,seeded,unconstrained,,beam-16,1,16,32,beam,true,true,true,false,0,true,2.8169630000000003,2.8169630000000003,22,22,0,0,62,16,62,32,,
seeded-006,seeded,unconstrained,,beam-64,1,64,32,beam,true,true,true,false,0,true,2.8169630000000003,2.8169630000000003,22,22,0,0,62,0,62,32,,
seeded-006,seeded,unconstrained,,beam-256,1,256,32,beam,true,true,true,false,0,true,2.8169630000000003,2.8169630000000003,22,22,0,0,62,0,62,32,,
seeded-006,seeded,tight,21,auto-exact-4096,4096,256,32,exact,true,true,true,false,0,true,2.7857410000000002,2.7857410000000002,21,21,4,4,17,0,62,32,,
seeded-006,seeded,tight,21,beam-1,1,1,32,beam,true,true,true,false,0.042607000000000284,false,2.7857410000000002,2.743134,21,20,4,4,9,4,62,32,,
seeded-006,seeded,tight,21,beam-4,1,4,32,beam,true,true,true,false,0,true,2.7857410000000002,2.7857410000000002,21,21,4,4,17,2,62,32,,
seeded-006,seeded,tight,21,beam-16,1,16,32,beam,true,true,true,false,0,true,2.7857410000000002,2.7857410000000002,21,21,4,4,17,0,62,32,,
seeded-006,seeded,tight,21,beam-64,1,64,32,beam,true,true,true,false,0,true,2.7857410000000002,2.7857410000000002,21,21,4,4,17,0,62,32,,
seeded-006,seeded,tight,21,beam-256,1,256,32,beam,true,true,true,false,0,true,2.7857410000000002,2.7857410000000002,21,21,4,4,17,0,62,32,,
seeded-006,seeded,infeasible,18.5,auto-exact-4096,4096,256,32,,false,false,true,false,,,,,,,,,,,62,32,,
seeded-006,seeded,infeasible,18.5,beam-1,1,1,32,,false,false,true,false,,,,,,,,,,,62,32,,
seeded-006,seeded,infeasible,18.5,beam-4,1,4,32,,false,false,true,false,,,,,,,,,,,62,32,,
seeded-006,seeded,infeasible,18.5,beam-16,1,16,32,,false,false,true,false,,,,,,,,,,,62,32,,
seeded-006,seeded,infeasible,18.5,beam-64,1,64,32,,false,false,true,false,,,,,,,,,,,62,32,,
seeded-006,seeded,infeasible,18.5,beam-256,1,256,32,,false,false,true,false,,,,,,,,,,,62,32,,
seeded-007,seeded,unconstrained,,auto-exact-4096,4096,256,729,exact,true,true,true,false,0,true,4.008681,4.008681,43,43,1,1,1092,0,1092,729,,
seeded-007,seeded,unconstrained,,beam-1,1,1,729,beam,true,true,true,false,0.02041399999999971,false,4.008681,3.9882670000000005,43,44,1,4,18,12,1092,729,,
seeded-007,seeded,unconstrained,,beam-4,1,4,729,beam,true,true,true,false,0.013276000000000732,false,4.008681,3.9954049999999994,43,44,1,3,60,37,1092,729,,
seeded-007,seeded,unconstrained,,beam-16,1,16,729,beam,true,true,true,false,0,true,4.008681,4.008681,43,43,1,1,183,107,1092,729,,
seeded-007,seeded,unconstrained,,beam-64,1,64,729,beam,true,true,true,false,0,true,4.008681,4.008681,43,43,1,1,504,273,1092,729,,
seeded-007,seeded,unconstrained,,beam-256,1,256,729,beam,true,true,true,false,0,true,4.008681,4.008681,43,43,1,1,1092,473,1092,729,,
seeded-007,seeded,tight,21,auto-exact-4096,4096,256,729,exact,true,true,true,false,0,true,3.4488099999999995,3.44881,21,21,1,1,126,0,1092,729,,
seeded-007,seeded,tight,21,beam-1,1,1,729,beam,true,true,true,false,0.04106599999999938,false,3.4488099999999995,3.407744,21,19,1,1,18,12,1092,729,,
seeded-007,seeded,tight,21,beam-4,1,4,729,beam,true,true,true,false,0.024677999999999756,false,3.4488099999999995,3.4241319999999997,21,21,1,4,38,15,1092,729,,
seeded-007,seeded,tight,21,beam-16,1,16,729,beam,true,true,true,false,0.024677999999999756,false,3.4488099999999995,3.4241319999999997,21,21,1,4,88,15,1092,729,,
seeded-007,seeded,tight,21,beam-64,1,64,729,beam,true,true,true,false,0,true,3.4488099999999995,3.44881,21,21,1,1,126,0,1092,729,,
seeded-007,seeded,tight,21,beam-256,1,256,729,beam,true,true,true,false,0,true,3.4488099999999995,3.44881,21,21,1,1,126,0,1092,729,,
seeded-007,seeded,infeasible,13.5,auto-exact-4096,4096,256,729,,false,false,true,false,,,,,,,,,,,1092,729,,
seeded-007,seeded,infeasible,13.5,beam-1,1,1,729,,false,false,true,false,,,,,,,,,,,1092,729,,
seeded-007,seeded,infeasible,13.5,beam-4,1,4,729,,false,false,true,false,,,,,,,,,,,1092,729,,
seeded-007,seeded,infeasible,13.5,beam-16,1,16,729,,false,false,true,false,,,,,,,,,,,1092,729,,
seeded-007,seeded,infeasible,13.5,beam-64,1,64,729,,false,false,true,false,,,,,,,,,,,1092,729,,
seeded-007,seeded,infeasible,13.5,beam-256,1,256,729,,false,false,true,false,,,,,,,,,,,1092,729,,
seeded-008,seeded,unconstrained,,auto-exact-4096,4096,256,64,exact,true,true,true,false,0,true,1.879656,1.879656,20,20,1,1,84,0,84,64,,
seeded-008,seeded,unconstrained,,beam-1,1,1,64,beam,true,true,true,false,0,true,1.879656,1.879656,20,20,1,1,12,9,84,64,,
seeded-008,seeded,unconstrained,,beam-4,1,4,64,beam,true,true,true,false,0,true,1.879656,1.879656,20,20,1,1,36,24,84,64,,
seeded-008,seeded,unconstrained,,beam-16,1,16,64,beam,true,true,true,false,0,true,1.879656,1.879656,20,20,1,1,84,48,84,64,,
seeded-008,seeded,unconstrained,,beam-64,1,64,64,beam,true,true,true,false,0,true,1.879656,1.879656,20,20,1,1,84,0,84,64,,
seeded-008,seeded,unconstrained,,beam-256,1,256,64,beam,true,true,true,false,0,true,1.879656,1.879656,20,20,1,1,84,0,84,64,,
seeded-008,seeded,tight,10,auto-exact-4096,4096,256,64,exact,true,true,true,false,0,true,1.8554220000000001,1.8554220000000001,6,6,2,2,12,0,84,64,,
seeded-008,seeded,tight,10,beam-1,1,1,64,beam,true,true,true,false,0.012496999999999758,false,1.8554220000000001,1.8429250000000004,6,5,2,2,6,3,84,64,,
seeded-008,seeded,tight,10,beam-4,1,4,64,beam,true,true,true,false,0,true,1.8554220000000001,1.8554220000000001,6,6,2,2,12,2,84,64,,
seeded-008,seeded,tight,10,beam-16,1,16,64,beam,true,true,true,false,0,true,1.8554220000000001,1.8554220000000001,6,6,2,2,12,0,84,64,,
seeded-008,seeded,tight,10,beam-64,1,64,64,beam,true,true,true,false,0,true,1.8554220000000001,1.8554220000000001,6,6,2,2,12,0,84,64,,
seeded-008,seeded,tight,10,beam-256,1,256,64,beam,true,true,true,false,0,true,1.8554220000000001,1.8554220000000001,6,6,2,2,12,0,84,64,,
seeded-008,seeded,infeasible,4.5,auto-exact-4096,4096,256,64,,false,false,true,false,,,,,,,,,,,84,64,,
seeded-008,seeded,infeasible,4.5,beam-1,1,1,64,,false,false,true,false,,,,,,,,,,,84,64,,
seeded-008,seeded,infeasible,4.5,beam-4,1,4,64,,false,false,true,false,,,,,,,,,,,84,64,,
seeded-008,seeded,infeasible,4.5,beam-16,1,16,64,,false,false,true,false,,,,,,,,,,,84,64,,
seeded-008,seeded,infeasible,4.5,beam-64,1,64,64,,false,false,true,false,,,,,,,,,,,84,64,,
seeded-008,seeded,infeasible,4.5,beam-256,1,256,64,,false,false,true,false,,,,,,,,,,,84,64,,
seeded-009,seeded,unconstrained,,auto-exact-4096,4096,256,16,exact,true,true,true,false,0,true,2.26302,2.2630200000000005,22,22,3,3,30,0,30,16,,
seeded-009,seeded,unconstrained,,beam-1,1,1,16,beam,true,true,true,false,0,true,2.26302,2.2630200000000005,22,22,3,3,8,4,30,16,,
seeded-009,seeded,unconstrained,,beam-4,1,4,16,beam,true,true,true,false,0,true,2.26302,2.2630200000000005,22,22,3,3,22,8,30,16,,
seeded-009,seeded,unconstrained,,beam-16,1,16,16,beam,true,true,true,false,0,true,2.26302,2.2630200000000005,22,22,3,3,30,0,30,16,,
seeded-009,seeded,unconstrained,,beam-64,1,64,16,beam,true,true,true,false,0,true,2.26302,2.2630200000000005,22,22,3,3,30,0,30,16,,
seeded-009,seeded,unconstrained,,beam-256,1,256,16,beam,true,true,true,false,0,true,2.26302,2.2630200000000005,22,22,3,3,30,0,30,16,,
seeded-009,seeded,tight,19,auto-exact-4096,4096,256,16,exact,true,true,true,false,0,true,2.226788,2.226788,17,17,0,0,9,0,30,16,,
seeded-009,seeded,tight,19,beam-1,1,1,16,beam,true,true,true,false,0,true,2.226788,2.226788,17,17,0,0,6,2,30,16,,
seeded-009,seeded,tight,19,beam-4,1,4,16,beam,true,true,true,false,0,true,2.226788,2.226788,17,17,0,0,9,0,30,16,,
seeded-009,seeded,tight,19,beam-16,1,16,16,beam,true,true,true,false,0,true,2.226788,2.226788,17,17,0,0,9,0,30,16,,
seeded-009,seeded,tight,19,beam-64,1,64,16,beam,true,true,true,false,0,true,2.226788,2.226788,17,17,0,0,9,0,30,16,,
seeded-009,seeded,tight,19,beam-256,1,256,16,beam,true,true,true,false,0,true,2.226788,2.226788,17,17,0,0,9,0,30,16,,
seeded-009,seeded,infeasible,16.5,auto-exact-4096,4096,256,16,,false,false,true,false,,,,,,,,,,,30,16,,
seeded-009,seeded,infeasible,16.5,beam-1,1,1,16,,false,false,true,false,,,,,,,,,,,30,16,,
seeded-009,seeded,infeasible,16.5,beam-4,1,4,16,,false,false,true,false,,,,,,,,,,,30,16,,
seeded-009,seeded,infeasible,16.5,beam-16,1,16,16,,false,false,true,false,,,,,,,,,,,30,16,,
seeded-009,seeded,infeasible,16.5,beam-64,1,64,16,,false,false,true,false,,,,,,,,,,,30,16,,
seeded-009,seeded,infeasible,16.5,beam-256,1,256,16,,false,false,true,false,,,,,,,,,,,30,16,,
seeded-010,seeded,unconstrained,,auto-exact-4096,4096,256,243,exact,true,true,true,false,0,true,3.4505470000000003,3.4505470000000003,43,43,6,6,363,0,363,243,,
seeded-010,seeded,unconstrained,,beam-1,1,1,243,beam,true,true,true,false,0,true,3.4505470000000003,3.4505470000000003,43,43,6,6,15,10,363,243,,
seeded-010,seeded,unconstrained,,beam-4,1,4,243,beam,true,true,true,false,0,true,3.4505470000000003,3.4505470000000003,43,43,6,6,48,29,363,243,,
seeded-010,seeded,unconstrained,,beam-16,1,16,243,beam,true,true,true,false,0,true,3.4505470000000003,3.4505470000000003,43,43,6,6,135,75,363,243,,
seeded-010,seeded,unconstrained,,beam-64,1,64,243,beam,true,true,true,false,0,true,3.4505470000000003,3.4505470000000003,43,43,6,6,312,145,363,243,,
seeded-010,seeded,unconstrained,,beam-256,1,256,243,beam,true,true,true,false,0,true,3.4505470000000003,3.4505470000000003,43,43,6,6,363,0,363,243,,
seeded-010,seeded,tight,21,auto-exact-4096,4096,256,243,exact,true,true,true,false,0,true,2.917679,2.917679,20,20,4,4,56,0,363,243,,
seeded-010,seeded,tight,21,beam-1,1,1,243,beam,true,true,true,false,0.026333000000000162,false,2.917679,2.891346,20,19,4,4,14,9,363,243,,
seeded-010,seeded,tight,21,beam-4,1,4,243,beam,true,true,true,false,0.006876000000000104,false,2.917679,2.910803,20,21,4,6,27,9,363,243,,
seeded-010,seeded,tight,21,beam-16,1,16,243,beam,true,true,true,false,0,true,2.917679,2.917679,20,20,4,4,56,9,363,243,,
seeded-010,seeded,tight,21,beam-64,1,64,243,beam,true,true,true,false,0,true,2.917679,2.917679,20,20,4,4,56,0,363,243,,
seeded-010,seeded,tight,21,beam-256,1,256,243,beam,true,true,true,false,0,true,2.917679,2.917679,20,20,4,4,56,0,363,243,,
seeded-010,seeded,infeasible,13.5,auto-exact-4096,4096,256,243,,false,false,true,false,,,,,,,,,,,363,243,,
seeded-010,seeded,infeasible,13.5,beam-1,1,1,243,,false,false,true,false,,,,,,,,,,,363,243,,
seeded-010,seeded,infeasible,13.5,beam-4,1,4,243,,false,false,true,false,,,,,,,,,,,363,243,,
seeded-010,seeded,infeasible,13.5,beam-16,1,16,243,,false,false,true,false,,,,,,,,,,,363,243,,
seeded-010,seeded,infeasible,13.5,beam-64,1,64,243,,false,false,true,false,,,,,,,,,,,363,243,,
seeded-010,seeded,infeasible,13.5,beam-256,1,256,243,,false,false,true,false,,,,,,,,,,,363,243,,
seeded-011,seeded,unconstrained,,auto-exact-4096,4096,256,4096,exact,true,true,true,false,0,true,3.781298,3.781298,27,27,0,0,5460,0,5460,4096,,
seeded-011,seeded,unconstrained,,beam-1,1,1,4096,beam,true,true,true,false,0.022597999999999896,false,3.781298,3.7587,27,32,0,3,24,18,5460,4096,,
seeded-011,seeded,unconstrained,,beam-4,1,4,4096,beam,true,true,true,false,0.022597999999999896,false,3.781298,3.7587,27,32,0,3,84,60,5460,4096,,
seeded-011,seeded,unconstrained,,beam-16,1,16,4096,beam,true,true,true,false,0,true,3.781298,3.781298,27,27,0,0,276,192,5460,4096,,
seeded-011,seeded,unconstrained,,beam-64,1,64,4096,beam,true,true,true,false,0,true,3.781298,3.781298,27,27,0,0,852,576,5460,4096,,
seeded-011,seeded,unconstrained,,beam-256,1,256,4096,beam,true,true,true,false,0,true,3.781298,3.781298,27,27,0,0,2388,1536,5460,4096,,
seeded-011,seeded,tight,18,auto-exact-4096,4096,256,4096,exact,true,true,true,false,0,true,3.71664,3.71664,17,17,4,4,338,0,5460,4096,,
seeded-011,seeded,tight,18,beam-1,1,1,4096,beam,true,true,true,false,0.03871399999999925,false,3.71664,3.6779260000000007,17,12,4,6,24,18,5460,4096,,
seeded-011,seeded,tight,18,beam-4,1,4,4096,beam,true,true,true,false,0.008944999999999315,false,3.71664,3.7076950000000006,17,17,4,3,55,31,5460,4096,,
seeded-011,seeded,tight,18,beam-16,1,16,4096,beam,true,true,true,false,0,true,3.71664,3.71664,17,17,4,4,140,59,5460,4096,,
seeded-011,seeded,tight,18,beam-64,1,64,4096,beam,true,true,true,false,0,true,3.71664,3.71664,17,17,4,4,280,81,5460,4096,,
seeded-011,seeded,tight,18,beam-256,1,256,4096,beam,true,true,true,false,0,true,3.71664,3.71664,17,17,4,4,338,0,5460,4096,,
seeded-011,seeded,infeasible,9.5,auto-exact-4096,4096,256,4096,,false,false,true,false,,,,,,,,,,,5460,4096,,
seeded-011,seeded,infeasible,9.5,beam-1,1,1,4096,,false,false,true,false,,,,,,,,,,,5460,4096,,
seeded-011,seeded,infeasible,9.5,beam-4,1,4,4096,,false,false,true,false,,,,,,,,,,,5460,4096,,
seeded-011,seeded,infeasible,9.5,beam-16,1,16,4096,,false,false,true,false,,,,,,,,,,,5460,4096,,
seeded-011,seeded,infeasible,9.5,beam-64,1,64,4096,,false,false,true,false,,,,,,,,,,,5460,4096,,
seeded-011,seeded,infeasible,9.5,beam-256,1,256,4096,,false,false,true,false,,,,,,,,,,,5460,4096,,
seeded-012,seeded,unconstrained,,auto-exact-4096,4096,256,8,exact,true,true,true,false,0,true,1.868243,1.868243,17,17,0,0,14,0,14,8,,
seeded-012,seeded,unconstrained,,beam-1,1,1,8,beam,true,true,true,false,0,true,1.868243,1.868243,17,17,0,0,6,3,14,8,,
seeded-012,seeded,unconstrained,,beam-4,1,4,8,beam,true,true,true,false,0,true,1.868243,1.868243,17,17,0,0,14,4,14,8,,
seeded-012,seeded,unconstrained,,beam-16,1,16,8,beam,true,true,true,false,0,true,1.868243,1.868243,17,17,0,0,14,0,14,8,,
seeded-012,seeded,unconstrained,,beam-64,1,64,8,beam,true,true,true,false,0,true,1.868243,1.868243,17,17,0,0,14,0,14,8,,
seeded-012,seeded,unconstrained,,beam-256,1,256,8,beam,true,true,true,false,0,true,1.868243,1.868243,17,17,0,0,14,0,14,8,,
seeded-012,seeded,tight,10,auto-exact-4096,4096,256,8,exact,true,true,true,false,0,true,1.5983589999999999,1.5983589999999999,8,8,0,0,5,0,14,8,,
seeded-012,seeded,tight,10,beam-1,1,1,8,beam,true,true,true,false,0,true,1.5983589999999999,1.5983589999999999,8,8,0,0,4,1,14,8,,
seeded-012,seeded,tight,10,beam-4,1,4,8,beam,true,true,true,false,0,true,1.5983589999999999,1.5983589999999999,8,8,0,0,5,0,14,8,,
seeded-012,seeded,tight,10,beam-16,1,16,8,beam,true,true,true,false,0,true,1.5983589999999999,1.5983589999999999,8,8,0,0,5,0,14,8,,
seeded-012,seeded,tight,10,beam-64,1,64,8,beam,true,true,true,false,0,true,1.5983589999999999,1.5983589999999999,8,8,0,0,5,0,14,8,,
seeded-012,seeded,tight,10,beam-256,1,256,8,beam,true,true,true,false,0,true,1.5983589999999999,1.5983589999999999,8,8,0,0,5,0,14,8,,
seeded-012,seeded,infeasible,7.5,auto-exact-4096,4096,256,8,,false,false,true,false,,,,,,,,,,,14,8,,
seeded-012,seeded,infeasible,7.5,beam-1,1,1,8,,false,false,true,false,,,,,,,,,,,14,8,,
seeded-012,seeded,infeasible,7.5,beam-4,1,4,8,,false,false,true,false,,,,,,,,,,,14,8,,
seeded-012,seeded,infeasible,7.5,beam-16,1,16,8,,false,false,true,false,,,,,,,,,,,14,8,,
seeded-012,seeded,infeasible,7.5,beam-64,1,64,8,,false,false,true,false,,,,,,,,,,,14,8,,
seeded-012,seeded,infeasible,7.5,beam-256,1,256,8,,false,false,true,false,,,,,,,,,,,14,8,,
seeded-013,seeded,unconstrained,,auto-exact-4096,4096,256,81,exact,true,true,true,false,0,true,2.500523,2.5005230000000003,24,24,4,4,120,0,120,81,,
seeded-013,seeded,unconstrained,,beam-1,1,1,81,beam,true,true,true,false,0,true,2.500523,2.5005230000000003,24,24,4,4,12,8,120,81,,
seeded-013,seeded,unconstrained,,beam-4,1,4,81,beam,true,true,true,false,0,true,2.500523,2.5005230000000003,24,24,4,4,36,21,120,81,,
seeded-013,seeded,unconstrained,,beam-16,1,16,81,beam,true,true,true,false,0,true,2.500523,2.5005230000000003,24,24,4,4,87,43,120,81,,
seeded-013,seeded,unconstrained,,beam-64,1,64,81,beam,true,true,true,false,0,true,2.500523,2.5005230000000003,24,24,4,4,120,17,120,81,,
seeded-013,seeded,unconstrained,,beam-256,1,256,81,beam,true,true,true,false,0,true,2.500523,2.5005230000000003,24,24,4,4,120,0,120,81,,
seeded-013,seeded,tight,16,auto-exact-4096,4096,256,81,exact,true,true,true,false,0,true,2.3345650000000004,2.334565,16,16,2,2,35,0,120,81,,
seeded-013,seeded,tight,16,beam-1,1,1,81,beam,true,true,true,false,0.06136799999999987,false,2.3345650000000004,2.2731970000000006,16,15,2,4,9,5,120,81,,
seeded-013,seeded,tight,16,beam-4,1,4,81,beam,true,true,true,false,0.03322300000000045,false,2.3345650000000004,2.301342,16,16,2,3,22,8,120,81,,
seeded-013,seeded,tight,16,beam-16,1,16,81,beam,true,true,true,false,0,true,2.3345650000000004,2.334565,16,16,2,2,35,2,120,81,,
seeded-013,seeded,tight,16,beam-64,1,64,81,beam,true,true,true,false,0,true,2.3345650000000004,2.334565,16,16,2,2,35,0,120,81,,
seeded-013,seeded,tight,16,beam-256,1,256,81,beam,true,true,true,false,0,true,2.3345650000000004,2.334565,16,16,2,2,35,0,120,81,,
seeded-013,seeded,infeasible,13.5,auto-exact-4096,4096,256,81,,false,false,true,false,,,,,,,,,,,120,81,,
seeded-013,seeded,infeasible,13.5,beam-1,1,1,81,,false,false,true,false,,,,,,,,,,,120,81,,
seeded-013,seeded,infeasible,13.5,beam-4,1,4,81,,false,false,true,false,,,,,,,,,,,120,81,,
seeded-013,seeded,infeasible,13.5,beam-16,1,16,81,,false,false,true,false,,,,,,,,,,,120,81,,
seeded-013,seeded,infeasible,13.5,beam-64,1,64,81,,false,false,true,false,,,,,,,,,,,120,81,,
seeded-013,seeded,infeasible,13.5,beam-256,1,256,81,,false,false,true,false,,,,,,,,,,,120,81,,
seeded-014,seeded,unconstrained,,auto-exact-4096,4096,256,1024,exact,true,true,true,false,0,true,3.1200089999999996,3.1200089999999996,29,29,0,0,1364,0,1364,1024,,
seeded-014,seeded,unconstrained,,beam-1,1,1,1024,beam,true,true,true,false,0.08351199999999936,false,3.1200089999999996,3.0364970000000002,29,20,0,6,20,15,1364,1024,,
seeded-014,seeded,unconstrained,,beam-4,1,4,1024,beam,true,true,true,false,0.041148999999999436,false,3.1200089999999996,3.07886,29,23,0,4,68,48,1364,1024,,
seeded-014,seeded,unconstrained,,beam-16,1,16,1024,beam,true,true,true,false,0,true,3.1200089999999996,3.1200089999999996,29,29,0,0,212,144,1364,1024,,
seeded-014,seeded,unconstrained,,beam-64,1,64,1024,beam,true,true,true,false,0,true,3.1200089999999996,3.1200089999999996,29,29,0,0,596,384,1364,1024,,
seeded-014,seeded,unconstrained,,beam-256,1,256,1024,beam,true,true,true,false,0,true,3.1200089999999996,3.1200089999999996,29,29,0,0,1364,768,1364,1024,,
seeded-014,seeded,tight,13,auto-exact-4096,4096,256,1024,exact,true,true,true,false,0,true,3.041337,3.041337,11,11,4,4,189,0,1364,1024,,
seeded-014,seeded,tight,13,beam-1,1,1,1024,beam,true,true,true,false,0.047986000000000306,false,3.041337,2.9933509999999997,11,12,4,4,20,15,1364,1024,,
seeded-014,seeded,tight,13,beam-4,1,4,1024,beam,true,true,true,false,0,true,3.041337,3.041337,11,11,4,4,48,28,1364,1024,,
seeded-014,seeded,tight,13,beam-16,1,16,1024,beam,true,true,true,false,0,true,3.041337,3.041337,11,11,4,4,102,38,1364,1024,,
seeded-014,seeded,tight,13,beam-64,1,64,1024,beam,true,true,true,false,0,true,3.041337,3.041337,11,11,4,4,189,32,1364,1024,,
seeded-014,seeded,tight,13,beam-256,1,256,1024,beam,true,true,true,false,0,true,3.041337,3.041337,11,11,4,4,189,0,1364,1024,,
seeded-014,seeded,infeasible,5.5,auto-exact-4096,4096,256,1024,,false,false,true,false,,,,,,,,,,,1364,1024,,
seeded-014,seeded,infeasible,5.5,beam-1,1,1,1024,,false,false,true,false,,,,,,,,,,,1364,1024,,
seeded-014,seeded,infeasible,5.5,beam-4,1,4,1024,,false,false,true,false,,,,,,,,,,,1364,1024,,
seeded-014,seeded,infeasible,5.5,beam-16,1,16,1024,,false,false,true,false,,,,,,,,,,,1364,1024,,
seeded-014,seeded,infeasible,5.5,beam-64,1,64,1024,,false,false,true,false,,,,,,,,,,,1364,1024,,
seeded-014,seeded,infeasible,5.5,beam-256,1,256,1024,,false,false,true,false,,,,,,,,,,,1364,1024,,
seeded-015,seeded,unconstrained,,auto-exact-4096,4096,256,64,exact,true,true,true,false,0,true,3.608083,3.608083,20,20,3,3,126,0,126,64,,
seeded-015,seeded,unconstrained,,beam-1,1,1,64,beam,true,true,true,false,0,true,3.608083,3.608083,20,20,3,3,12,6,126,64,,
seeded-015,seeded,unconstrained,,beam-4,1,4,64,beam,true,true,true,false,0,true,3.608083,3.608083,20,20,3,3,38,16,126,64,,
seeded-015,seeded,unconstrained,,beam-16,1,16,64,beam,true,true,true,false,0,true,3.608083,3.608083,20,20,3,3,94,32,126,64,,
seeded-015,seeded,unconstrained,,beam-64,1,64,64,beam,true,true,true,false,0,true,3.608083,3.608083,20,20,3,3,126,0,126,64,,
seeded-015,seeded,unconstrained,,beam-256,1,256,64,beam,true,true,true,false,0,true,3.608083,3.608083,20,20,3,3,126,0,126,64,,
seeded-015,seeded,tight,21,auto-exact-4096,4096,256,64,exact,true,true,true,false,0,true,3.608083,3.608083,20,20,3,3,31,0,126,64,,
seeded-015,seeded,tight,21,beam-1,1,1,64,beam,true,true,true,false,0,true,3.608083,3.608083,20,20,3,3,11,5,126,64,,
seeded-015,seeded,tight,21,beam-4,1,4,64,beam,true,true,true,false,0,true,3.608083,3.608083,20,20,3,3,25,6,126,64,,
seeded-015,seeded,tight,21,beam-16,1,16,64,beam,true,true,true,false,0,true,3.608083,3.608083,20,20,3,3,31,0,126,64,,
seeded-015,seeded,tight,21,beam-64,1,64,64,beam,true,true,true,false,0,true,3.608083,3.608083,20,20,3,3,31,0,126,64,,
seeded-015,seeded,tight,21,beam-256,1,256,64,beam,true,true,true,false,0,true,3.608083,3.608083,20,20,3,3,31,0,126,64,,
seeded-015,seeded,infeasible,17.5,auto-exact-4096,4096,256,64,,false,false,true,false,,,,,,,,,,,126,64,,
seeded-015,seeded,infeasible,17.5,beam-1,1,1,64,,false,false,true,false,,,,,,,,,,,126,64,,
seeded-015,seeded,infeasible,17.5,beam-4,1,4,64,,false,false,true,false,,,,,,,,,,,126,64,,
seeded-015,seeded,infeasible,17.5,beam-16,1,16,64,,false,false,true,false,,,,,,,,,,,126,64,,
seeded-015,seeded,infeasible,17.5,beam-64,1,64,64,,false,false,true,false,,,,,,,,,,,126,64,,
seeded-015,seeded,infeasible,17.5,beam-256,1,256,64,,false,false,true,false,,,,,,,,,,,126,64,,
seeded-016,seeded,unconstrained,,auto-exact-4096,4096,256,27,exact,true,true,true,false,0,true,1.8499700000000001,1.8499700000000001,16,16,1,1,39,0,39,27,,
seeded-016,seeded,unconstrained,,beam-1,1,1,27,beam,true,true,true,false,0.005165000000000086,false,1.8499700000000001,1.844805,16,16,1,2,9,6,39,27,,
seeded-016,seeded,unconstrained,,beam-4,1,4,27,beam,true,true,true,false,0,true,1.8499700000000001,1.8499700000000001,16,16,1,1,24,13,39,27,,
seeded-016,seeded,unconstrained,,beam-16,1,16,27,beam,true,true,true,false,0,true,1.8499700000000001,1.8499700000000001,16,16,1,1,39,11,39,27,,
seeded-016,seeded,unconstrained,,beam-64,1,64,27,beam,true,true,true,false,0,true,1.8499700000000001,1.8499700000000001,16,16,1,1,39,0,39,27,,
seeded-016,seeded,unconstrained,,beam-256,1,256,27,beam,true,true,true,false,0,true,1.8499700000000001,1.8499700000000001,16,16,1,1,39,0,39,27,,
seeded-016,seeded,tight,6,auto-exact-4096,4096,256,27,exact,true,true,true,false,0,true,1.597167,1.597167,6,6,1,1,19,0,39,27,,
seeded-016,seeded,tight,6,beam-1,1,1,27,beam,true,true,true,false,0.029634999999999856,false,1.597167,1.5675320000000001,6,5,1,1,7,4,39,27,,
seeded-016,seeded,tight,6,beam-4,1,4,27,beam,true,true,true,false,0.0068309999999998094,false,1.597167,1.5903360000000002,6,6,1,2,15,4,39,27,,
seeded-016,seeded,tight,6,beam-16,1,16,27,beam,true,true,true,false,0,true,1.597167,1.597167,6,6,1,1,19,0,39,27,,
seeded-016,seeded,tight,6,beam-64,1,64,27,beam,true,true,true,false,0,true,1.597167,1.597167,6,6,1,1,19,0,39,27,,
seeded-016,seeded,tight,6,beam-256,1,256,27,beam,true,true,true,false,0,true,1.597167,1.597167,6,6,1,1,19,0,39,27,,
seeded-016,seeded,infeasible,2.5,auto-exact-4096,4096,256,27,,false,false,true,false,,,,,,,,,,,39,27,,
seeded-016,seeded,infeasible,2.5,beam-1,1,1,27,,false,false,true,false,,,,,,,,,,,39,27,,
seeded-016,seeded,infeasible,2.5,beam-4,1,4,27,,false,false,true,false,,,,,,,,,,,39,27,,
seeded-016,seeded,infeasible,2.5,beam-16,1,16,27,,false,false,true,false,,,,,,,,,,,39,27,,
seeded-016,seeded,infeasible,2.5,beam-64,1,64,27,,false,false,true,false,,,,,,,,,,,39,27,,
seeded-016,seeded,infeasible,2.5,beam-256,1,256,27,,false,false,true,false,,,,,,,,,,,39,27,,
seeded-017,seeded,unconstrained,,auto-exact-4096,4096,256,256,exact,true,true,true,false,0,true,2.498552,2.498552,18,18,0,0,340,0,340,256,,
seeded-017,seeded,unconstrained,,beam-1,1,1,256,beam,true,true,true,false,0.009182000000000023,false,2.498552,2.48937,18,21,0,2,16,12,340,256,,
seeded-017,seeded,unconstrained,,beam-4,1,4,256,beam,true,true,true,false,0,true,2.498552,2.498552,18,18,0,0,52,36,340,256,,
seeded-017,seeded,unconstrained,,beam-16,1,16,256,beam,true,true,true,false,0,true,2.498552,2.498552,18,18,0,0,148,96,340,256,,
seeded-017,seeded,unconstrained,,beam-64,1,64,256,beam,true,true,true,false,0,true,2.498552,2.498552,18,18,0,0,340,192,340,256,,
seeded-017,seeded,unconstrained,,beam-256,1,256,256,beam,true,true,true,false,0,true,2.498552,2.498552,18,18,0,0,340,0,340,256,,
seeded-017,seeded,tight,18,auto-exact-4096,4096,256,256,exact,true,true,true,false,0,true,2.498552,2.498552,18,18,0,0,91,0,340,256,,
seeded-017,seeded,tight,18,beam-1,1,1,256,beam,true,true,true,false,0.05051199999999989,false,2.498552,2.44804,18,13,0,3,14,10,340,256,,
seeded-017,seeded,tight,18,beam-4,1,4,256,beam,true,true,true,false,0,true,2.498552,2.498552,18,18,0,0,36,21,340,256,,
seeded-017,seeded,tight,18,beam-16,1,16,256,beam,true,true,true,false,0,true,2.498552,2.498552,18,18,0,0,70,24,340,256,,
seeded-017,seeded,tight,18,beam-64,1,64,256,beam,true,true,true,false,0,true,2.498552,2.498552,18,18,0,0,91,0,340,256,,
seeded-017,seeded,tight,18,beam-256,1,256,256,beam,true,true,true,false,0,true,2.498552,2.498552,18,18,0,0,91,0,340,256,,
seeded-017,seeded,infeasible,12.5,auto-exact-4096,4096,256,256,,false,false,true,false,,,,,,,,,,,340,256,,
seeded-017,seeded,infeasible,12.5,beam-1,1,1,256,,false,false,true,false,,,,,,,,,,,340,256,,
seeded-017,seeded,infeasible,12.5,beam-4,1,4,256,,false,false,true,false,,,,,,,,,,,340,256,,
seeded-017,seeded,infeasible,12.5,beam-16,1,16,256,,false,false,true,false,,,,,,,,,,,340,256,,
seeded-017,seeded,infeasible,12.5,beam-64,1,64,256,,false,false,true,false,,,,,,,,,,,340,256,,
seeded-017,seeded,infeasible,12.5,beam-256,1,256,256,,false,false,true,false,,,,,,,,,,,340,256,,
seeded-018,seeded,unconstrained,,auto-exact-4096,4096,256,32,exact,true,true,true,false,0,true,2.8465350000000003,2.8465350000000003,24,24,0,0,62,0,62,32,,
seeded-018,seeded,unconstrained,,beam-1,1,1,32,beam,true,true,true,false,0.01808700000000041,false,2.8465350000000003,2.828448,24,26,0,4,10,5,62,32,,
seeded-018,seeded,unconstrained,,beam-4,1,4,32,beam,true,true,true,false,0,true,2.8465350000000003,2.8465350000000003,24,24,0,0,30,12,62,32,,
seeded-018,seeded,unconstrained,,beam-16,1,16,32,beam,true,true,true,false,0,true,2.8465350000000003,2.8465350000000003,24,24,0,0,62,16,62,32,,
seeded-018,seeded,unconstrained,,beam-64,1,64,32,beam,true,true,true,false,0,true,2.8465350000000003,2.8465350000000003,24,24,0,0,62,0,62,32,,
seeded-018,seeded,unconstrained,,beam-256,1,256,32,beam,true,true,true,false,0,true,2.8465350000000003,2.8465350000000003,24,24,0,0,62,0,62,32,,
seeded-018,seeded,tight,21,auto-exact-4096,4096,256,32,exact,true,true,true,false,0,true,2.7585230000000003,2.7585230000000007,20,20,6,6,21,0,62,32,,
seeded-018,seeded,tight,21,beam-1,1,1,32,beam,true,true,true,false,0.08628400000000003,false,2.7585230000000003,2.6722390000000003,20,17,6,6,8,3,62,32,,
seeded-018,seeded,tight,21,beam-4,1,4,32,beam,true,true,true,false,0,true,2.7585230000000003,2.7585230000000007,20,20,6,6,21,3,62,32,,
seeded-018,seeded,tight,21,beam-16,1,16,32,beam,true,true,true,false,0,true,2.7585230000000003,2.7585230000000007,20,20,6,6,21,0,62,32,,
seeded-018,seeded,tight,21,beam-64,1,64,32,beam,true,true,true,false,0,true,2.7585230000000003,2.7585230000000007,20,20,6,6,21,0,62,32,,
seeded-018,seeded,tight,21,beam-256,1,256,32,beam,true,true,true,false,0,true,2.7585230000000003,2.7585230000000007,20,20,6,6,21,0,62,32,,
seeded-018,seeded,infeasible,16.5,auto-exact-4096,4096,256,32,,false,false,true,false,,,,,,,,,,,62,32,,
seeded-018,seeded,infeasible,16.5,beam-1,1,1,32,,false,false,true,false,,,,,,,,,,,62,32,,
seeded-018,seeded,infeasible,16.5,beam-4,1,4,32,,false,false,true,false,,,,,,,,,,,62,32,,
seeded-018,seeded,infeasible,16.5,beam-16,1,16,32,,false,false,true,false,,,,,,,,,,,62,32,,
seeded-018,seeded,infeasible,16.5,beam-64,1,64,32,,false,false,true,false,,,,,,,,,,,62,32,,
seeded-018,seeded,infeasible,16.5,beam-256,1,256,32,,false,false,true,false,,,,,,,,,,,62,32,,
seeded-019,seeded,unconstrained,,auto-exact-4096,4096,256,729,exact,true,true,true,false,0,true,4.067977,4.067976999999999,48,48,4,4,1092,0,1092,729,,
seeded-019,seeded,unconstrained,,beam-1,1,1,729,beam,true,true,true,false,0.001326999999999856,false,4.067977,4.06665,48,48,4,5,18,12,1092,729,,
seeded-019,seeded,unconstrained,,beam-4,1,4,729,beam,true,true,true,false,0,true,4.067977,4.067976999999999,48,48,4,4,60,37,1092,729,,
seeded-019,seeded,unconstrained,,beam-16,1,16,729,beam,true,true,true,false,0,true,4.067977,4.067976999999999,48,48,4,4,183,107,1092,729,,
seeded-019,seeded,unconstrained,,beam-64,1,64,729,beam,true,true,true,false,0,true,4.067977,4.067976999999999,48,48,4,4,504,273,1092,729,,
seeded-019,seeded,unconstrained,,beam-256,1,256,729,beam,true,true,true,false,0,true,4.067977,4.067976999999999,48,48,4,4,1092,473,1092,729,,
seeded-019,seeded,tight,34,auto-exact-4096,4096,256,729,exact,true,true,true,false,0,true,3.7767090000000003,3.7767090000000003,33,33,0,0,332,0,1092,729,,
seeded-019,seeded,tight,34,beam-1,1,1,729,beam,true,true,true,false,0.04840100000000014,false,3.7767090000000003,3.728308,33,34,0,5,17,11,1092,729,,
seeded-019,seeded,tight,34,beam-4,1,4,729,beam,true,true,true,false,0.03241999999999967,false,3.7767090000000003,3.7442890000000006,33,34,0,3,39,17,1092,729,,
seeded-019,seeded,tight,34,beam-16,1,16,729,beam,true,true,true,false,0,true,3.7767090000000003,3.7767090000000003,33,33,0,0,122,50,1092,729,,
seeded-019,seeded,tight,34,beam-64,1,64,729,beam,true,true,true,false,0,true,3.7767090000000003,3.7767090000000003,33,33,0,0,244,52,1092,729,,
seeded-019,seeded,tight,34,beam-256,1,256,729,beam,true,true,true,false,0,true,3.7767090000000003,3.7767090000000003,33,33,0,0,332,0,1092,729,,
seeded-019,seeded,infeasible,29.5,auto-exact-4096,4096,256,729,,false,false,true,false,,,,,,,,,,,1092,729,,
seeded-019,seeded,infeasible,29.5,beam-1,1,1,729,,false,false,true,false,,,,,,,,,,,1092,729,,
seeded-019,seeded,infeasible,29.5,beam-4,1,4,729,,false,false,true,false,,,,,,,,,,,1092,729,,
seeded-019,seeded,infeasible,29.5,beam-16,1,16,729,,false,false,true,false,,,,,,,,,,,1092,729,,
seeded-019,seeded,infeasible,29.5,beam-64,1,64,729,,false,false,true,false,,,,,,,,,,,1092,729,,
seeded-019,seeded,infeasible,29.5,beam-256,1,256,729,,false,false,true,false,,,,,,,,,,,1092,729,,
seeded-020,seeded,unconstrained,,auto-exact-4096,4096,256,64,exact,true,true,true,false,0,true,1.8836140000000001,1.8836140000000001,19,19,0,0,84,0,84,64,,
seeded-020,seeded,unconstrained,,beam-1,1,1,64,beam,true,true,true,false,0.014901000000000053,false,1.8836140000000001,1.868713,19,17,0,1,12,9,84,64,,
seeded-020,seeded,unconstrained,,beam-4,1,4,64,beam,true,true,true,false,0,true,1.8836140000000001,1.8836140000000001,19,19,0,0,36,24,84,64,,
seeded-020,seeded,unconstrained,,beam-16,1,16,64,beam,true,true,true,false,0,true,1.8836140000000001,1.8836140000000001,19,19,0,0,84,48,84,64,,
seeded-020,seeded,unconstrained,,beam-64,1,64,64,beam,true,true,true,false,0,true,1.8836140000000001,1.8836140000000001,19,19,0,0,84,0,84,64,,
seeded-020,seeded,unconstrained,,beam-256,1,256,64,beam,true,true,true,false,0,true,1.8836140000000001,1.8836140000000001,19,19,0,0,84,0,84,64,,
seeded-020,seeded,tight,11,auto-exact-4096,4096,256,64,exact,true,true,true,false,0,true,1.8522109999999998,1.8522110000000003,11,11,2,2,24,0,84,64,,
seeded-020,seeded,tight,11,beam-1,1,1,64,beam,true,true,true,false,0.008047999999999833,false,1.8522109999999998,1.844163,11,8,2,1,9,6,84,64,,
seeded-020,seeded,tight,11,beam-4,1,4,64,beam,true,true,true,false,0,true,1.8522109999999998,1.8522110000000003,11,11,2,2,18,7,84,64,,
seeded-020,seeded,tight,11,beam-16,1,16,64,beam,true,true,true,false,0,true,1.8522109999999998,1.8522110000000003,11,11,2,2,24,0,84,64,,
seeded-020,seeded,tight,11,beam-64,1,64,64,beam,true,true,true,false,0,true,1.8522109999999998,1.8522110000000003,11,11,2,2,24,0,84,64,,
seeded-020,seeded,tight,11,beam-256,1,256,64,beam,true,true,true,false,0,true,1.8522109999999998,1.8522110000000003,11,11,2,2,24,0,84,64,,
seeded-020,seeded,infeasible,7.5,auto-exact-4096,4096,256,64,,false,false,true,false,,,,,,,,,,,84,64,,
seeded-020,seeded,infeasible,7.5,beam-1,1,1,64,,false,false,true,false,,,,,,,,,,,84,64,,
seeded-020,seeded,infeasible,7.5,beam-4,1,4,64,,false,false,true,false,,,,,,,,,,,84,64,,
seeded-020,seeded,infeasible,7.5,beam-16,1,16,64,,false,false,true,false,,,,,,,,,,,84,64,,
seeded-020,seeded,infeasible,7.5,beam-64,1,64,64,,false,false,true,false,,,,,,,,,,,84,64,,
seeded-020,seeded,infeasible,7.5,beam-256,1,256,64,,false,false,true,false,,,,,,,,,,,84,64,,
seeded-021,seeded,unconstrained,,auto-exact-4096,4096,256,16,exact,true,true,true,false,0,true,2.2805030000000004,2.2805030000000004,29,29,3,3,30,0,30,16,,
seeded-021,seeded,unconstrained,,beam-1,1,1,16,beam,true,true,true,false,0,true,2.2805030000000004,2.2805030000000004,29,29,3,3,8,4,30,16,,
seeded-021,seeded,unconstrained,,beam-4,1,4,16,beam,true,true,true,false,0,true,2.2805030000000004,2.2805030000000004,29,29,3,3,22,8,30,16,,
seeded-021,seeded,unconstrained,,beam-16,1,16,16,beam,true,true,true,false,0,true,2.2805030000000004,2.2805030000000004,29,29,3,3,30,0,30,16,,
seeded-021,seeded,unconstrained,,beam-64,1,64,16,beam,true,true,true,false,0,true,2.2805030000000004,2.2805030000000004,29,29,3,3,30,0,30,16,,
seeded-021,seeded,unconstrained,,beam-256,1,256,16,beam,true,true,true,false,0,true,2.2805030000000004,2.2805030000000004,29,29,3,3,30,0,30,16,,
seeded-021,seeded,tight,23,auto-exact-4096,4096,256,16,exact,true,true,true,false,0,true,2.187167,2.187167,21,21,2,2,7,0,30,16,,
seeded-021,seeded,tight,23,beam-1,1,1,16,beam,true,true,true,false,0.20212300000000005,false,2.187167,1.985044,21,20,2,4,5,1,30,16,,
seeded-021,seeded,tight,23,beam-4,1,4,16,beam,true,true,true,false,0,true,2.187167,2.187167,21,21,2,2,7,0,30,16,,
seeded-021,seeded,tight,23,beam-16,1,16,16,beam,true,true,true,false,0,true,2.187167,2.187167,21,21,2,2,7,0,30,16,,
seeded-021,seeded,tight,23,beam-64,1,64,16,beam,true,true,true,false,0,true,2.187167,2.187167,21,21,2,2,7,0,30,16,,
seeded-021,seeded,tight,23,beam-256,1,256,16,beam,true,true,true,false,0,true,2.187167,2.187167,21,21,2,2,7,0,30,16,,
seeded-021,seeded,infeasible,19.5,auto-exact-4096,4096,256,16,,false,false,true,false,,,,,,,,,,,30,16,,
seeded-021,seeded,infeasible,19.5,beam-1,1,1,16,,false,false,true,false,,,,,,,,,,,30,16,,
seeded-021,seeded,infeasible,19.5,beam-4,1,4,16,,false,false,true,false,,,,,,,,,,,30,16,,
seeded-021,seeded,infeasible,19.5,beam-16,1,16,16,,false,false,true,false,,,,,,,,,,,30,16,,
seeded-021,seeded,infeasible,19.5,beam-64,1,64,16,,false,false,true,false,,,,,,,,,,,30,16,,
seeded-021,seeded,infeasible,19.5,beam-256,1,256,16,,false,false,true,false,,,,,,,,,,,30,16,,
seeded-022,seeded,unconstrained,,auto-exact-4096,4096,256,243,exact,true,true,true,false,0,true,3.1592230000000003,3.1592230000000003,30,30,4,4,363,0,363,243,,
seeded-022,seeded,unconstrained,,beam-1,1,1,243,beam,true,true,true,false,0.02108399999999966,false,3.1592230000000003,3.1381390000000007,30,32,4,8,15,10,363,243,,
seeded-022,seeded,unconstrained,,beam-4,1,4,243,beam,true,true,true,false,0.0030249999999996113,false,3.1592230000000003,3.1561980000000007,30,32,4,7,48,29,363,243,,
seeded-022,seeded,unconstrained,,beam-16,1,16,243,beam,true,true,true,false,0,true,3.1592230000000003,3.1592230000000003,30,30,4,4,135,75,363,243,,
seeded-022,seeded,unconstrained,,beam-64,1,64,243,beam,true,true,true,false,0,true,3.1592230000000003,3.1592230000000003,30,30,4,4,312,145,363,243,,
seeded-022,seeded,unconstrained,,beam-256,1,256,243,beam,true,true,true,false,0,true,3.1592230000000003,3.1592230000000003,30,30,4,4,363,0,363,243,,
seeded-022,seeded,tight,18,auto-exact-4096,4096,256,243,exact,true,true,true,false,0,true,2.821524,2.8215240000000006,18,18,6,6,67,0,363,243,,
seeded-022,seeded,tight,18,beam-1,1,1,243,beam,true,true,true,false,0.023355000000000015,false,2.821524,2.798169,18,18,6,8,13,8,363,243,,
seeded-022,seeded,tight,18,beam-4,1,4,243,beam,true,true,true,false,0.010873000000000133,false,2.821524,2.810651,18,17,6,6,28,10,363,243,,
seeded-022,seeded,tight,18,beam-16,1,16,243,beam,true,true,true,false,0,true,2.821524,2.8215240000000006,18,18,6,6,60,8,363,243,,
seeded-022,seeded,tight,18,beam-64,1,64,243,beam,true,true,true,false,0,true,2.821524,2.8215240000000006,18,18,6,6,67,0,363,243,,
seeded-022,seeded,tight,18,beam-256,1,256,243,beam,true,true,true,false,0,true,2.821524,2.8215240000000006,18,18,6,6,67,0,363,243,,
seeded-022,seeded,infeasible,13.5,auto-exact-4096,4096,256,243,,false,false,true,false,,,,,,,,,,,363,243,,
seeded-022,seeded,infeasible,13.5,beam-1,1,1,243,,false,false,true,false,,,,,,,,,,,363,243,,
seeded-022,seeded,infeasible,13.5,beam-4,1,4,243,,false,false,true,false,,,,,,,,,,,363,243,,
seeded-022,seeded,infeasible,13.5,beam-16,1,16,243,,false,false,true,false,,,,,,,,,,,363,243,,
seeded-022,seeded,infeasible,13.5,beam-64,1,64,243,,false,false,true,false,,,,,,,,,,,363,243,,
seeded-022,seeded,infeasible,13.5,beam-256,1,256,243,,false,false,true,false,,,,,,,,,,,363,243,,
seeded-023,seeded,unconstrained,,auto-exact-4096,4096,256,4096,exact,true,true,true,false,0,true,3.7593499999999995,3.7593499999999995,29,29,0,0,5460,0,5460,4096,,
seeded-023,seeded,unconstrained,,beam-1,1,1,4096,beam,true,true,true,false,0.009310000000000151,false,3.7593499999999995,3.7500399999999994,29,27,0,0,24,18,5460,4096,,
seeded-023,seeded,unconstrained,,beam-4,1,4,4096,beam,true,true,true,false,0.009156999999999638,false,3.7593499999999995,3.750193,29,24,0,2,84,60,5460,4096,,
seeded-023,seeded,unconstrained,,beam-16,1,16,4096,beam,true,true,true,false,0.009156999999999638,false,3.7593499999999995,3.750193,29,24,0,2,276,192,5460,4096,,
seeded-023,seeded,unconstrained,,beam-64,1,64,4096,beam,true,true,true,false,0,true,3.7593499999999995,3.7593499999999995,29,29,0,0,852,576,5460,4096,,
seeded-023,seeded,unconstrained,,beam-256,1,256,4096,beam,true,true,true,false,0,true,3.7593499999999995,3.7593499999999995,29,29,0,0,2388,1536,5460,4096,,
seeded-023,seeded,tight,21,auto-exact-4096,4096,256,4096,exact,true,true,true,false,0,true,3.7367269999999997,3.7367269999999997,20,20,3,3,441,0,5460,4096,,
seeded-023,seeded,tight,21,beam-1,1,1,4096,beam,true,true,true,false,0.005590999999999902,false,3.7367269999999997,3.731136,20,20,3,0,24,18,5460,4096,,
seeded-023,seeded,tight,21,beam-4,1,4,4096,beam,true,true,true,false,0,true,3.7367269999999997,3.7367269999999997,20,20,3,3,64,40,5460,4096,,
seeded-023,seeded,tight,21,beam-16,1,16,4096,beam,true,true,true,false,0,true,3.7367269999999997,3.7367269999999997,20,20,3,3,153,71,5460,4096,,
seeded-023,seeded,tight,21,beam-64,1,64,4096,beam,true,true,true,false,0,true,3.7367269999999997,3.7367269999999997,20,20,3,3,352,98,5460,4096,,
seeded-023,seeded,tight,21,beam-256,1,256,4096,beam,true,true,true,false,0,true,3.7367269999999997,3.7367269999999997,20,20,3,3,441,0,5460,4096,,
seeded-023,seeded,infeasible,13.5,auto-exact-4096,4096,256,4096,,false,false,true,false,,,,,,,,,,,5460,4096,,
seeded-023,seeded,infeasible,13.5,beam-1,1,1,4096,,false,false,true,false,,,,,,,,,,,5460,4096,,
seeded-023,seeded,infeasible,13.5,beam-4,1,4,4096,,false,false,true,false,,,,,,,,,,,5460,4096,,
seeded-023,seeded,infeasible,13.5,beam-16,1,16,4096,,false,false,true,false,,,,,,,,,,,5460,4096,,
seeded-023,seeded,infeasible,13.5,beam-64,1,64,4096,,false,false,true,false,,,,,,,,,,,5460,4096,,
seeded-023,seeded,infeasible,13.5,beam-256,1,256,4096,,false,false,true,false,,,,,,,,,,,5460,4096,,
seeded-024,seeded,unconstrained,,auto-exact-4096,4096,256,8,exact,true,true,true,false,0,true,1.779018,1.779018,12,12,1,1,14,0,14,8,,
seeded-024,seeded,unconstrained,,beam-1,1,1,8,beam,true,true,true,false,0,true,1.779018,1.779018,12,12,1,1,6,3,14,8,,
seeded-024,seeded,unconstrained,,beam-4,1,4,8,beam,true,true,true,false,0,true,1.779018,1.779018,12,12,1,1,14,4,14,8,,
seeded-024,seeded,unconstrained,,beam-16,1,16,8,beam,true,true,true,false,0,true,1.779018,1.779018,12,12,1,1,14,0,14,8,,
seeded-024,seeded,unconstrained,,beam-64,1,64,8,beam,true,true,true,false,0,true,1.779018,1.779018,12,12,1,1,14,0,14,8,,
seeded-024,seeded,unconstrained,,beam-256,1,256,8,beam,true,true,true,false,0,true,1.779018,1.779018,12,12,1,1,14,0,14,8,,
seeded-024,seeded,tight,9,auto-exact-4096,4096,256,8,exact,true,true,true,false,0,true,1.6543780000000001,1.6543780000000001,8,8,1,1,6,0,14,8,,
seeded-024,seeded,tight,9,beam-1,1,1,8,beam,true,true,true,false,0.12900299999999998,false,1.6543780000000001,1.5253750000000001,8,6,1,2,4,1,14,8,,
seeded-024,seeded,tight,9,beam-4,1,4,8,beam,true,true,true,false,0,true,1.6543780000000001,1.6543780000000001,8,8,1,1,6,0,14,8,,
seeded-024,seeded,tight,9,beam-16,1,16,8,beam,true,true,true,false,0,true,1.6543780000000001,1.6543780000000001,8,8,1,1,6,0,14,8,,
seeded-024,seeded,tight,9,beam-64,1,64,8,beam,true,true,true,false,0,true,1.6543780000000001,1.6543780000000001,8,8,1,1,6,0,14,8,,
seeded-024,seeded,tight,9,beam-256,1,256,8,beam,true,true,true,false,0,true,1.6543780000000001,1.6543780000000001,8,8,1,1,6,0,14,8,,
seeded-024,seeded,infeasible,5.5,auto-exact-4096,4096,256,8,,false,false,true,false,,,,,,,,,,,14,8,,
seeded-024,seeded,infeasible,5.5,beam-1,1,1,8,,false,false,true,false,,,,,,,,,,,14,8,,
seeded-024,seeded,infeasible,5.5,beam-4,1,4,8,,false,false,true,false,,,,,,,,,,,14,8,,
seeded-024,seeded,infeasible,5.5,beam-16,1,16,8,,false,false,true,false,,,,,,,,,,,14,8,,
seeded-024,seeded,infeasible,5.5,beam-64,1,64,8,,false,false,true,false,,,,,,,,,,,14,8,,
seeded-024,seeded,infeasible,5.5,beam-256,1,256,8,,false,false,true,false,,,,,,,,,,,14,8,,
seeded-025,seeded,unconstrained,,auto-exact-4096,4096,256,81,exact,true,true,true,false,0,true,2.554864,2.554864,24,24,0,0,120,0,120,81,,
seeded-025,seeded,unconstrained,,beam-1,1,1,81,beam,true,true,true,false,0,true,2.554864,2.554864,24,24,0,0,12,8,120,81,,
seeded-025,seeded,unconstrained,,beam-4,1,4,81,beam,true,true,true,false,0,true,2.554864,2.554864,24,24,0,0,36,21,120,81,,
seeded-025,seeded,unconstrained,,beam-16,1,16,81,beam,true,true,true,false,0,true,2.554864,2.554864,24,24,0,0,87,43,120,81,,
seeded-025,seeded,unconstrained,,beam-64,1,64,81,beam,true,true,true,false,0,true,2.554864,2.554864,24,24,0,0,120,17,120,81,,
seeded-025,seeded,unconstrained,,beam-256,1,256,81,beam,true,true,true,false,0,true,2.554864,2.554864,24,24,0,0,120,0,120,81,,
seeded-025,seeded,tight,11,auto-exact-4096,4096,256,81,exact,true,true,true,false,0,true,2.1921680000000006,2.192168,11,11,2,2,11,0,120,81,,
seeded-025,seeded,tight,11,beam-1,1,1,81,beam,true,true,true,false,0.031283000000000616,false,2.1921680000000006,2.160885,11,10,2,3,8,4,120,81,,
seeded-025,seeded,tight,11,beam-4,1,4,81,beam,true,true,true,false,0,true,2.1921680000000006,2.192168,11,11,2,2,11,2,120,81,,
seeded-025,seeded,tight,11,beam-16,1,16,81,beam,true,true,true,false,0,true,2.1921680000000006,2.192168,11,11,2,2,11,0,120,81,,
seeded-025,seeded,tight,11,beam-64,1,64,81,beam,true,true,true,false,0,true,2.1921680000000006,2.192168,11,11,2,2,11,0,120,81,,
seeded-025,seeded,tight,11,beam-256,1,256,81,beam,true,true,true,false,0,true,2.1921680000000006,2.192168,11,11,2,2,11,0,120,81,,
seeded-025,seeded,infeasible,6.5,auto-exact-4096,4096,256,81,,false,false,true,false,,,,,,,,,,,120,81,,
seeded-025,seeded,infeasible,6.5,beam-1,1,1,81,,false,false,true,false,,,,,,,,,,,120,81,,
seeded-025,seeded,infeasible,6.5,beam-4,1,4,81,,false,false,true,false,,,,,,,,,,,120,81,,
seeded-025,seeded,infeasible,6.5,beam-16,1,16,81,,false,false,true,false,,,,,,,,,,,120,81,,
seeded-025,seeded,infeasible,6.5,beam-64,1,64,81,,false,false,true,false,,,,,,,,,,,120,81,,
seeded-025,seeded,infeasible,6.5,beam-256,1,256,81,,false,false,true,false,,,,,,,,,,,120,81,,
seeded-026,seeded,unconstrained,,auto-exact-4096,4096,256,1024,exact,true,true,true,false,0,true,3.1115010000000005,3.1115010000000005,22,22,0,0,1364,0,1364,1024,,
seeded-026,seeded,unconstrained,,beam-1,1,1,1024,beam,true,true,true,false,0.052296000000000564,false,3.1115010000000005,3.059205,22,34,0,4,20,15,1364,1024,,
seeded-026,seeded,unconstrained,,beam-4,1,4,1024,beam,true,true,true,false,0,true,3.1115010000000005,3.1115010000000005,22,22,0,0,68,48,1364,1024,,
seeded-026,seeded,unconstrained,,beam-16,1,16,1024,beam,true,true,true,false,0,true,3.1115010000000005,3.1115010000000005,22,22,0,0,212,144,1364,1024,,
seeded-026,seeded,unconstrained,,beam-64,1,64,1024,beam,true,true,true,false,0,true,3.1115010000000005,3.1115010000000005,22,22,0,0,596,384,1364,1024,,
seeded-026,seeded,unconstrained,,beam-256,1,256,1024,beam,true,true,true,false,0,true,3.1115010000000005,3.1115010000000005,22,22,0,0,1364,768,1364,1024,,
seeded-026,seeded,tight,17,auto-exact-4096,4096,256,1024,exact,true,true,true,false,0,true,3.104708,3.104708,16,16,0,0,253,0,1364,1024,,
seeded-026,seeded,tight,17,beam-1,1,1,1024,beam,true,true,true,false,0.10005399999999964,false,3.104708,3.0046540000000004,16,15,0,6,20,15,1364,1024,,
seeded-026,seeded,tight,17,beam-4,1,4,1024,beam,true,true,true,false,0,true,3.104708,3.104708,16,16,0,0,51,31,1364,1024,,
seeded-026,seeded,tight,17,beam-16,1,16,1024,beam,true,true,true,false,0,true,3.104708,3.104708,16,16,0,0,122,55,1364,1024,,
seeded-026,seeded,tight,17,beam-64,1,64,1024,beam,true,true,true,false,0,true,3.104708,3.104708,16,16,0,0,230,41,1364,1024,,
seeded-026,seeded,tight,17,beam-256,1,256,1024,beam,true,true,true,false,0,true,3.104708,3.104708,16,16,0,0,253,0,1364,1024,,
seeded-026,seeded,infeasible,9.5,auto-exact-4096,4096,256,1024,,false,false,true,false,,,,,,,,,,,1364,1024,,
seeded-026,seeded,infeasible,9.5,beam-1,1,1,1024,,false,false,true,false,,,,,,,,,,,1364,1024,,
seeded-026,seeded,infeasible,9.5,beam-4,1,4,1024,,false,false,true,false,,,,,,,,,,,1364,1024,,
seeded-026,seeded,infeasible,9.5,beam-16,1,16,1024,,false,false,true,false,,,,,,,,,,,1364,1024,,
seeded-026,seeded,infeasible,9.5,beam-64,1,64,1024,,false,false,true,false,,,,,,,,,,,1364,1024,,
seeded-026,seeded,infeasible,9.5,beam-256,1,256,1024,,false,false,true,false,,,,,,,,,,,1364,1024,,
seeded-027,seeded,unconstrained,,auto-exact-4096,4096,256,64,exact,true,true,true,false,0,true,3.3428690000000003,3.3428689999999994,25,25,2,2,126,0,126,64,,
seeded-027,seeded,unconstrained,,beam-1,1,1,64,beam,true,true,true,false,0.0027220000000007794,false,3.3428690000000003,3.3401469999999995,25,27,2,4,12,6,126,64,,
seeded-027,seeded,unconstrained,,beam-4,1,4,64,beam,true,true,true,false,0,true,3.3428690000000003,3.3428689999999994,25,25,2,2,38,16,126,64,,
seeded-027,seeded,unconstrained,,beam-16,1,16,64,beam,true,true,true,false,0,true,3.3428690000000003,3.3428689999999994,25,25,2,2,94,32,126,64,,
seeded-027,seeded,unconstrained,,beam-64,1,64,64,beam,true,true,true,false,0,true,3.3428690000000003,3.3428689999999994,25,25,2,2,126,0,126,64,,
seeded-027,seeded,unconstrained,,beam-256,1,256,64,beam,true,true,true,false,0,true,3.3428690000000003,3.3428689999999994,25,25,2,2,126,0,126,64,,
seeded-027,seeded,tight,24,auto-exact-4096,4096,256,64,exact,true,true,true,false,0,true,3.3323399999999994,3.3323399999999994,19,19,1,1,22,0,126,64,,
seeded-027,seeded,tight,24,beam-1,1,1,64,beam,true,true,true,false,0,true,3.3323399999999994,3.3323399999999994,19,19,1,1,10,4,126,64,,
seeded-027,seeded,tight,24,beam-4,1,4,64,beam,true,true,true,false,0,true,3.3323399999999994,3.3323399999999994,19,19,1,1,20,4,126,64,,
seeded-027,seeded,tight,24,beam-16,1,16,64,beam,true,true,true,false,0,true,3.3323399999999994,3.3323399999999994,19,19,1,1,22,0,126,64,,
seeded-027,seeded,tight,24,beam-64,1,64,64,beam,true,true,true,false,0,true,3.3323399999999994,3.3323399999999994,19,19,1,1,22,0,126,64,,
seeded-027,seeded,tight,24,beam-256,1,256,64,beam,true,true,true,false,0,true,3.3323399999999994,3.3323399999999994,19,19,1,1,22,0,126,64,,
seeded-027,seeded,infeasible,18.5,auto-exact-4096,4096,256,64,,false,false,true,false,,,,,,,,,,,126,64,,
seeded-027,seeded,infeasible,18.5,beam-1,1,1,64,,false,false,true,false,,,,,,,,,,,126,64,,
seeded-027,seeded,infeasible,18.5,beam-4,1,4,64,,false,false,true,false,,,,,,,,,,,126,64,,
seeded-027,seeded,infeasible,18.5,beam-16,1,16,64,,false,false,true,false,,,,,,,,,,,126,64,,
seeded-027,seeded,infeasible,18.5,beam-64,1,64,64,,false,false,true,false,,,,,,,,,,,126,64,,
seeded-027,seeded,infeasible,18.5,beam-256,1,256,64,,false,false,true,false,,,,,,,,,,,126,64,,
seeded-028,seeded,unconstrained,,auto-exact-4096,4096,256,27,exact,true,true,true,false,0,true,1.9253749999999998,1.9253749999999998,19,19,0,0,39,0,39,27,,
seeded-028,seeded,unconstrained,,beam-1,1,1,27,beam,true,true,true,false,0,true,1.9253749999999998,1.9253749999999998,19,19,0,0,9,6,39,27,,
seeded-028,seeded,unconstrained,,beam-4,1,4,27,beam,true,true,true,false,0,true,1.9253749999999998,1.9253749999999998,19,19,0,0,24,13,39,27,,
seeded-028,seeded,unconstrained,,beam-16,1,16,27,beam,true,true,true,false,0,true,1.9253749999999998,1.9253749999999998,19,19,0,0,39,11,39,27,,
seeded-028,seeded,unconstrained,,beam-64,1,64,27,beam,true,true,true,false,0,true,1.9253749999999998,1.9253749999999998,19,19,0,0,39,0,39,27,,
seeded-028,seeded,unconstrained,,beam-256,1,256,27,beam,true,true,true,false,0,true,1.9253749999999998,1.9253749999999998,19,19,0,0,39,0,39,27,,
seeded-028,seeded,tight,8,auto-exact-4096,4096,256,27,exact,true,true,true,false,0,true,1.6213590000000002,1.621359,7,7,1,1,15,0,39,27,,
seeded-028,seeded,tight,8,beam-1,1,1,27,beam,true,true,true,false,0.03547300000000031,false,1.6213590000000002,1.585886,7,5,1,0,6,3,39,27,,
seeded-028,seeded,tight,8,beam-4,1,4,27,beam,true,true,true,false,0,true,1.6213590000000002,1.621359,7,7,1,1,13,2,39,27,,
seeded-028,seeded,tight,8,beam-16,1,16,27,beam,true,true,true,false,0,true,1.6213590000000002,1.621359,7,7,1,1,15,0,39,27,,
seeded-028,seeded,tight,8,beam-64,1,64,27,beam,true,true,true,false,0,true,1.6213590000000002,1.621359,7,7,1,1,15,0,39,27,,
seeded-028,seeded,tight,8,beam-256,1,256,27,beam,true,true,true,false,0,true,1.6213590000000002,1.621359,7,7,1,1,15,0,39,27,,
seeded-028,seeded,infeasible,4.5,auto-exact-4096,4096,256,27,,false,false,true,false,,,,,,,,,,,39,27,,
seeded-028,seeded,infeasible,4.5,beam-1,1,1,27,,false,false,true,false,,,,,,,,,,,39,27,,
seeded-028,seeded,infeasible,4.5,beam-4,1,4,27,,false,false,true,false,,,,,,,,,,,39,27,,
seeded-028,seeded,infeasible,4.5,beam-16,1,16,27,,false,false,true,false,,,,,,,,,,,39,27,,
seeded-028,seeded,infeasible,4.5,beam-64,1,64,27,,false,false,true,false,,,,,,,,,,,39,27,,
seeded-028,seeded,infeasible,4.5,beam-256,1,256,27,,false,false,true,false,,,,,,,,,,,39,27,,
seeded-029,seeded,unconstrained,,auto-exact-4096,4096,256,256,exact,true,true,true,false,0,true,2.4989090000000003,2.4989090000000003,17,17,0,0,340,0,340,256,,
seeded-029,seeded,unconstrained,,beam-1,1,1,256,beam,true,true,true,false,0,true,2.4989090000000003,2.4989090000000003,17,17,0,0,16,12,340,256,,
seeded-029,seeded,unconstrained,,beam-4,1,4,256,beam,true,true,true,false,0,true,2.4989090000000003,2.4989090000000003,17,17,0,0,52,36,340,256,,
seeded-029,seeded,unconstrained,,beam-16,1,16,256,beam,true,true,true,false,0,true,2.4989090000000003,2.4989090000000003,17,17,0,0,148,96,340,256,,
seeded-029,seeded,unconstrained,,beam-64,1,64,256,beam,true,true,true,false,0,true,2.4989090000000003,2.4989090000000003,17,17,0,0,340,192,340,256,,
seeded-029,seeded,unconstrained,,beam-256,1,256,256,beam,true,true,true,false,0,true,2.4989090000000003,2.4989090000000003,17,17,0,0,340,0,340,256,,
seeded-029,seeded,tight,13,auto-exact-4096,4096,256,256,exact,true,true,true,false,0,true,2.4507120000000002,2.450712,10,10,2,2,40,0,340,256,,
seeded-029,seeded,tight,13,beam-1,1,1,256,beam,true,true,true,false,0.03041999999999989,false,2.4507120000000002,2.4202920000000003,10,10,2,5,12,8,340,256,,
seeded-029,seeded,tight,13,beam-4,1,4,256,beam,true,true,true,false,0,true,2.4507120000000002,2.450712,10,10,2,2,26,10,340,256,,
seeded-029,seeded,tight,13,beam-16,1,16,256,beam,true,true,true,false,0,true,2.4507120000000002,2.450712,10,10,2,2,40,4,340,256,,
seeded-029,seeded,tight,13,beam-64,1,64,256,beam,true,true,true,false,0,true,2.4507120000000002,2.450712,10,10,2,2,40,0,340,256,,
seeded-029,seeded,tight,13,beam-256,1,256,256,beam,true,true,true,false,0,true,2.4507120000000002,2.450712,10,10,2,2,40,0,340,256,,
seeded-029,seeded,infeasible,6.5,auto-exact-4096,4096,256,256,,false,false,true,false,,,,,,,,,,,340,256,,
seeded-029,seeded,infeasible,6.5,beam-1,1,1,256,,false,false,true,false,,,,,,,,,,,340,256,,
seeded-029,seeded,infeasible,6.5,beam-4,1,4,256,,false,false,true,false,,,,,,,,,,,340,256,,
seeded-029,seeded,infeasible,6.5,beam-16,1,16,256,,false,false,true,false,,,,,,,,,,,340,256,,
seeded-029,seeded,infeasible,6.5,beam-64,1,64,256,,false,false,true,false,,,,,,,,,,,340,256,,
seeded-029,seeded,infeasible,6.5,beam-256,1,256,256,,false,false,true,false,,,,,,,,,,,340,256,,
seeded-030,seeded,unconstrained,,auto-exact-4096,4096,256,32,exact,true,true,true,false,0,true,3.0244809999999998,3.0244809999999998,21,21,0,0,62,0,62,32,,
seeded-030,seeded,unconstrained,,beam-1,1,1,32,beam,true,true,true,false,0,true,3.0244809999999998,3.0244809999999998,21,21,0,0,10,5,62,32,,
seeded-030,seeded,unconstrained,,beam-4,1,4,32,beam,true,true,true,false,0,true,3.0244809999999998,3.0244809999999998,21,21,0,0,30,12,62,32,,
seeded-030,seeded,unconstrained,,beam-16,1,16,32,beam,true,true,true,false,0,true,3.0244809999999998,3.0244809999999998,21,21,0,0,62,16,62,32,,
seeded-030,seeded,unconstrained,,beam-64,1,64,32,beam,true,true,true,false,0,true,3.0244809999999998,3.0244809999999998,21,21,0,0,62,0,62,32,,
seeded-030,seeded,unconstrained,,beam-256,1,256,32,beam,true,true,true,false,0,true,3.0244809999999998,3.0244809999999998,21,21,0,0,62,0,62,32,,
seeded-030,seeded,tight,20,auto-exact-4096,4096,256,32,exact,true,true,true,false,0,true,2.983628,2.983628,20,20,4,4,24,0,62,32,,
seeded-030,seeded,tight,20,beam-1,1,1,32,beam,true,true,true,false,0,true,2.983628,2.983628,20,20,4,4,9,4,62,32,,
seeded-030,seeded,tight,20,beam-4,1,4,32,beam,true,true,true,false,0,true,2.983628,2.983628,20,20,4,4,20,5,62,32,,
seeded-030,seeded,tight,20,beam-16,1,16,32,beam,true,true,true,false,0,true,2.983628,2.983628,20,20,4,4,24,0,62,32,,
seeded-030,seeded,tight,20,beam-64,1,64,32,beam,true,true,true,false,0,true,2.983628,2.983628,20,20,4,4,24,0,62,32,,
seeded-030,seeded,tight,20,beam-256,1,256,32,beam,true,true,true,false,0,true,2.983628,2.983628,20,20,4,4,24,0,62,32,,
seeded-030,seeded,infeasible,16.5,auto-exact-4096,4096,256,32,,false,false,true,false,,,,,,,,,,,62,32,,
seeded-030,seeded,infeasible,16.5,beam-1,1,1,32,,false,false,true,false,,,,,,,,,,,62,32,,
seeded-030,seeded,infeasible,16.5,beam-4,1,4,32,,false,false,true,false,,,,,,,,,,,62,32,,
seeded-030,seeded,infeasible,16.5,beam-16,1,16,32,,false,false,true,false,,,,,,,,,,,62,32,,
seeded-030,seeded,infeasible,16.5,beam-64,1,64,32,,false,false,true,false,,,,,,,,,,,62,32,,
seeded-030,seeded,infeasible,16.5,beam-256,1,256,32,,false,false,true,false,,,,,,,,,,,62,32,,
seeded-031,seeded,unconstrained,,auto-exact-4096,4096,256,729,exact,true,true,true,false,0,true,4.038460000000001,4.038460000000001,46,46,3,3,1092,0,1092,729,,
seeded-031,seeded,unconstrained,,beam-1,1,1,729,beam,true,true,true,false,0,true,4.038460000000001,4.038460000000001,46,46,3,3,18,12,1092,729,,
seeded-031,seeded,unconstrained,,beam-4,1,4,729,beam,true,true,true,false,0,true,4.038460000000001,4.038460000000001,46,46,3,3,60,37,1092,729,,
seeded-031,seeded,unconstrained,,beam-16,1,16,729,beam,true,true,true,false,0,true,4.038460000000001,4.038460000000001,46,46,3,3,183,107,1092,729,,
seeded-031,seeded,unconstrained,,beam-64,1,64,729,beam,true,true,true,false,0,true,4.038460000000001,4.038460000000001,46,46,3,3,504,273,1092,729,,
seeded-031,seeded,unconstrained,,beam-256,1,256,729,beam,true,true,true,false,0,true,4.038460000000001,4.038460000000001,46,46,3,3,1092,473,1092,729,,
seeded-031,seeded,tight,27,auto-exact-4096,4096,256,729,exact,true,true,true,false,0,true,3.563879,3.563879,27,27,5,5,187,0,1092,729,,
seeded-031,seeded,tight,27,beam-1,1,1,729,beam,true,true,true,false,0.10031400000000001,false,3.563879,3.463565,27,24,5,5,17,11,1092,729,,
seeded-031,seeded,tight,27,beam-4,1,4,729,beam,true,true,true,false,0.05577199999999971,false,3.563879,3.5081070000000003,27,27,5,7,36,13,1092,729,,
seeded-031,seeded,tight,27,beam-16,1,16,729,beam,true,true,true,false,0.0124439999999999,false,3.563879,3.551435,27,27,5,4,96,22,1092,729,,
seeded-031,seeded,tight,27,beam-64,1,64,729,beam,true,true,true,false,0,true,3.563879,3.563879,27,27,5,5,187,4,1092,729,,
seeded-031,seeded,tight,27,beam-256,1,256,729,beam,true,true,true,false,0,true,3.563879,3.563879,27,27,5,5,187,0,1092,729,,
seeded-031,seeded,infeasible,20.5,auto-exact-4096,4096,256,729,,false,false,true,false,,,,,,,,,,,1092,729,,
seeded-031,seeded,infeasible,20.5,beam-1,1,1,729,,false,false,true,false,,,,,,,,,,,1092,729,,
seeded-031,seeded,infeasible,20.5,beam-4,1,4,729,,false,false,true,false,,,,,,,,,,,1092,729,,
seeded-031,seeded,infeasible,20.5,beam-16,1,16,729,,false,false,true,false,,,,,,,,,,,1092,729,,
seeded-031,seeded,infeasible,20.5,beam-64,1,64,729,,false,false,true,false,,,,,,,,,,,1092,729,,
seeded-031,seeded,infeasible,20.5,beam-256,1,256,729,,false,false,true,false,,,,,,,,,,,1092,729,,
seeded-032,seeded,unconstrained,,auto-exact-4096,4096,256,64,exact,true,true,true,false,0,true,1.8747930000000002,1.874793,14,14,1,1,84,0,84,64,,
seeded-032,seeded,unconstrained,,beam-1,1,1,64,beam,true,true,true,false,0,true,1.8747930000000002,1.874793,14,14,1,1,12,9,84,64,,
seeded-032,seeded,unconstrained,,beam-4,1,4,64,beam,true,true,true,false,0,true,1.8747930000000002,1.874793,14,14,1,1,36,24,84,64,,
seeded-032,seeded,unconstrained,,beam-16,1,16,64,beam,true,true,true,false,0,true,1.8747930000000002,1.874793,14,14,1,1,84,48,84,64,,
seeded-032,seeded,unconstrained,,beam-64,1,64,64,beam,true,true,true,false,0,true,1.8747930000000002,1.874793,14,14,1,1,84,0,84,64,,
seeded-032,seeded,unconstrained,,beam-256,1,256,64,beam,true,true,true,false,0,true,1.8747930000000002,1.874793,14,14,1,1,84,0,84,64,,
seeded-032,seeded,tight,8,auto-exact-4096,4096,256,64,exact,true,true,true,false,0,true,1.8532370000000002,1.8532370000000002,8,8,1,1,19,0,84,64,,
seeded-032,seeded,tight,8,beam-1,1,1,64,beam,true,true,true,false,0.03532599999999997,false,1.8532370000000002,1.8179110000000003,8,3,1,2,8,5,84,64,,
seeded-032,seeded,tight,8,beam-4,1,4,64,beam,true,true,true,false,0,true,1.8532370000000002,1.8532370000000002,8,8,1,1,16,4,84,64,,
seeded-032,seeded,tight,8,beam-16,1,16,64,beam,true,true,true,false,0,true,1.8532370000000002,1.8532370000000002,8,8,1,1,19,0,84,64,,
seeded-032,seeded,tight,8,beam-64,1,64,64,beam,true,true,true,false,0,true,1.8532370000000002,1.8532370000000002,8,8,1,1,19,0,84,64,,
seeded-032,seeded,tight,8,beam-256,1,256,64,beam,true,true,true,false,0,true,1.8532370000000002,1.8532370000000002,8,8,1,1,19,0,84,64,,
seeded-032,seeded,infeasible,2.5,auto-exact-4096,4096,256,64,,false,false,true,false,,,,,,,,,,,84,64,,
seeded-032,seeded,infeasible,2.5,beam-1,1,1,64,,false,false,true,false,,,,,,,,,,,84,64,,
seeded-032,seeded,infeasible,2.5,beam-4,1,4,64,,false,false,true,false,,,,,,,,,,,84,64,,
seeded-032,seeded,infeasible,2.5,beam-16,1,16,64,,false,false,true,false,,,,,,,,,,,84,64,,
seeded-032,seeded,infeasible,2.5,beam-64,1,64,64,,false,false,true,false,,,,,,,,,,,84,64,,
seeded-032,seeded,infeasible,2.5,beam-256,1,256,64,,false,false,true,false,,,,,,,,,,,84,64,,
seeded-033,seeded,unconstrained,,auto-exact-4096,4096,256,16,exact,true,true,true,false,0,true,2.458276,2.458276,19,19,0,0,30,0,30,16,,
seeded-033,seeded,unconstrained,,beam-1,1,1,16,beam,true,true,true,false,0,true,2.458276,2.458276,19,19,0,0,8,4,30,16,,
seeded-033,seeded,unconstrained,,beam-4,1,4,16,beam,true,true,true,false,0,true,2.458276,2.458276,19,19,0,0,22,8,30,16,,
seeded-033,seeded,unconstrained,,beam-16,1,16,16,beam,true,true,true,false,0,true,2.458276,2.458276,19,19,0,0,30,0,30,16,,
seeded-033,seeded,unconstrained,,beam-64,1,64,16,beam,true,true,true,false,0,true,2.458276,2.458276,19,19,0,0,30,0,30,16,,
seeded-033,seeded,unconstrained,,beam-256,1,256,16,beam,true,true,true,false,0,true,2.458276,2.458276,19,19,0,0,30,0,30,16,,
seeded-033,seeded,tight,17,auto-exact-4096,4096,256,16,exact,true,true,true,false,0,true,2.382134,2.382134,15,15,2,2,14,0,30,16,,
seeded-033,seeded,tight,17,beam-1,1,1,16,beam,true,true,true,false,0,true,2.382134,2.382134,15,15,2,2,6,2,30,16,,
seeded-033,seeded,tight,17,beam-4,1,4,16,beam,true,true,true,false,0,true,2.382134,2.382134,15,15,2,2,14,0,30,16,,
seeded-033,seeded,tight,17,beam-16,1,16,16,beam,true,true,true,false,0,true,2.382134,2.382134,15,15,2,2,14,0,30,16,,
seeded-033,seeded,tight,17,beam-64,1,64,16,beam,true,true,true,false,0,true,2.382134,2.382134,15,15,2,2,14,0,30,16,,
seeded-033,seeded,tight,17,beam-256,1,256,16,beam,true,true,true,false,0,true,2.382134,2.382134,15,15,2,2,14,0,30,16,,
seeded-033,seeded,infeasible,14.5,auto-exact-4096,4096,256,16,,false,false,true,false,,,,,,,,,,,30,16,,
seeded-033,seeded,infeasible,14.5,beam-1,1,1,16,,false,false,true,false,,,,,,,,,,,30,16,,
seeded-033,seeded,infeasible,14.5,beam-4,1,4,16,,false,false,true,false,,,,,,,,,,,30,16,,
seeded-033,seeded,infeasible,14.5,beam-16,1,16,16,,false,false,true,false,,,,,,,,,,,30,16,,
seeded-033,seeded,infeasible,14.5,beam-64,1,64,16,,false,false,true,false,,,,,,,,,,,30,16,,
seeded-033,seeded,infeasible,14.5,beam-256,1,256,16,,false,false,true,false,,,,,,,,,,,30,16,,
seeded-034,seeded,unconstrained,,auto-exact-4096,4096,256,243,exact,true,true,true,false,0,true,3.196353,3.196353,34,34,7,7,363,0,363,243,,
seeded-034,seeded,unconstrained,,beam-1,1,1,243,beam,true,true,true,false,0.01485499999999984,false,3.196353,3.1814980000000004,34,34,7,8,15,10,363,243,,
seeded-034,seeded,unconstrained,,beam-4,1,4,243,beam,true,true,true,false,0,true,3.196353,3.196353,34,34,7,7,48,29,363,243,,
seeded-034,seeded,unconstrained,,beam-16,1,16,243,beam,true,true,true,false,0,true,3.196353,3.196353,34,34,7,7,135,75,363,243,,
seeded-034,seeded,unconstrained,,beam-64,1,64,243,beam,true,true,true,false,0,true,3.196353,3.196353,34,34,7,7,312,145,363,243,,
seeded-034,seeded,unconstrained,,beam-256,1,256,243,beam,true,true,true,false,0,true,3.196353,3.196353,34,34,7,7,363,0,363,243,,
seeded-034,seeded,tight,20,auto-exact-4096,4096,256,243,exact,true,true,true,false,0,true,2.934839,2.934839,20,20,0,0,54,0,363,243,,
seeded-034,seeded,tight,20,beam-1,1,1,243,beam,true,true,true,false,0.10617800000000077,false,2.934839,2.8286609999999994,20,18,0,4,13,8,363,243,,
seeded-034,seeded,tight,20,beam-4,1,4,243,beam,true,true,true,false,0,true,2.934839,2.934839,20,20,0,0,26,10,363,243,,
seeded-034,seeded,tight,20,beam-16,1,16,243,beam,true,true,true,false,0,true,2.934839,2.934839,20,20,0,0,54,10,363,243,,
seeded-034,seeded,tight,20,beam-64,1,64,243,beam,true,true,true,false,0,true,2.934839,2.934839,20,20,0,0,54,0,363,243,,
seeded-034,seeded,tight,20,beam-256,1,256,243,beam,true,true,true,false,0,true,2.934839,2.934839,20,20,0,0,54,0,363,243,,
seeded-034,seeded,infeasible,15.5,auto-exact-4096,4096,256,243,,false,false,true,false,,,,,,,,,,,363,243,,
seeded-034,seeded,infeasible,15.5,beam-1,1,1,243,,false,false,true,false,,,,,,,,,,,363,243,,
seeded-034,seeded,infeasible,15.5,beam-4,1,4,243,,false,false,true,false,,,,,,,,,,,363,243,,
seeded-034,seeded,infeasible,15.5,beam-16,1,16,243,,false,false,true,false,,,,,,,,,,,363,243,,
seeded-034,seeded,infeasible,15.5,beam-64,1,64,243,,false,false,true,false,,,,,,,,,,,363,243,,
seeded-034,seeded,infeasible,15.5,beam-256,1,256,243,,false,false,true,false,,,,,,,,,,,363,243,,
seeded-035,seeded,unconstrained,,auto-exact-4096,4096,256,4096,exact,true,true,true,false,0,true,3.7388500000000002,3.7388500000000002,28,28,0,0,5460,0,5460,4096,,
seeded-035,seeded,unconstrained,,beam-1,1,1,4096,beam,true,true,true,false,0.014032000000000266,false,3.7388500000000002,3.724818,28,27,0,1,24,18,5460,4096,,
seeded-035,seeded,unconstrained,,beam-4,1,4,4096,beam,true,true,true,false,0,true,3.7388500000000002,3.7388500000000002,28,28,0,0,84,60,5460,4096,,
seeded-035,seeded,unconstrained,,beam-16,1,16,4096,beam,true,true,true,false,0,true,3.7388500000000002,3.7388500000000002,28,28,0,0,276,192,5460,4096,,
seeded-035,seeded,unconstrained,,beam-64,1,64,4096,beam,true,true,true,false,0,true,3.7388500000000002,3.7388500000000002,28,28,0,0,852,576,5460,4096,,
seeded-035,seeded,unconstrained,,beam-256,1,256,4096,beam,true,true,true,false,0,true,3.7388500000000002,3.7388500000000002,28,28,0,0,2388,1536,5460,4096,,
seeded-035,seeded,tight,22,auto-exact-4096,4096,256,4096,exact,true,true,true,false,0,true,3.7187629999999996,3.7187629999999996,16,16,1,1,490,0,5460,4096,,
seeded-035,seeded,tight,22,beam-1,1,1,4096,beam,true,true,true,false,0.028224999999999945,false,3.7187629999999996,3.6905379999999997,16,15,1,2,24,18,5460,4096,,
seeded-035,seeded,tight,22,beam-4,1,4,4096,beam,true,true,true,false,0.003757999999999484,false,3.7187629999999996,3.715005,16,20,1,2,59,35,5460,4096,,
seeded-035,seeded,tight,22,beam-16,1,16,4096,beam,true,true,true,false,0,true,3.7187629999999996,3.7187629999999996,16,16,1,1,153,73,5460,4096,,
seeded-035,seeded,tight,22,beam-64,1,64,4096,beam,true,true,true,false,0,true,3.7187629999999996,3.7187629999999996,16,16,1,1,366,131,5460,4096,,
seeded-035,seeded,tight,22,beam-256,1,256,4096,beam,true,true,true,false,0,true,3.7187629999999996,3.7187629999999996,16,16,1,1,490,0,5460,4096,,
seeded-035,seeded,infeasible,14.5,auto-exact-4096,4096,256,4096,,false,false,true,false,,,,,,,,,,,5460,4096,,
seeded-035,seeded,infeasible,14.5,beam-1,1,1,4096,,false,false,true,false,,,,,,,,,,,5460,4096,,
seeded-035,seeded,infeasible,14.5,beam-4,1,4,4096,,false,false,true,false,,,,,,,,,,,5460,4096,,
seeded-035,seeded,infeasible,14.5,beam-16,1,16,4096,,false,false,true,false,,,,,,,,,,,5460,4096,,
seeded-035,seeded,infeasible,14.5,beam-64,1,64,4096,,false,false,true,false,,,,,,,,,,,5460,4096,,
seeded-035,seeded,infeasible,14.5,beam-256,1,256,4096,,false,false,true,false,,,,,,,,,,,5460,4096,,
seeded-036,seeded,unconstrained,,auto-exact-4096,4096,256,8,exact,true,true,true,false,0,true,1.609444,1.6094439999999999,18,18,1,1,14,0,14,8,,
seeded-036,seeded,unconstrained,,beam-1,1,1,8,beam,true,true,true,false,0,true,1.609444,1.6094439999999999,18,18,1,1,6,3,14,8,,
seeded-036,seeded,unconstrained,,beam-4,1,4,8,beam,true,true,true,false,0,true,1.609444,1.6094439999999999,18,18,1,1,14,4,14,8,,
seeded-036,seeded,unconstrained,,beam-16,1,16,8,beam,true,true,true,false,0,true,1.609444,1.6094439999999999,18,18,1,1,14,0,14,8,,
seeded-036,seeded,unconstrained,,beam-64,1,64,8,beam,true,true,true,false,0,true,1.609444,1.6094439999999999,18,18,1,1,14,0,14,8,,
seeded-036,seeded,unconstrained,,beam-256,1,256,8,beam,true,true,true,false,0,true,1.609444,1.6094439999999999,18,18,1,1,14,0,14,8,,
seeded-036,seeded,tight,13,auto-exact-4096,4096,256,8,exact,true,true,true,false,0,true,1.514203,1.514203,13,13,1,1,4,0,14,8,,
seeded-036,seeded,tight,13,beam-1,1,1,8,beam,true,true,true,false,0,true,1.514203,1.514203,13,13,1,1,4,1,14,8,,
seeded-036,seeded,tight,13,beam-4,1,4,8,beam,true,true,true,false,0,true,1.514203,1.514203,13,13,1,1,4,0,14,8,,
seeded-036,seeded,tight,13,beam-16,1,16,8,beam,true,true,true,false,0,true,1.514203,1.514203,13,13,1,1,4,0,14,8,,
seeded-036,seeded,tight,13,beam-64,1,64,8,beam,true,true,true,false,0,true,1.514203,1.514203,13,13,1,1,4,0,14,8,,
seeded-036,seeded,tight,13,beam-256,1,256,8,beam,true,true,true,false,0,true,1.514203,1.514203,13,13,1,1,4,0,14,8,,
seeded-036,seeded,infeasible,11.5,auto-exact-4096,4096,256,8,,false,false,true,false,,,,,,,,,,,14,8,,
seeded-036,seeded,infeasible,11.5,beam-1,1,1,8,,false,false,true,false,,,,,,,,,,,14,8,,
seeded-036,seeded,infeasible,11.5,beam-4,1,4,8,,false,false,true,false,,,,,,,,,,,14,8,,
seeded-036,seeded,infeasible,11.5,beam-16,1,16,8,,false,false,true,false,,,,,,,,,,,14,8,,
seeded-036,seeded,infeasible,11.5,beam-64,1,64,8,,false,false,true,false,,,,,,,,,,,14,8,,
seeded-036,seeded,infeasible,11.5,beam-256,1,256,8,,false,false,true,false,,,,,,,,,,,14,8,,
seeded-037,seeded,unconstrained,,auto-exact-4096,4096,256,81,exact,true,true,true,false,0,true,2.683889,2.683889,32,32,4,4,120,0,120,81,,
seeded-037,seeded,unconstrained,,beam-1,1,1,81,beam,true,true,true,false,0,true,2.683889,2.683889,32,32,4,4,12,8,120,81,,
seeded-037,seeded,unconstrained,,beam-4,1,4,81,beam,true,true,true,false,0,true,2.683889,2.683889,32,32,4,4,36,21,120,81,,
seeded-037,seeded,unconstrained,,beam-16,1,16,81,beam,true,true,true,false,0,true,2.683889,2.683889,32,32,4,4,87,43,120,81,,
seeded-037,seeded,unconstrained,,beam-64,1,64,81,beam,true,true,true,false,0,true,2.683889,2.683889,32,32,4,4,120,17,120,81,,
seeded-037,seeded,unconstrained,,beam-256,1,256,81,beam,true,true,true,false,0,true,2.683889,2.683889,32,32,4,4,120,0,120,81,,
seeded-037,seeded,tight,17,auto-exact-4096,4096,256,81,exact,true,true,true,false,0,true,2.3364480000000003,2.3364480000000003,17,17,3,3,22,0,120,81,,
seeded-037,seeded,tight,17,beam-1,1,1,81,beam,true,true,true,false,0.04736899999999977,false,2.3364480000000003,2.2890790000000005,17,15,3,4,10,6,120,81,,
seeded-037,seeded,tight,17,beam-4,1,4,81,beam,true,true,true,false,0,true,2.3364480000000003,2.3364480000000003,17,17,3,3,20,5,120,81,,
seeded-037,seeded,tight,17,beam-16,1,16,81,beam,true,true,true,false,0,true,2.3364480000000003,2.3364480000000003,17,17,3,3,22,0,120,81,,
seeded-037,seeded,tight,17,beam-64,1,64,81,beam,true,true,true,false,0,true,2.3364480000000003,2.3364480000000003,17,17,3,3,22,0,120,81,,
seeded-037,seeded,tight,17,beam-256,1,256,81,beam,true,true,true,false,0,true,2.3364480000000003,2.3364480000000003,17,17,3,3,22,0,120,81,,
seeded-037,seeded,infeasible,11.5,auto-exact-4096,4096,256,81,,false,false,true,false,,,,,,,,,,,120,81,,
seeded-037,seeded,infeasible,11.5,beam-1,1,1,81,,false,false,true,false,,,,,,,,,,,120,81,,
seeded-037,seeded,infeasible,11.5,beam-4,1,4,81,,false,false,true,false,,,,,,,,,,,120,81,,
seeded-037,seeded,infeasible,11.5,beam-16,1,16,81,,false,false,true,false,,,,,,,,,,,120,81,,
seeded-037,seeded,infeasible,11.5,beam-64,1,64,81,,false,false,true,false,,,,,,,,,,,120,81,,
seeded-037,seeded,infeasible,11.5,beam-256,1,256,81,,false,false,true,false,,,,,,,,,,,120,81,,
seeded-038,seeded,unconstrained,,auto-exact-4096,4096,256,1024,exact,true,true,true,false,0,true,3.091908,3.091908,27,27,0,0,1364,0,1364,1024,,
seeded-038,seeded,unconstrained,,beam-1,1,1,1024,beam,true,true,true,false,0.051423999999999914,false,3.091908,3.040484,27,22,0,4,20,15,1364,1024,,
seeded-038,seeded,unconstrained,,beam-4,1,4,1024,beam,true,true,true,false,0.006707999999999714,false,3.091908,3.0852000000000004,27,17,0,0,68,48,1364,1024,,
seeded-038,seeded,unconstrained,,beam-16,1,16,1024,beam,true,true,true,false,0,true,3.091908,3.091908,27,27,0,0,212,144,1364,1024,,
seeded-038,seeded,unconstrained,,beam-64,1,64,1024,beam,true,true,true,false,0,true,3.091908,3.091908,27,27,0,0,596,384,1364,1024,,
seeded-038,seeded,unconstrained,,beam-256,1,256,1024,beam,true,true,true,false,0,true,3.091908,3.091908,27,27,0,0,1364,768,1364,1024,,
seeded-038,seeded,tight,16,auto-exact-4096,4096,256,1024,exact,true,true,true,false,0,true,3.0306580000000003,3.0306580000000003,14,14,4,4,96,0,1364,1024,,
seeded-038,seeded,tight,16,beam-1,1,1,1024,beam,true,true,true,false,0,true,3.0306580000000003,3.0306580000000003,14,14,4,4,18,13,1364,1024,,
seeded-038,seeded,tight,16,beam-4,1,4,1024,beam,true,true,true,false,0,true,3.0306580000000003,3.0306580000000003,14,14,4,4,41,21,1364,1024,,
seeded-038,seeded,tight,16,beam-16,1,16,1024,beam,true,true,true,false,0,true,3.0306580000000003,3.0306580000000003,14,14,4,4,89,31,1364,1024,,
seeded-038,seeded,tight,16,beam-64,1,64,1024,beam,true,true,true,false,0,true,3.0306580000000003,3.0306580000000003,14,14,4,4,96,0,1364,1024,,
seeded-038,seeded,tight,16,beam-256,1,256,1024,beam,true,true,true,false,0,true,3.0306580000000003,3.0306580000000003,14,14,4,4,96,0,1364,1024,,
seeded-038,seeded,infeasible,9.5,auto-exact-4096,4096,256,1024,,false,false,true,false,,,,,,,,,,,1364,1024,,
seeded-038,seeded,infeasible,9.5,beam-1,1,1,1024,,false,false,true,false,,,,,,,,,,,1364,1024,,
seeded-038,seeded,infeasible,9.5,beam-4,1,4,1024,,false,false,true,false,,,,,,,,,,,1364,1024,,
seeded-038,seeded,infeasible,9.5,beam-16,1,16,1024,,false,false,true,false,,,,,,,,,,,1364,1024,,
seeded-038,seeded,infeasible,9.5,beam-64,1,64,1024,,false,false,true,false,,,,,,,,,,,1364,1024,,
seeded-038,seeded,infeasible,9.5,beam-256,1,256,1024,,false,false,true,false,,,,,,,,,,,1364,1024,,
seeded-039,seeded,unconstrained,,auto-exact-4096,4096,256,64,exact,true,true,true,false,0,true,3.35856,3.35856,32,32,0,0,126,0,126,64,,
seeded-039,seeded,unconstrained,,beam-1,1,1,64,beam,true,true,true,false,0,true,3.35856,3.35856,32,32,0,0,12,6,126,64,,
seeded-039,seeded,unconstrained,,beam-4,1,4,64,beam,true,true,true,false,0,true,3.35856,3.35856,32,32,0,0,38,16,126,64,,
seeded-039,seeded,unconstrained,,beam-16,1,16,64,beam,true,true,true,false,0,true,3.35856,3.35856,32,32,0,0,94,32,126,64,,
seeded-039,seeded,unconstrained,,beam-64,1,64,64,beam,true,true,true,false,0,true,3.35856,3.35856,32,32,0,0,126,0,126,64,,
seeded-039,seeded,unconstrained,,beam-256,1,256,64,beam,true,true,true,false,0,true,3.35856,3.35856,32,32,0,0,126,0,126,64,,
seeded-039,seeded,tight,28,auto-exact-4096,4096,256,64,exact,true,true,true,false,0,true,3.3148750000000002,3.3148750000000002,27,27,4,4,44,0,126,64,,
seeded-039,seeded,tight,28,beam-1,1,1,64,beam,true,true,true,false,0.046857999999999844,false,3.3148750000000002,3.2680170000000004,27,27,4,4,11,5,126,64,,
seeded-039,seeded,tight,28,beam-4,1,4,64,beam,true,true,true,false,0,true,3.3148750000000002,3.3148750000000002,27,27,4,4,30,8,126,64,,
seeded-039,seeded,tight,28,beam-16,1,16,64,beam,true,true,true,false,0,true,3.3148750000000002,3.3148750000000002,27,27,4,4,44,0,126,64,,
seeded-039,seeded,tight,28,beam-64,1,64,64,beam,true,true,true,false,0,true,3.3148750000000002,3.3148750000000002,27,27,4,4,44,0,126,64,,
seeded-039,seeded,tight,28,beam-256,1,256,64,beam,true,true,true,false,0,true,3.3148750000000002,3.3148750000000002,27,27,4,4,44,0,126,64,,
seeded-039,seeded,infeasible,23.5,auto-exact-4096,4096,256,64,,false,false,true,false,,,,,,,,,,,126,64,,
seeded-039,seeded,infeasible,23.5,beam-1,1,1,64,,false,false,true,false,,,,,,,,,,,126,64,,
seeded-039,seeded,infeasible,23.5,beam-4,1,4,64,,false,false,true,false,,,,,,,,,,,126,64,,
seeded-039,seeded,infeasible,23.5,beam-16,1,16,64,,false,false,true,false,,,,,,,,,,,126,64,,
seeded-039,seeded,infeasible,23.5,beam-64,1,64,64,,false,false,true,false,,,,,,,,,,,126,64,,
seeded-039,seeded,infeasible,23.5,beam-256,1,256,64,,false,false,true,false,,,,,,,,,,,126,64,,
seeded-040,seeded,unconstrained,,auto-exact-4096,4096,256,27,exact,true,true,true,false,0,true,1.945509,1.9455090000000002,20,20,2,2,39,0,39,27,,
seeded-040,seeded,unconstrained,,beam-1,1,1,27,beam,true,true,true,false,0,true,1.945509,1.9455090000000002,20,20,2,2,9,6,39,27,,
seeded-040,seeded,unconstrained,,beam-4,1,4,27,beam,true,true,true,false,0,true,1.945509,1.9455090000000002,20,20,2,2,24,13,39,27,,
seeded-040,seeded,unconstrained,,beam-16,1,16,27,beam,true,true,true,false,0,true,1.945509,1.9455090000000002,20,20,2,2,39,11,39,27,,
seeded-040,seeded,unconstrained,,beam-64,1,64,27,beam,true,true,true,false,0,true,1.945509,1.9455090000000002,20,20,2,2,39,0,39,27,,
seeded-040,seeded,unconstrained,,beam-256,1,256,27,beam,true,true,true,false,0,true,1.945509,1.9455090000000002,20,20,2,2,39,0,39,27,,
seeded-040,seeded,tight,10,auto-exact-4096,4096,256,27,exact,true,true,true,false,0,true,1.710129,1.7101290000000002,10,10,1,1,16,0,39,27,,
seeded-040,seeded,tight,10,beam-1,1,1,27,beam,true,true,true,false,0.03484899999999991,false,1.710129,1.67528,10,9,1,1,8,5,39,27,,
seeded-040,seeded,tight,10,beam-4,1,4,27,beam,true,true,true,false,0,true,1.710129,1.7101290000000002,10,10,1,1,16,6,39,27,,
seeded-040,seeded,tight,10,beam-16,1,16,27,beam,true,true,true,false,0,true,1.710129,1.7101290000000002,10,10,1,1,16,0,39,27,,
seeded-040,seeded,tight,10,beam-64,1,64,27,beam,true,true,true,false,0,true,1.710129,1.7101290000000002,10,10,1,1,16,0,39,27,,
seeded-040,seeded,tight,10,beam-256,1,256,27,beam,true,true,true,false,0,true,1.710129,1.7101290000000002,10,10,1,1,16,0,39,27,,
seeded-040,seeded,infeasible,6.5,auto-exact-4096,4096,256,27,,false,false,true,false,,,,,,,,,,,39,27,,
seeded-040,seeded,infeasible,6.5,beam-1,1,1,27,,false,false,true,false,,,,,,,,,,,39,27,,
seeded-040,seeded,infeasible,6.5,beam-4,1,4,27,,false,false,true,false,,,,,,,,,,,39,27,,
seeded-040,seeded,infeasible,6.5,beam-16,1,16,27,,false,false,true,false,,,,,,,,,,,39,27,,
seeded-040,seeded,infeasible,6.5,beam-64,1,64,27,,false,false,true,false,,,,,,,,,,,39,27,,
seeded-040,seeded,infeasible,6.5,beam-256,1,256,27,,false,false,true,false,,,,,,,,,,,39,27,,
seeded-041,seeded,unconstrained,,auto-exact-4096,4096,256,256,exact,true,true,true,false,0,true,2.508456,2.508456,26,26,0,0,340,0,340,256,,
seeded-041,seeded,unconstrained,,beam-1,1,1,256,beam,true,true,true,false,0.014904000000000028,false,2.508456,2.4935519999999998,26,23,0,2,16,12,340,256,,
seeded-041,seeded,unconstrained,,beam-4,1,4,256,beam,true,true,true,false,0,true,2.508456,2.508456,26,26,0,0,52,36,340,256,,
seeded-041,seeded,unconstrained,,beam-16,1,16,256,beam,true,true,true,false,0,true,2.508456,2.508456,26,26,0,0,148,96,340,256,,
seeded-041,seeded,unconstrained,,beam-64,1,64,256,beam,true,true,true,false,0,true,2.508456,2.508456,26,26,0,0,340,192,340,256,,
seeded-041,seeded,unconstrained,,beam-256,1,256,256,beam,true,true,true,false,0,true,2.508456,2.508456,26,26,0,0,340,0,340,256,,
seeded-041,seeded,tight,17,auto-exact-4096,4096,256,256,exact,true,true,true,false,0,true,2.469146,2.469146,14,14,0,0,81,0,340,256,,
seeded-041,seeded,tight,17,beam-1,1,1,256,beam,true,true,true,false,0.01157299999999939,false,2.469146,2.4575730000000005,14,16,0,4,14,10,340,256,,
seeded-041,seeded,tight,17,beam-4,1,4,256,beam,true,true,true,false,0,true,2.469146,2.469146,14,14,0,0,35,19,340,256,,
seeded-041,seeded,tight,17,beam-16,1,16,256,beam,true,true,true,false,0,true,2.469146,2.469146,14,14,0,0,79,29,340,256,,
seeded-041,seeded,tight,17,beam-64,1,64,256,beam,true,true,true,false,0,true,2.469146,2.469146,14,14,0,0,81,0,340,256,,
seeded-041,seeded,tight,17,beam-256,1,256,256,beam,true,true,true,false,0,true,2.469146,2.469146,14,14,0,0,81,0,340,256,,
seeded-041,seeded,infeasible,12.5,auto-exact-4096,4096,256,256,,false,false,true,false,,,,,,,,,,,340,256,,
seeded-041,seeded,infeasible,12.5,beam-1,1,1,256,,false,false,true,false,,,,,,,,,,,340,256,,
seeded-041,seeded,infeasible,12.5,beam-4,1,4,256,,false,false,true,false,,,,,,,,,,,340,256,,
seeded-041,seeded,infeasible,12.5,beam-16,1,16,256,,false,false,true,false,,,,,,,,,,,340,256,,
seeded-041,seeded,infeasible,12.5,beam-64,1,64,256,,false,false,true,false,,,,,,,,,,,340,256,,
seeded-041,seeded,infeasible,12.5,beam-256,1,256,256,,false,false,true,false,,,,,,,,,,,340,256,,
seeded-042,seeded,unconstrained,,auto-exact-4096,4096,256,32,exact,true,true,true,false,0,true,2.785852,2.785852,19,19,0,0,62,0,62,32,,
seeded-042,seeded,unconstrained,,beam-1,1,1,32,beam,true,true,true,false,0,true,2.785852,2.785852,19,19,0,0,10,5,62,32,,
seeded-042,seeded,unconstrained,,beam-4,1,4,32,beam,true,true,true,false,0,true,2.785852,2.785852,19,19,0,0,30,12,62,32,,
seeded-042,seeded,unconstrained,,beam-16,1,16,32,beam,true,true,true,false,0,true,2.785852,2.785852,19,19,0,0,62,16,62,32,,
seeded-042,seeded,unconstrained,,beam-64,1,64,32,beam,true,true,true,false,0,true,2.785852,2.785852,19,19,0,0,62,0,62,32,,
seeded-042,seeded,unconstrained,,beam-256,1,256,32,beam,true,true,true,false,0,true,2.785852,2.785852,19,19,0,0,62,0,62,32,,
seeded-042,seeded,tight,16,auto-exact-4096,4096,256,32,exact,true,true,true,false,0,true,2.6603570000000003,2.660357,14,14,4,4,26,0,62,32,,
seeded-042,seeded,tight,16,beam-1,1,1,32,beam,true,true,true,false,0,true,2.6603570000000003,2.660357,14,14,4,4,8,3,62,32,,
seeded-042,seeded,tight,16,beam-4,1,4,32,beam,true,true,true,false,0,true,2.6603570000000003,2.660357,14,14,4,4,22,4,62,32,,
seeded-042,seeded,tight,16,beam-16,1,16,32,beam,true,true,true,false,0,true,2.6603570000000003,2.660357,14,14,4,4,26,0,62,32,,
seeded-042,seeded,tight,16,beam-64,1,64,32,beam,true,true,true,false,0,true,2.6603570000000003,2.660357,14,14,4,4,26,0,62,32,,
seeded-042,seeded,tight,16,beam-256,1,256,32,beam,true,true,true,false,0,true,2.6603570000000003,2.660357,14,14,4,4,26,0,62,32,,
seeded-042,seeded,infeasible,13.5,auto-exact-4096,4096,256,32,,false,false,true,false,,,,,,,,,,,62,32,,
seeded-042,seeded,infeasible,13.5,beam-1,1,1,32,,false,false,true,false,,,,,,,,,,,62,32,,
seeded-042,seeded,infeasible,13.5,beam-4,1,4,32,,false,false,true,false,,,,,,,,,,,62,32,,
seeded-042,seeded,infeasible,13.5,beam-16,1,16,32,,false,false,true,false,,,,,,,,,,,62,32,,
seeded-042,seeded,infeasible,13.5,beam-64,1,64,32,,false,false,true,false,,,,,,,,,,,62,32,,
seeded-042,seeded,infeasible,13.5,beam-256,1,256,32,,false,false,true,false,,,,,,,,,,,62,32,,
seeded-043,seeded,unconstrained,,auto-exact-4096,4096,256,729,exact,true,true,true,false,0,true,4.031703,4.031703,45,45,2,2,1092,0,1092,729,,
seeded-043,seeded,unconstrained,,beam-1,1,1,729,beam,true,true,true,false,0.01315299999999997,false,4.031703,4.01855,45,46,2,4,18,12,1092,729,,
seeded-043,seeded,unconstrained,,beam-4,1,4,729,beam,true,true,true,false,0,true,4.031703,4.031703,45,45,2,2,60,37,1092,729,,
seeded-043,seeded,unconstrained,,beam-16,1,16,729,beam,true,true,true,false,0,true,4.031703,4.031703,45,45,2,2,183,107,1092,729,,
seeded-043,seeded,unconstrained,,beam-64,1,64,729,beam,true,true,true,false,0,true,4.031703,4.031703,45,45,2,2,504,273,1092,729,,
seeded-043,seeded,unconstrained,,beam-256,1,256,729,beam,true,true,true,false,0,true,4.031703,4.031703,45,45,2,2,1092,473,1092,729,,
seeded-043,seeded,tight,27,auto-exact-4096,4096,256,729,exact,true,true,true,false,0,true,3.596462,3.596462,27,27,1,1,164,0,1092,729,,
seeded-043,seeded,tight,27,beam-1,1,1,729,beam,true,true,true,false,0.11745500000000009,false,3.596462,3.4790069999999997,27,24,1,4,17,11,1092,729,,
seeded-043,seeded,tight,27,beam-4,1,4,729,beam,true,true,true,false,0.034581999999999447,false,3.596462,3.5618800000000004,27,27,1,3,38,15,1092,729,,
seeded-043,seeded,tight,27,beam-16,1,16,729,beam,true,true,true,false,0.00867600000000035,false,3.596462,3.5877859999999995,27,27,1,1,92,19,1092,729,,
seeded-043,seeded,tight,27,beam-64,1,64,729,beam,true,true,true,false,0,true,3.596462,3.596462,27,27,1,1,164,4,1092,729,,
seeded-043,seeded,tight,27,beam-256,1,256,729,beam,true,true,true,false,0,true,3.596462,3.596462,27,27,1,1,164,0,1092,729,,
seeded-043,seeded,infeasible,20.5,auto-exact-4096,4096,256,729,,false,false,true,false,,,,,,,,,,,1092,729,,
seeded-043,seeded,infeasible,20.5,beam-1,1,1,729,,false,false,true,false,,,,,,,,,,,1092,729,,
seeded-043,seeded,infeasible,20.5,beam-4,1,4,729,,false,false,true,false,,,,,,,,,,,1092,729,,
seeded-043,seeded,infeasible,20.5,beam-16,1,16,729,,false,false,true,false,,,,,,,,,,,1092,729,,
seeded-043,seeded,infeasible,20.5,beam-64,1,64,729,,false,false,true,false,,,,,,,,,,,1092,729,,
seeded-043,seeded,infeasible,20.5,beam-256,1,256,729,,false,false,true,false,,,,,,,,,,,1092,729,,
seeded-044,seeded,unconstrained,,auto-exact-4096,4096,256,64,exact,true,true,true,false,0,true,1.886072,1.886072,17,17,0,0,84,0,84,64,,
seeded-044,seeded,unconstrained,,beam-1,1,1,64,beam,true,true,true,false,0.013719999999999954,false,1.886072,1.872352,17,17,0,1,12,9,84,64,,
seeded-044,seeded,unconstrained,,beam-4,1,4,64,beam,true,true,true,false,0,true,1.886072,1.886072,17,17,0,0,36,24,84,64,,
seeded-044,seeded,unconstrained,,beam-16,1,16,64,beam,true,true,true,false,0,true,1.886072,1.886072,17,17,0,0,84,48,84,64,,
seeded-044,seeded,unconstrained,,beam-64,1,64,64,beam,true,true,true,false,0,true,1.886072,1.886072,17,17,0,0,84,0,84,64,,
seeded-044,seeded,unconstrained,,beam-256,1,256,64,beam,true,true,true,false,0,true,1.886072,1.886072,17,17,0,0,84,0,84,64,,
seeded-044,seeded,tight,12,auto-exact-4096,4096,256,64,exact,true,true,true,false,0,true,1.862489,1.862489,11,11,0,0,26,0,84,64,,
seeded-044,seeded,tight,12,beam-1,1,1,64,beam,true,true,true,false,0.017851999999999757,false,1.862489,1.8446370000000003,11,8,0,2,10,7,84,64,,
seeded-044,seeded,tight,12,beam-4,1,4,64,beam,true,true,true,false,0,true,1.862489,1.862489,11,11,0,0,21,9,84,64,,
seeded-044,seeded,tight,12,beam-16,1,16,64,beam,true,true,true,false,0,true,1.862489,1.862489,11,11,0,0,26,0,84,64,,
seeded-044,seeded,tight,12,beam-64,1,64,64,beam,true,true,true,false,0,true,1.862489,1.862489,11,11,0,0,26,0,84,64,,
seeded-044,seeded,tight,12,beam-256,1,256,64,beam,true,true,true,false,0,true,1.862489,1.862489,11,11,0,0,26,0,84,64,,
seeded-044,seeded,infeasible,7.5,auto-exact-4096,4096,256,64,,false,false,true,false,,,,,,,,,,,84,64,,
seeded-044,seeded,infeasible,7.5,beam-1,1,1,64,,false,false,true,false,,,,,,,,,,,84,64,,
seeded-044,seeded,infeasible,7.5,beam-4,1,4,64,,false,false,true,false,,,,,,,,,,,84,64,,
seeded-044,seeded,infeasible,7.5,beam-16,1,16,64,,false,false,true,false,,,,,,,,,,,84,64,,
seeded-044,seeded,infeasible,7.5,beam-64,1,64,64,,false,false,true,false,,,,,,,,,,,84,64,,
seeded-044,seeded,infeasible,7.5,beam-256,1,256,64,,false,false,true,false,,,,,,,,,,,84,64,,
seeded-045,seeded,unconstrained,,auto-exact-4096,4096,256,16,exact,true,true,true,false,0,true,2.375243,2.3752430000000007,16,16,3,3,30,0,30,16,,
seeded-045,seeded,unconstrained,,beam-1,1,1,16,beam,true,true,true,false,0,true,2.375243,2.3752430000000007,16,16,3,3,8,4,30,16,,
seeded-045,seeded,unconstrained,,beam-4,1,4,16,beam,true,true,true,false,0,true,2.375243,2.3752430000000007,16,16,3,3,22,8,30,16,,
seeded-045,seeded,unconstrained,,beam-16,1,16,16,beam,true,true,true,false,0,true,2.375243,2.3752430000000007,16,16,3,3,30,0,30,16,,
seeded-045,seeded,unconstrained,,beam-64,1,64,16,beam,true,true,true,false,0,true,2.375243,2.3752430000000007,16,16,3,3,30,0,30,16,,
seeded-045,seeded,unconstrained,,beam-256,1,256,16,beam,true,true,true,false,0,true,2.375243,2.3752430000000007,16,16,3,3,30,0,30,16,,
seeded-045,seeded,tight,15,auto-exact-4096,4096,256,16,exact,true,true,true,false,0,true,2.323725,2.323725,12,12,2,2,10,0,30,16,,
seeded-045,seeded,tight,15,beam-1,1,1,16,beam,true,true,true,false,0,true,2.323725,2.323725,12,12,2,2,6,2,30,16,,
seeded-045,seeded,tight,15,beam-4,1,4,16,beam,true,true,true,false,0,true,2.323725,2.323725,12,12,2,2,10,0,30,16,,
seeded-045,seeded,tight,15,beam-16,1,16,16,beam,true,true,true,false,0,true,2.323725,2.323725,12,12,2,2,10,0,30,16,,
seeded-045,seeded,tight,15,beam-64,1,64,16,beam,true,true,true,false,0,true,2.323725,2.323725,12,12,2,2,10,0,30,16,,
seeded-045,seeded,tight,15,beam-256,1,256,16,beam,true,true,true,false,0,true,2.323725,2.323725,12,12,2,2,10,0,30,16,,
seeded-045,seeded,infeasible,11.5,auto-exact-4096,4096,256,16,,false,false,true,false,,,,,,,,,,,30,16,,
seeded-045,seeded,infeasible,11.5,beam-1,1,1,16,,false,false,true,false,,,,,,,,,,,30,16,,
seeded-045,seeded,infeasible,11.5,beam-4,1,4,16,,false,false,true,false,,,,,,,,,,,30,16,,
seeded-045,seeded,infeasible,11.5,beam-16,1,16,16,,false,false,true,false,,,,,,,,,,,30,16,,
seeded-045,seeded,infeasible,11.5,beam-64,1,64,16,,false,false,true,false,,,,,,,,,,,30,16,,
seeded-045,seeded,infeasible,11.5,beam-256,1,256,16,,false,false,true,false,,,,,,,,,,,30,16,,
seeded-046,seeded,unconstrained,,auto-exact-4096,4096,256,243,exact,true,true,true,false,0,true,3.2490660000000005,3.2490660000000005,35,35,4,4,363,0,363,243,,
seeded-046,seeded,unconstrained,,beam-1,1,1,243,beam,true,true,true,false,0,true,3.2490660000000005,3.2490660000000005,35,35,4,4,15,10,363,243,,
seeded-046,seeded,unconstrained,,beam-4,1,4,243,beam,true,true,true,false,0,true,3.2490660000000005,3.2490660000000005,35,35,4,4,48,29,363,243,,
seeded-046,seeded,unconstrained,,beam-16,1,16,243,beam,true,true,true,false,0,true,3.2490660000000005,3.2490660000000005,35,35,4,4,135,75,363,243,,
seeded-046,seeded,unconstrained,,beam-64,1,64,243,beam,true,true,true,false,0,true,3.2490660000000005,3.2490660000000005,35,35,4,4,312,145,363,243,,
seeded-046,seeded,unconstrained,,beam-256,1,256,243,beam,true,true,true,false,0,true,3.2490660000000005,3.2490660000000005,35,35,4,4,363,0,363,243,,
seeded-046,seeded,tight,16,auto-exact-4096,4096,256,243,exact,true,true,true,false,0,true,2.8250010000000003,2.8250010000000003,15,15,0,0,73,0,363,243,,
seeded-046,seeded,tight,16,beam-1,1,1,243,beam,true,true,true,false,0.07614100000000068,false,2.8250010000000003,2.7488599999999996,15,15,0,6,14,9,363,243,,
seeded-046,seeded,tight,16,beam-4,1,4,243,beam,true,true,true,false,0.05044100000000018,false,2.8250010000000003,2.77456,15,16,0,6,30,11,363,243,,
seeded-046,seeded,tight,16,beam-16,1,16,243,beam,true,true,true,false,0,true,2.8250010000000003,2.8250010000000003,15,15,0,0,60,10,363,243,,
seeded-046,seeded,tight,16,beam-64,1,64,243,beam,true,true,true,false,0,true,2.8250010000000003,2.8250010000000003,15,15,0,0,73,0,363,243,,
seeded-046,seeded,tight,16,beam-256,1,256,243,beam,true,true,true,false,0,true,2.8250010000000003,2.8250010000000003,15,15,0,0,73,0,363,243,,
seeded-046,seeded,infeasible,9.5,auto-exact-4096,4096,256,243,,false,false,true,false,,,,,,,,,,,363,243,,
seeded-046,seeded,infeasible,9.5,beam-1,1,1,243,,false,false,true,false,,,,,,,,,,,363,243,,
seeded-046,seeded,infeasible,9.5,beam-4,1,4,243,,false,false,true,false,,,,,,,,,,,363,243,,
seeded-046,seeded,infeasible,9.5,beam-16,1,16,243,,false,false,true,false,,,,,,,,,,,363,243,,
seeded-046,seeded,infeasible,9.5,beam-64,1,64,243,,false,false,true,false,,,,,,,,,,,363,243,,
seeded-046,seeded,infeasible,9.5,beam-256,1,256,243,,false,false,true,false,,,,,,,,,,,363,243,,
seeded-047,seeded,unconstrained,,auto-exact-4096,4096,256,4096,exact,true,true,true,false,0,true,3.7544070000000005,3.7544070000000005,27,27,0,0,5460,0,5460,4096,,
seeded-047,seeded,unconstrained,,beam-1,1,1,4096,beam,true,true,true,false,0.00936300000000001,false,3.7544070000000005,3.7450440000000005,27,34,0,2,24,18,5460,4096,,
seeded-047,seeded,unconstrained,,beam-4,1,4,4096,beam,true,true,true,false,0.00936300000000001,false,3.7544070000000005,3.7450440000000005,27,34,0,2,84,60,5460,4096,,
seeded-047,seeded,unconstrained,,beam-16,1,16,4096,beam,true,true,true,false,0,true,3.7544070000000005,3.7544070000000005,27,27,0,0,276,192,5460,4096,,
seeded-047,seeded,unconstrained,,beam-64,1,64,4096,beam,true,true,true,false,0,true,3.7544070000000005,3.7544070000000005,27,27,0,0,852,576,5460,4096,,
seeded-047,seeded,unconstrained,,beam-256,1,256,4096,beam,true,true,true,false,0,true,3.7544070000000005,3.7544070000000005,27,27,0,0,2388,1536,5460,4096,,
seeded-047,seeded,tight,22,auto-exact-4096,4096,256,4096,exact,true,true,true,false,0,true,3.700228,3.7002280000000005,22,22,3,3,612,0,5460,4096,,
seeded-047,seeded,tight,22,beam-1,1,1,4096,beam,true,true,true,false,0.0412659999999998,false,3.700228,3.6589620000000003,22,18,3,5,23,17,5460,4096,,
seeded-047,seeded,tight,22,beam-4,1,4,4096,beam,true,true,true,false,0.02721799999999952,false,3.700228,3.6730100000000006,22,21,3,3,60,36,5460,4096,,
seeded-047,seeded,tight,22,beam-16,1,16,4096,beam,true,true,true,false,0,true,3.700228,3.7002280000000005,22,22,3,3,162,80,5460,4096,,
seeded-047,seeded,tight,22,beam-64,1,64,4096,beam,true,true,true,false,0,true,3.700228,3.7002280000000005,22,22,3,3,380,134,5460,4096,,
seeded-047,seeded,tight,22,beam-256,1,256,4096,beam,true,true,true,false,0,true,3.700228,3.7002280000000005,22,22,3,3,612,18,5460,4096,,
seeded-047,seeded,infeasible,15.5,auto-exact-4096,4096,256,4096,,false,false,true,false,,,,,,,,,,,5460,4096,,
seeded-047,seeded,infeasible,15.5,beam-1,1,1,4096,,false,false,true,false,,,,,,,,,,,5460,4096,,
seeded-047,seeded,infeasible,15.5,beam-4,1,4,4096,,false,false,true,false,,,,,,,,,,,5460,4096,,
seeded-047,seeded,infeasible,15.5,beam-16,1,16,4096,,false,false,true,false,,,,,,,,,,,5460,4096,,
seeded-047,seeded,infeasible,15.5,beam-64,1,64,4096,,false,false,true,false,,,,,,,,,,,5460,4096,,
seeded-047,seeded,infeasible,15.5,beam-256,1,256,4096,,false,false,true,false,,,,,,,,,,,5460,4096,,
forced-B-final-1728,adversarial,unconstrained,,auto-exact-4096,4096,256,1728,exact,true,true,true,false,0,true,2.4,2.4,4,4,0,0,3612,0,3612,1728,,
forced-B-final-1728,adversarial,unconstrained,,beam-1,1,1,1728,beam,true,true,true,false,0.04170000000000007,false,2.4,2.3583,4,4,0,3,37,33,3612,1728,,
forced-B-final-1728,adversarial,unconstrained,,beam-4,1,4,1728,beam,true,true,true,false,0.04170000000000007,false,2.4,2.3583,4,4,0,3,112,96,3612,1728,,
forced-B-final-1728,adversarial,unconstrained,,beam-16,1,16,1728,beam,true,true,true,false,0.04170000000000007,false,2.4,2.3583,4,4,0,3,364,304,3612,1728,,
forced-B-final-1728,adversarial,unconstrained,,beam-64,1,64,1728,beam,true,true,true,false,0.04170000000000007,false,2.4,2.3583,4,4,0,3,988,784,3612,1728,,
forced-B-final-1728,adversarial,unconstrained,,beam-256,1,256,1728,beam,true,true,true,false,0.04170000000000007,false,2.4,2.3583,4,4,0,3,2140,1472,3612,1728,,
forced-B-final-1728,adversarial,tight,4,auto-exact-4096,4096,256,1728,exact,true,true,true,false,0,true,2.4,2.4,4,4,0,0,3612,0,3612,1728,,
forced-B-final-1728,adversarial,tight,4,beam-1,1,1,1728,beam,true,true,true,false,0.04170000000000007,false,2.4,2.3583,4,4,0,3,37,33,3612,1728,,
forced-B-final-1728,adversarial,tight,4,beam-4,1,4,1728,beam,true,true,true,false,0.04170000000000007,false,2.4,2.3583,4,4,0,3,112,96,3612,1728,,
forced-B-final-1728,adversarial,tight,4,beam-16,1,16,1728,beam,true,true,true,false,0.04170000000000007,false,2.4,2.3583,4,4,0,3,364,304,3612,1728,,
forced-B-final-1728,adversarial,tight,4,beam-64,1,64,1728,beam,true,true,true,false,0.04170000000000007,false,2.4,2.3583,4,4,0,3,988,784,3612,1728,,
forced-B-final-1728,adversarial,tight,4,beam-256,1,256,1728,beam,true,true,true,false,0.04170000000000007,false,2.4,2.3583,4,4,0,3,2140,1472,3612,1728,,
forced-B-final-1728,adversarial,infeasible,3.5,auto-exact-4096,4096,256,1728,,false,false,true,false,,,,,,,,,,,3612,1728,,
forced-B-final-1728,adversarial,infeasible,3.5,beam-1,1,1,1728,,false,false,true,false,,,,,,,,,,,3612,1728,,
forced-B-final-1728,adversarial,infeasible,3.5,beam-4,1,4,1728,,false,false,true,false,,,,,,,,,,,3612,1728,,
forced-B-final-1728,adversarial,infeasible,3.5,beam-16,1,16,1728,,false,false,true,false,,,,,,,,,,,3612,1728,,
forced-B-final-1728,adversarial,infeasible,3.5,beam-64,1,64,1728,,false,false,true,false,,,,,,,,,,,3612,1728,,
forced-B-final-1728,adversarial,infeasible,3.5,beam-256,1,256,1728,,false,false,true,false,,,,,,,,,,,3612,1728,,
