instanceId,instanceKind,budgetMode,budget,method,configuredExactLimit,configuredBeamWidth,searchSpace,searchMethod,oracleFeasible,solverFeasible,feasibilityConsistent,budgetViolation,utilityGap,utilityOptimal,oracleUtility,solverUtility,oracleCost,solverCost,oracleHandoffs,solverHandoffs,expandedStates,beamPruned,oracleExpandedStates,oracleCompleteAssignments,oracleRuntimeMs,solverRuntimeMs
seeded-000,seeded,unconstrained,,auto-exact-4096,4096,256,8,exact,true,true,true,false,0,true,1.6643450000000002,1.6643450000000002,16,16,1,1,14,0,14,8,,
seeded-000,seeded,unconstrained,,beam-1,1,1,8,beam,true,true,true,false,0.0015929999999999556,false,1.6643450000000002,1.6627520000000002,16,12,1,2,6,3,14,8,,
seeded-000,seeded,unconstrained,,beam-4,1,4,8,beam,true,true,true,false,0,true,1.6643450000000002,1.6643450000000002,16,16,1,1,14,4,14,8,,
seeded-000,seeded,unconstrained,,beam-16,1,16,8,beam,true,true,true,false,0,true,1.6643450000000002,1.6643450000000002,16,16,1,1,14,0,14,8,,
seeded-000,seeded,unconstrained,,beam-64,1,64,8,beam,true,true,true,false,0,true,1.6643450000000002,1.6643450000000002,16,16,1,1,14,0,14,8,,
seeded-000,seeded,unconstrained,,beam-256,1,256,8,beam,true,true,true,false,0,true,1.6643450000000002,1.6643450000000002,16,16,1,1,14,0,14,8,,
seeded-000,seeded,tight,14,auto-exact-4096,4096,256,8,exact,true,true,true,false,0,true,1.662752,1.6627520000000002,12,12,2,2,4,0,14,8,,
seeded-000,seeded,tight,14,beam-1,1,1,8,beam,true,true,true,false,0,true,1.662752,1.6627520000000002,12,12,2,2,4,1,14,8,,
seeded-000,seeded,tight,14,beam-4,1,4,8,beam,true,true,true,false,0,true,1.662752,1.6627520000000002,12,12,2,2,4,0,14,8,,
seeded-000,seeded,tight,14,beam-16,1,16,8,beam,true,true,true,false,0,true,1.662752,1.6627520000000002,12,12,2,2,4,0,14,8,,
seeded-000,seeded,tight,14,beam-64,1,64,8,beam,true,true,true,false,0,true,1.662752,1.6627520000000002,12,12,2,2,4,0,14,8,,
seeded-000,seeded,tight,14,beam-256,1,256,8,beam,true,true,true,false,0,true,1.662752,1.6627520000000002,12,12,2,2,4,0,14,8,,
seeded-000,seeded,infeasible,11.5,auto-exact-4096,4096,256,8,,false,false,true,false,,,,,,,,,,,14,8,,
seeded-000,seeded,infeasible,11.5,beam-1,1,1,8,,false,false,true,false,,,,,,,,,,,14,8,,
seeded-000,seeded,infeasible,11.5,beam-4,1,4,8,,false,false,true,false,,,,,,,,,,,14,8,,
seeded-000,seeded,infeasible,11.5,beam-16,1,16,8,,false,false,true,false,,,,,,,,,,,14,8,,
seeded-000,seeded,infeasible,11.5,beam-64,1,64,8,,false,false,true,false,,,,,,,,,,,14,8,,
seeded-000,seeded,infeasible,11.5,beam-256,1,256,8,,false,false,true,false,,,,,,,,,,,14,8,,
seeded-001,seeded,unconstrained,,auto-exact-4096,4096,256,81,exact,true,true,true,false,0,true,2.529083,2.5290830000000004,25,25,4,4,120,0,120,81,,
seeded-001,seeded,unconstrained,,beam-1,1,1,81,beam,true,true,true,false,0,true,2.529083,2.5290830000000004,25,25,4,4,12,8,120,81,,
seeded-001,seeded,unconstrained,,beam-4,1,4,81,beam,true,true,true,false,0,true,2.529083,2.5290830000000004,25,25,4,4,36,21,120,81,,
seeded-001,seeded,unconstrained,,beam-16,1,16,81,beam,true,true,true,false,0,true,2.529083,2.5290830000000004,25,25,4,4,87,43,120,81,,
seeded-001,seeded,unconstrained,,beam-64,1,64,81,beam,true,true,true,false,0,true,2.529083,2.5290830000000004,25,25,4,4,120,17,120,81,,
seeded-001,seeded,unconstrained,,beam-256,1,256,81,beam,true,true,true,false,0,true,2.529083,2.5290830000000004,25,25,4,4,120,0,120,81,,
seeded-001,seeded,tight,16,auto-exact-4096,4096,256,81,exact,true,true,true,false,0,true,2.3226549999999997,2.3226550000000006,16,16,4,4,35,0,120,81,,
seeded-001,seeded,tight,16,beam-1,1,1,81,beam,true,true,true,false,0.055204999999999504,false,2.3226549999999997,2.26745,16,14,4,4,10,6,120,81,,
seeded-001,seeded,tight,16,beam-4,1,4,81,beam,true,true,true,false,0,true,2.3226549999999997,2.3226550000000006,16,16,4,4,22,7,120,81,,
seeded-001,seeded,tight,16,beam-16,1,16,81,beam,true,true,true,false,0,true,2.3226549999999997,2.3226550000000006,16,16,4,4,35,2,120,81,,
seeded-001,seeded,tight,16,beam-64,1,64,81,beam,true,true,true,false,0,true,2.3226549999999997,2.3226550000000006,16,16,4,4,35,0,120,81,,
seeded-001,seeded,tight,16,beam-256,1,256,81,beam,true,true,true,false,0,true,2.3226549999999997,2.3226550000000006,16,16,4,4,35,0,120,81,,
seeded-001,seeded,infeasible,12.5,auto-exact-4096,4096,256,81,,false,false,true,false,,,,,,,,,,,120,81,,
seeded-001,seeded,infeasible,12.5,beam-1,1,1,81,,false,false,true,false,,,,,,,,,,,120,81,,
seeded-001,seeded,infeasible,12.5,beam-4,1,4,81,,false,false,true,false,,,,,,,,,,,120,81,,
seeded-001,seeded,infeasible,12.5,beam-16,1,16,81,,false,false,true,false,,,,,,,,,,,120,81,,
seeded-001,seeded,infeasible,12.5,beam-64,1,64,81,,false,false,true,false,,,,,,,,,,,120,81,,
seeded-001,seeded,infeasible,12.5,beam-256,1,256,81,,false,false,true,false,,,,,,,,,,,120,81,,
seeded-002,seeded,unconstrained,,auto-exact-4096,4096,256,1024,exact,true,true,true,false,0,true,3.154545,3.154545,24,24,0,0,1364,0,1364,1024,,
seeded-002,seeded,unconstrained,,beam-1,1,1,1024,beam,true,true,true,false,0.03663700000000025,false,3.154545,3.117908,24,21,0,0,20,15,1364,1024,,
seeded-002,seeded,unconstrained,,beam-4,1,4,1024,beam,true,true,true,false,0,true,3.154545,3.154545,24,24,0,0,68,48,1364,1024,,
seeded-002,seeded,unconstrained,,beam-16,1,16,1024,beam,true,true,true,false,0,true,3.154545,3.154545,24,24,0,0,212,144,1364,1024,,
seeded-002,seeded,unconstrained,,beam-64,1,64,1024,beam,true,true,true,false,0,true,3.154545,3.154545,24,24,0,0,596,384,1364,1024,,
seeded-002,seeded,unconstrained,,beam-256,1,256,1024,beam,true,true,true,false,0,true,3.154545,3.154545,24,24,0,0,1364,768,1364,1024,,
seeded-002,seeded,tight,21,auto-exact-4096,4096,256,1024,exact,true,true,true,false,0,true,3.117908,3.117908,21,21,0,0,244,0,1364,1024,,
seeded-002,seeded,tight,21,beam-1,1,1,1024,beam,true,true,true,false,0.06642599999999943,false,3.117908,3.0514820000000005,21,16,0,6,19,14,1364,1024,,
seeded-002,seeded,tight,21,beam-4,1,4,1024,beam,true,true,true,false,0,true,3.117908,3.117908,21,21,0,0,48,28,1364,1024,,
seeded-002,seeded,tight,21,beam-16,1,16,1024,beam,true,true,true,false,0,true,3.117908,3.117908,21,21,0,0,125,61,1364,1024,,
seeded-002,seeded,tight,21,beam-64,1,64,1024,beam,true,true,true,false,0,true,3.117908,3.117908,21,21,0,0,244,90,1364,1024,,
seeded-002,seeded,tight,21,beam-256,1,256,1024,beam,true,true,true,false,0,true,3.117908,3.117908,21,21,0,0,244,0,1364,1024,,
seeded-002,seeded,infeasible,15.5,auto-exact-4096,4096,256,1024,,false,false,true,false,,,,,,,,,,,1364,1024,,
seeded-002,seeded,infeasible,15.5,beam-1,1,1,1024,,false,false,true,false,,,,,,,,,,,1364,1024,,
seeded-002,seeded,infeasible,15.5,beam-4,1,4,1024,,false,false,true,false,,,,,,,,,,,1364,1024,,
seeded-002,seeded,infeasible,15.5,beam-16,1,16,1024,,false,false,true,false,,,,,,,,,,,1364,1024,,
seeded-002,seeded,infeasible,15.5,beam-64,1,64,1024,,false,false,true,false,,,,,,,,,,,1364,1024,,
seeded-002,seeded,infeasible,15.5,beam-256,1,256,1024,,false,false,true,false,,,,,,,,,,,1364,1024,,
seeded-003,seeded,unconstrained,,auto-exact-4096,4096,256,64,exact,true,true,true,false,0,true,3.257228,3.257228,35,35,0,0,126,0,126,64,,
seeded-003,seeded,unconstrained,,beam-1,1,1,64,beam,true,true,true,false,0.026861000000000246,false,3.257228,3.2303669999999998,35,40,0,5,12,6,126,64,,
seeded-003,seeded,unconstrained,,beam-4,1,4,64,beam,true,true,true,false,0,true,3.257228,3.257228,35,35,0,0,38,16,126,64,,
seeded-003,seeded,unconstrained,,beam-16,1,16,64,beam,true,true,true,false,0,true,3.257228,3.257228,35,35,0,0,94,32,126,64,,
seeded-003,seeded,unconstrained,,beam-64,1,64,64,beam,true,true,true,false,0,true,3.257228,3.257228,35,35,0,0,126,0,126,64,,
seeded-003,seeded,unconstrained,,beam-256,1,256,64,beam,true,true,true,false,0,true,3.257228,3.257228,35,35,0,0,126,0,126,64,,
seeded-003,seeded,tight,36,auto-exact-4096,4096,256,64,exact,true,true,true,false,0,true,3.257228,3.257228,35,35,0,0,42,0,126,64,,
seeded-003,seeded,tight,36,beam-1,1,1,64,beam,true,true,true,false,0.07545600000000041,false,3.257228,3.1817719999999996,35,33,0,4,10,4,126,64,,
seeded-003,seeded,tight,36,beam-4,1,4,64,beam,true,true,true,false,0,true,3.257228,3.257228,35,35,0,0,28,6,126,64,,
seeded-003,seeded,tight,36,beam-16,1,16,64,beam,true,true,true,false,0,true,3.257228,3.257228,35,35,0,0,42,0,126,64,,
seeded-003,seeded,tight,36,beam-64,1,64,64,beam,true,true,true,false,0,true,3.257228,3.257228,35,35,0,0,42,0,126,64,,
seeded-003,seeded,tight,36,beam-256,1,256,64,beam,true,true,true,false,0,true,3.257228,3.257228,35,35,0,0,42,0,126,64,,
seeded-003,seeded,infeasible,32.5,auto-exact-4096,4096,256,64,,false,false,true,false,,,,,,,,,,,126,64,,
seeded-003,seeded,infeasible,32.5,beam-1,1,1,64,,false,false,true,false,,,,,,,,,,,126,64,,
seeded-003,seeded,infeasible,32.5,beam-4,1,4,64,,false,false,true,false,,,,,,,,,,,126,64,,
seeded-003,seeded,infeasible,32.5,beam-16,1,16,64,,false,false,true,false,,,,,,,,,,,126,64,,
seeded-003,seeded,infeasible,32.5,beam-64,1,64,64,,false,false,true,false,,,,,,,,,,,126,64,,
seeded-003,seeded,infeasible,32.5,beam-256,1,256,64,,false,false,true,false,,,,,,,,,,,126,64,,
seeded-004,seeded,unconstrained,,auto-exact-4096,4096,256,27,exact,true,true,true,false,0,true,1.996986,1.9969860000000001,22,22,1,1,39,0,39,27,,
seeded-004,seeded,unconstrained,,beam-1,1,1,27,beam,true,true,true,false,0,true,1.996986,1.9969860000000001,22,22,1,1,9,6,39,27,,
seeded-004,seeded,unconstrained,,beam-4,1,4,27,beam,true,true,true,false,0,true,1.996986,1.9969860000000001,22,22,1,1,24,13,39,27,,
seeded-004,seeded,unconstrained,,beam-16,1,16,27,beam,true,true,true,false,0,true,1.996986,1.9969860000000001,22,22,1,1,39,11,39,27,,
seeded-004,seeded,unconstrained,,beam-64,1,64,27,beam,true,true,true,false,0,true,1.996986,1.9969860000000001,22,22,1,1,39,0,39,27,,
seeded-004,seeded,unconstrained,,beam-256,1,256,27,beam,true,true,true,false,0,true,1.996986,1.9969860000000001,22,22,1,1,39,0,39,27,,
seeded-004,seeded,tight,11,auto-exact-4096,4096,256,27,exact,true,true,true,false,0,true,1.7043840000000003,1.7043840000000001,11,11,1,1,9,0,39,27,,
seeded-004,seeded,tight,11,beam-1,1,1,27,beam,true,true,true,false,0.018060000000000187,false,1.7043840000000003,1.6863240000000002,11,10,1,2,6,3,39,27,,
seeded-004,seeded,tight,11,beam-4,1,4,27,beam,true,true,true,false,0,true,1.7043840000000003,1.7043840000000001,11,11,1,1,9,2,39,27,,
seeded-004,seeded,tight,11,beam-16,1,16,27,beam,true,true,true,false,0,true,1.7043840000000003,1.7043840000000001,11,11,1,1,9,0,39,27,,
seeded-004,seeded,tight,11,beam-64,1,64,27,beam,true,true,true,false,0,true,1.7043840000000003,1.7043840000000001,11,11,1,1,9,0,39,27,,
seeded-004,seeded,tight,11,beam-256,1,256,27,beam,true,true,true,false,0,true,1.7043840000000003,1.7043840000000001,11,11,1,1,9,0,39,27,,
seeded-004,seeded,infeasible,7.5,auto-exact-4096,4096,256,27,,false,false,true,false,,,,,,,,,,,39,27,,
seeded-004,seeded,infeasible,7.5,beam-1,1,1,27,,false,false,true,false,,,,,,,,,,,39,27,,
seeded-004,seeded,infeasible,7.5,beam-4,1,4,27,,false,false,true,false,,,,,,,,,,,39,27,,
seeded-004,seeded,infeasible,7.5,beam-16,1,16,27,,false,false,true,false,,,,,,,,,,,39,27,,
seeded-004,seeded,infeasible,7.5,beam-64,1,64,27,,false,false,true,false,,,,,,,,,,,39,27,,
seeded-004,seeded,infeasible,7.5,beam-256,1,256,27,,false,false,true,false,,,,,,,,,,,39,27,,
seeded-005,seeded,unconstrained,,auto-exact-4096,4096,256,256,exact,true,true,true,false,0,true,2.486869,2.486869,33,33,0,0,340,0,340,256,,
seeded-005,seeded,unconstrained,,beam-1,1,1,256,beam,true,true,true,false,0.01918199999999981,false,2.486869,2.467687,33,32,0,4,16,12,340,256,,
seeded-005,seeded,unconstrained,,beam-4,1,4,256,beam,true,true,true,false,0.00471900000000014,false,2.486869,2.48215,33,25,0,0,52,36,340,256,,
seeded-005,seeded,unconstrained,,beam-16,1,16,256,beam,true,true,true,false,0.00471900000000014,false,2.486869,2.48215,33,25,0,0,148,96,340,256,,
seeded-005,seeded,unconstrained,,beam-64,1,64,256,beam,true,true,true,false,0,true,2.486869,2.486869,33,33,0,0,340,192,340,256,,
seeded-005,seeded,unconstrained,,beam-256,1,256,256,beam,true,true,true,false,0,true,2.486869,2.486869,33,33,0,0,340,0,340,256,,
seeded-005,seeded,tight,15,auto-exact-4096,4096,256,256,exact,true,true,true,false,0,true,2.430188,2.430188,12,12,2,2,26,0,340,256,,
seeded-005,seeded,tight,15,beam-1,1,1,256,beam,true,true,true,false,0.054534999999999556,false,2.430188,2.3756530000000002,12,9,2,4,13,9,340,256,,
seeded-005,seeded,tight,15,beam-4,1,4,256,beam,true,true,true,false,0,true,2.430188,2.430188,12,12,2,2,21,7,340,256,,
seeded-005,seeded,tight,15,beam-16,1,16,256,beam,true,true,true,false,0,true,2.430188,2.430188,12,12,2,2,26,0,340,256,,
seeded-005,seeded,tight,15,beam-64,1,64,256,beam,true,true,true,false,0,true,2.430188,2.430188,12,12,2,2,26,0,340,256,,
seeded-005,seeded,tight,15,beam-256,1,256,256,beam,true,true,true,false,0,true,2.430188,2.430188,12,12,2,2,26,0,340,256,,
seeded-005,seeded,infeasible,8.5,auto-exact-4096,4096,256,256,,false,false,true,false,,,,,,,,,,,340,256,,
seeded-005,seeded,infeasible,8.5,beam-1,1,1,256,,false,false,true,false,,,,,,,,,,,340,256,,
seeded-005,seeded,infeasible,8.5,beam-4,1,4,256,,false,false,true,false,,,,,,,,,,,340,256,,
seeded-005,seeded,infeasible,8.5,beam-16,1,16,256,,false,false,true,false,,,,,,,,,,,340,256,,
seeded-005,seeded,infeasible,8.5,beam-64,1,64,256,,false,false,true,false,,,,,,,,,,,340,256,,
seeded-005,seeded,infeasible,8.5,beam-256,1,256,256,,false,false,true,false,,,,,,,,,,,340,256,,
seeded-006,seeded,unconstrained,,auto-exact-4096,4096,256,32,exact,true,true,true,false,0,true,2.9824140000000003,2.9824140000000003,23,23,6,6,62,0,62,32,,
seeded-006,seeded,unconstrained,,beam-1,1,1,32,beam,true,true,true,false,0,true,2.9824140000000003,2.9824140000000003,23,23,6,6,10,5,62,32,,
seeded-006,seeded,unconstrained,,beam-4,1,4,32,beam,true,true,true,false,0,true,2.9824140000000003,2.9824140000000003,23,23,6,6,30,12,62,32,,
seeded-006,seeded,unconstrained,,beam-16,1,16,32,beam,true,true,true,false,0,true,2.9824140000000003,2.9824140000000003,23,23,6,6,62,16,62,32,,
seeded-006,seeded,unconstrained,,beam-64,1,64,32,beam,true,true,true,false,0,true,2.9824140000000003,2.9824140000000003,23,23,6,6,62,0,62,32,,
seeded-006,seeded,unconstrained,,beam-256,1,256,32,beam,true,true,true,false,0,true,2.9824140000000003,2.9824140000000003,23,23,6,6,62,0,62,32,,
seeded-006,seeded,tight,16,auto-exact-4096,4096,256,32,exact,true,true,true,false,0,true,2.914875,2.914875,16,16,0,0,19,0,62,32,,
seeded-006,seeded,tight,16,beam-1,1,1,32,beam,true,true,true,false,0.24636199999999953,false,2.914875,2.6685130000000004,16,15,0,6,9,4,62,32,,
seeded-006,seeded,tight,16,beam-4,1,4,32,beam,true,true,true,false,0,true,2.914875,2.914875,16,16,0,0,18,3,62,32,,
seeded-006,seeded,tight,16,beam-16,1,16,32,beam,true,true,true,false,0,true,2.914875,2.914875,16,16,0,0,19,0,62,32,,
seeded-006,seeded,tight,16,beam-64,1,64,32,beam,true,true,true,false,0,true,2.914875,2.914875,16,16,0,0,19,0,62,32,,
seeded-006,seeded,tight,16,beam-256,1,256,32,beam,true,true,true,false,0,true,2.914875,2.914875,16,16,0,0,19,0,62,32,,
seeded-006,seeded,infeasible,11.5,auto-exact-4096,4096,256,32,,false,false,true,false,,,,,,,,,,,62,32,,
seeded-006,seeded,infeasible,11.5,beam-1,1,1,32,,false,false,true,false,,,,,,,,,,,62,32,,
seeded-006,seeded,infeasible,11.5,beam-4,1,4,32,,false,false,true,false,,,,,,,,,,,62,32,,
seeded-006,seeded,infeasible,11.5,beam-16,1,16,32,,false,false,true,false,,,,,,,,,,,62,32,,
seeded-006,seeded,infeasible,11.5,beam-64,1,64,32,,false,false,true,false,,,,,,,,,,,62,32,,
seeded-006,seeded,infeasible,11.5,beam-256,1,256,32,,false,false,true,false,,,,,,,,,,,62,32,,
seeded-007,seeded,unconstrained,,auto-exact-4096,4096,256,729,exact,true,true,true,false,0,true,3.91648,3.91648,38,38,0,0,1092,0,1092,729,,
seeded-007,seeded,unconstrained,,beam-1,1,1,729,beam,true,true,true,false,0.004984999999999573,false,3.91648,3.9114950000000004,38,38,0,1,18,12,1092,729,,
seeded-007,seeded,unconstrained,,beam-4,1,4,729,beam,true,true,true,false,0,true,3.91648,3.91648,38,38,0,0,60,37,1092,729,,
seeded-007,seeded,unconstrained,,beam-16,1,16,729,beam,true,true,true,false,0,true,3.91648,3.91648,38,38,0,0,183,107,1092,729,,
seeded-007,seeded,unconstrained,,beam-64,1,64,729,beam,true,true,true,false,0,true,3.91648,3.91648,38,38,0,0,504,273,1092,729,,
seeded-007,seeded,unconstrained,,beam-256,1,256,729,beam,true,true,true,false,0,true,3.91648,3.91648,38,38,0,0,1092,473,1092,729,,
seeded-007,seeded,tight,17,auto-exact-4096,4096,256,729,exact,true,true,true,false,0,true,3.369507,3.369507,17,17,1,1,150,0,1092,729,,
seeded-007,seeded,tight,17,beam-1,1,1,729,beam,true,true,true,false,0.06316999999999995,false,3.369507,3.306337,17,15,1,3,16,10,1092,729,,
seeded-007,seeded,tight,17,beam-4,1,4,729,beam,true,true,true,false,0.017071000000000502,false,3.369507,3.3524359999999995,17,17,1,3,36,16,1092,729,,
seeded-007,seeded,tight,17,beam-16,1,16,729,beam,true,true,true,false,0.017071000000000502,false,3.369507,3.3524359999999995,17,17,1,3,87,28,1092,729,,
seeded-007,seeded,tight,17,beam-64,1,64,729,beam,true,true,true,false,0,true,3.369507,3.369507,17,17,1,1,150,8,1092,729,,
seeded-007,seeded,tight,17,beam-256,1,256,729,beam,true,true,true,false,0,true,3.369507,3.369507,17,17,1,1,150,0,1092,729,,
seeded-007,seeded,infeasible,9.5,auto-exact-4096,4096,256,729,,false,false,true,false,,,,,,,,,,,1092,729,,
seeded-007,seeded,infeasible,9.5,beam-1,1,1,729,,false,false,true,false,,,,,,,,,,,1092,729,,
seeded-007,seeded,infeasible,9.5,beam-4,1,4,729,,false,false,true,false,,,,,,,,,,,1092,729,,
seeded-007,seeded,infeasible,9.5,beam-16,1,16,729,,false,false,true,false,,,,,,,,,,,1092,729,,
seeded-007,seeded,infeasible,9.5,beam-64,1,64,729,,false,false,true,false,,,,,,,,,,,1092,729,,
seeded-007,seeded,infeasible,9.5,beam-256,1,256,729,,false,false,true,false,,,,,,,,,,,1092,729,,
seeded-008,seeded,unconstrained,,auto-exact-4096,4096,256,64,exact,true,true,true,false,0,true,1.8697409999999999,1.8697409999999999,13,13,0,0,84,0,84,64,,
seeded-008,seeded,unconstrained,,beam-1,1,1,64,beam,true,true,true,false,0,true,1.8697409999999999,1.8697409999999999,13,13,0,0,12,9,84,64,,
seeded-008,seeded,unconstrained,,beam-4,1,4,64,beam,true,true,true,false,0,true,1.8697409999999999,1.8697409999999999,13,13,0,0,36,24,84,64,,
seeded-008,seeded,unconstrained,,beam-16,1,16,64,beam,true,true,true,false,0,true,1.8697409999999999,1.8697409999999999,13,13,0,0,84,48,84,64,,
seeded-008,seeded,unconstrained,,beam-64,1,64,64,beam,true,true,true,false,0,true,1.8697409999999999,1.8697409999999999,13,13,0,0,84,0,84,64,,
seeded-008,seeded,unconstrained,,beam-256,1,256,64,beam,true,true,true,false,0,true,1.8697409999999999,1.8697409999999999,13,13,0,0,84,0,84,64,,
seeded-008,seeded,tight,12,auto-exact-4096,4096,256,64,exact,true,true,true,false,0,true,1.865466,1.865466,11,11,1,1,25,0,84,64,,
seeded-008,seeded,tight,12,beam-1,1,1,64,beam,true,true,true,false,0,true,1.865466,1.865466,11,11,1,1,10,7,84,64,,
seeded-008,seeded,tight,12,beam-4,1,4,64,beam,true,true,true,false,0,true,1.865466,1.865466,11,11,1,1,18,7,84,64,,
seeded-008,seeded,tight,12,beam-16,1,16,64,beam,true,true,true,false,0,true,1.865466,1.865466,11,11,1,1,25,0,84,64,,
seeded-008,seeded,tight,12,beam-64,1,64,64,beam,true,true,true,false,0,true,1.865466,1.865466,11,11,1,1,25,0,84,64,,
seeded-008,seeded,tight,12,beam-256,1,256,64,beam,true,true,true,false,0,true,1.865466,1.865466,11,11,1,1,25,0,84,64,,
seeded-008,seeded,infeasible,7.5,auto-exact-4096,4096,256,64,,false,false,true,false,,,,,,,,,,,84,64,,
seeded-008,seeded,infeasible,7.5,beam-1,1,1,64,,false,false,true,false,,,,,,,,,,,84,64,,
seeded-008,seeded,infeasible,7.5,beam-4,1,4,64,,false,false,true,false,,,,,,,,,,,84,64,,
seeded-008,seeded,infeasible,7.5,beam-16,1,16,64,,false,false,true,false,,,,,,,,,,,84,64,,
seeded-008,seeded,infeasible,7.5,beam-64,1,64,64,,false,false,true,false,,,,,,,,,,,84,64,,
seeded-008,seeded,infeasible,7.5,beam-256,1,256,64,,false,false,true,false,,,,,,,,,,,84,64,,
seeded-009,seeded,unconstrained,,auto-exact-4096,4096,256,16,exact,true,true,true,false,0,true,2.3913170000000004,2.391317,23,23,2,2,30,0,30,16,,
seeded-009,seeded,unconstrained,,beam-1,1,1,16,beam,true,true,true,false,0,true,2.3913170000000004,2.391317,23,23,2,2,8,4,30,16,,
seeded-009,seeded,unconstrained,,beam-4,1,4,16,beam,true,true,true,false,0,true,2.3913170000000004,2.391317,23,23,2,2,22,8,30,16,,
seeded-009,seeded,unconstrained,,beam-16,1,16,16,beam,true,true,true,false,0,true,2.3913170000000004,2.391317,23,23,2,2,30,0,30,16,,
seeded-009,seeded,unconstrained,,beam-64,1,64,16,beam,true,true,true,false,0,true,2.3913170000000004,2.391317,23,23,2,2,30,0,30,16,,
seeded-009,seeded,unconstrained,,beam-256,1,256,16,beam,true,true,true,false,0,true,2.3913170000000004,2.391317,23,23,2,2,30,0,30,16,,
seeded-009,seeded,tight,21,auto-exact-4096,4096,256,16,exact,true,true,true,false,0,true,2.333124,2.333124,21,21,3,3,11,0,30,16,,
seeded-009,seeded,tight,21,beam-1,1,1,16,beam,true,true,true,false,0.11175800000000002,false,2.333124,2.221366,21,20,3,3,6,2,30,16,,
seeded-009,seeded,tight,21,beam-4,1,4,16,beam,true,true,true,false,0,true,2.333124,2.333124,21,21,3,3,11,0,30,16,,
seeded-009,seeded,tight,21,beam-16,1,16,16,beam,true,true,true,false,0,true,2.333124,2.333124,21,21,3,3,11,0,30,16,,
seeded-009,seeded,tight,21,beam-64,1,64,16,beam,true,true,true,false,0,true,2.333124,2.333124,21,21,3,3,11,0,30,16,,
seeded-009,seeded,tight,21,beam-256,1,256,16,beam,true,true,true,false,0,true,2.333124,2.333124,21,21,3,3,11,0,30,16,,
seeded-009,seeded,infeasible,19.5,auto-exact-4096,4096,256,16,,false,false,true,false,,,,,,,,,,,30,16,,
seeded-009,seeded,infeasible,19.5,beam-1,1,1,16,,false,false,true,false,,,,,,,,,,,30,16,,
seeded-009,seeded,infeasible,19.5,beam-4,1,4,16,,false,false,true,false,,,,,,,,,,,30,16,,
seeded-009,seeded,infeasible,19.5,beam-16,1,16,16,,false,false,true,false,,,,,,,,,,,30,16,,
seeded-009,seeded,infeasible,19.5,beam-64,1,64,16,,false,false,true,false,,,,,,,,,,,30,16,,
seeded-009,seeded,infeasible,19.5,beam-256,1,256,16,,false,false,true,false,,,,,,,,,,,30,16,,
seeded-010,seeded,unconstrained,,auto-exact-4096,4096,256,243,exact,true,true,true,false,0,true,3.07377,3.07377,25,25,0,0,363,0,363,243,,
seeded-010,seeded,unconstrained,,beam-1,1,1,243,beam,true,true,true,false,0.017294000000000143,false,3.07377,3.056476,25,28,0,6,15,10,363,243,,
seeded-010,seeded,unconstrained,,beam-4,1,4,243,beam,true,true,true,false,0,true,3.07377,3.07377,25,25,0,0,48,29,363,243,,
seeded-010,seeded,unconstrained,,beam-16,1,16,243,beam,true,true,true,false,0,true,3.07377,3.07377,25,25,0,0,135,75,363,243,,
seeded-010,seeded,unconstrained,,beam-64,1,64,243,beam,true,true,true,false,0,true,3.07377,3.07377,25,25,0,0,312,145,363,243,,
seeded-010,seeded,unconstrained,,beam-256,1,256,243,beam,true,true,true,false,0,true,3.07377,3.07377,25,25,0,0,363,0,363,243,,
seeded-010,seeded,tight,18,auto-exact-4096,4096,256,243,exact,true,true,true,false,0,true,2.886145,2.886145,18,18,0,0,59,0,363,243,,
seeded-010,seeded,tight,18,beam-1,1,1,243,beam,true,true,true,false,0.11300699999999919,false,2.886145,2.7731380000000008,18,17,0,6,14,9,363,243,,
seeded-010,seeded,tight,18,beam-4,1,4,243,beam,true,true,true,false,0,true,2.886145,2.886145,18,18,0,0,28,9,363,243,,
seeded-010,seeded,tight,18,beam-16,1,16,243,beam,true,true,true,false,0,true,2.886145,2.886145,18,18,0,0,59,10,363,243,,
seeded-010,seeded,tight,18,beam-64,1,64,243,beam,true,true,true,false,0,true,2.886145,2.886145,18,18,0,0,59,0,363,243,,
seeded-010,seeded,tight,18,beam-256,1,256,243,beam,true,true,true,false,0,true,2.886145,2.886145,18,18,0,0,59,0,363,243,,
seeded-010,seeded,infeasible,14.5,auto-exact-4096,4096,256,243,,false,false,true,false,,,,,,,,,,,363,243,,
seeded-010,seeded,infeasible,14.5,beam-1,1,1,243,,false,false,true,false,,,,,,,,,,,363,243,,
seeded-010,seeded,infeasible,14.5,beam-4,1,4,243,,false,false,true,false,,,,,,,,,,,363,243,,
seeded-010,seeded,infeasible,14.5,beam-16,1,16,243,,false,false,true,false,,,,,,,,,,,363,243,,
seeded-010,seeded,infeasible,14.5,beam-64,1,64,243,,false,false,true,false,,,,,,,,,,,363,243,,
seeded-010,seeded,infeasible,14.5,beam-256,1,256,243,,false,false,true,false,,,,,,,,,,,363,243,,
seeded-011,seeded,unconstrained,,auto-exact-4096,4096,256,4096,exact,true,true,true,false,0,true,3.805224,3.8052239999999995,32,32,1,1,5460,0,5460,4096,,
seeded-011,seeded,unconstrained,,beam-1,1,1,4096,beam,true,true,true,false,0,true,3.805224,3.8052239999999995,32,32,1,1,24,18,5460,4096,,
seeded-011,seeded,unconstrained,,beam-4,1,4,4096,beam,true,true,true,false,0,true,3.805224,3.8052239999999995,32,32,1,1,84,60,5460,4096,,
seeded-011,seeded,unconstrained,,beam-16,1,16,4096,beam,true,true,true,false,0,true,3.805224,3.8052239999999995,32,32,1,1,276,192,5460,4096,,
seeded-011,seeded,unconstrained,,beam-64,1,64,4096,beam,true,true,true,false,0,true,3.805224,3.8052239999999995,32,32,1,1,852,576,5460,4096,,
seeded-011,seeded,unconstrained,,beam-256,1,256,4096,beam,true,true,true,false,0,true,3.805224,3.8052239999999995,32,32,1,1,2388,1536,5460,4096,,
seeded-011,seeded,tight,21,auto-exact-4096,4096,256,4096,exact,true,true,true,false,0,true,3.753913,3.753912999999999,18,18,2,2,213,0,5460,4096,,
seeded-011,seeded,tight,21,beam-1,1,1,4096,beam,true,true,true,false,0.03449500000000061,false,3.753913,3.7194179999999992,18,14,2,3,23,17,5460,4096,,
seeded-011,seeded,tight,21,beam-4,1,4,4096,beam,true,true,true,false,0,true,3.753913,3.753912999999999,18,18,2,2,50,26,5460,4096,,
seeded-011,seeded,tight,21,beam-16,1,16,4096,beam,true,true,true,false,0,true,3.753913,3.753912999999999,18,18,2,2,125,48,5460,4096,,
seeded-011,seeded,tight,21,beam-64,1,64,4096,beam,true,true,true,false,0,true,3.753913,3.753912999999999,18,18,2,2,213,49,5460,4096,,
seeded-011,seeded,tight,21,beam-256,1,256,4096,beam,true,true,true,false,0,true,3.753913,3.753912999999999,18,18,2,2,213,0,5460,4096,,
seeded-011,seeded,infeasible,13.5,auto-exact-4096,4096,256,4096,,false,false,true,false,,,,,,,,,,,5460,4096,,
seeded-011,seeded,infeasible,13.5,beam-1,1,1,4096,,false,false,true,false,,,,,,,,,,,5460,4096,,
seeded-011,seeded,infeasible,13.5,beam-4,1,4,4096,,false,false,true,false,,,,,,,,,,,5460,4096,,
seeded-011,seeded,infeasible,13.5,beam-16,1,16,4096,,false,false,true,false,,,,,,,,,,,5460,4096,,
seeded-011,seeded,infeasible,13.5,beam-64,1,64,4096,,false,false,true,false,,,,,,,,,,,5460,4096,,
seeded-011,seeded,infeasible,13.5,beam-256,1,256,4096,,false,false,true,false,,,,,,,,,,,5460,4096,,
seeded-012,seeded,unconstrained,,auto-exact-4096,4096,256,8,exact,true,true,true,false,0,true,1.905999,1.905999,23,23,0,0,14,0,14,8,,
seeded-012,seeded,unconstrained,,beam-1,1,1,8,beam,true,true,true,false,0,true,1.905999,1.905999,23,23,0,0,6,3,14,8,,
seeded-012,seeded,unconstrained,,beam-4,1,4,8,beam,true,true,true,false,0,true,1.905999,1.905999,23,23,0,0,14,4,14,8,,
seeded-012,seeded,unconstrained,,beam-16,1,16,8,beam,true,true,true,false,0,true,1.905999,1.905999,23,23,0,0,14,0,14,8,,
seeded-012,seeded,unconstrained,,beam-64,1,64,8,beam,true,true,true,false,0,true,1.905999,1.905999,23,23,0,0,14,0,14,8,,
seeded-012,seeded,unconstrained,,beam-256,1,256,8,beam,true,true,true,false,0,true,1.905999,1.905999,23,23,0,0,14,0,14,8,,
seeded-012,seeded,tight,14,auto-exact-4096,4096,256,8,exact,true,true,true,false,0,true,1.758688,1.758688,11,11,2,2,5,0,14,8,,
seeded-012,seeded,tight,14,beam-1,1,1,8,beam,true,true,true,false,0,true,1.758688,1.758688,11,11,2,2,4,1,14,8,,
seeded-012,seeded,tight,14,beam-4,1,4,8,beam,true,true,true,false,0,true,1.758688,1.758688,11,11,2,2,5,0,14,8,,
seeded-012,seeded,tight,14,beam-16,1,16,8,beam,true,true,true,false,0,true,1.758688,1.758688,11,11,2,2,5,0,14,8,,
seeded-012,seeded,tight,14,beam-64,1,64,8,beam,true,true,true,false,0,true,1.758688,1.758688,11,11,2,2,5,0,14,8,,
seeded-012,seeded,tight,14,beam-256,1,256,8,beam,true,true,true,false,0,true,1.758688,1.758688,11,11,2,2,5,0,14,8,,
seeded-012,seeded,infeasible,10.5,auto-exact-4096,4096,256,8,,false,false,true,false,,,,,,,,,,,14,8,,
seeded-012,seeded,infeasible,10.5,beam-1,1,1,8,,false,false,true,false,,,,,,,,,,,14,8,,
seeded-012,seeded,infeasible,10.5,beam-4,1,4,8,,false,false,true,false,,,,,,,,,,,14,8,,
seeded-012,seeded,infeasible,10.5,beam-16,1,16,8,,false,false,true,false,,,,,,,,,,,14,8,,
seeded-012,seeded,infeasible,10.5,beam-64,1,64,8,,false,false,true,false,,,,,,,,,,,14,8,,
seeded-012,seeded,infeasible,10.5,beam-256,1,256,8,,false,false,true,false,,,,,,,,,,,14,8,,
seeded-013,seeded,unconstrained,,auto-exact-4096,4096,256,81,exact,true,true,true,false,0,true,2.626269,2.626269,27,27,2,2,120,0,120,81,,
seeded-013,seeded,unconstrained,,beam-1,1,1,81,beam,true,true,true,false,0.00782600000000011,false,2.626269,2.618443,27,28,2,4,12,8,120,81,,
seeded-013,seeded,unconstrained,,beam-4,1,4,81,beam,true,true,true,false,0,true,2.626269,2.626269,27,27,2,2,36,21,120,81,,
seeded-013,seeded,unconstrained,,beam-16,1,16,81,beam,true,true,true,false,0,true,2.626269,2.626269,27,27,2,2,87,43,120,81,,
seeded-013,seeded,unconstrained,,beam-64,1,64,81,beam,true,true,true,false,0,true,2.626269,2.626269,27,27,2,2,120,17,120,81,,
seeded-013,seeded,unconstrained,,beam-256,1,256,81,beam,true,true,true,false,0,true,2.626269,2.626269,27,27,2,2,120,0,120,81,,
seeded-013,seeded,tight,12,auto-exact-4096,4096,256,81,exact,true,true,true,false,0,true,2.232856,2.2328560000000004,12,12,3,3,23,0,120,81,,
seeded-013,seeded,tight,12,beam-1,1,1,81,beam,true,true,true,false,0.14413399999999932,false,2.232856,2.0887220000000006,12,7,3,4,8,4,120,81,,
seeded-013,seeded,tight,12,beam-4,1,4,81,beam,true,true,true,false,0,true,2.232856,2.2328560000000004,12,12,3,3,17,3,120,81,,
seeded-013,seeded,tight,12,beam-16,1,16,81,beam,true,true,true,false,0,true,2.232856,2.2328560000000004,12,12,3,3,23,0,120,81,,
seeded-013,seeded,tight,12,beam-64,1,64,81,beam,true,true,true,false,0,true,2.232856,2.2328560000000004,12,12,3,3,23,0,120,81,,
seeded-013,seeded,tight,12,beam-256,1,256,81,beam,true,true,true,false,0,true,2.232856,2.2328560000000004,12,12,3,3,23,0,120,81,,
seeded-013,seeded,infeasible,6.5,auto-exact-4096,4096,256,81,,false,false,true,false,,,,,,,,,,,120,81,,
seeded-013,seeded,infeasible,6.5,beam-1,1,1,81,,false,false,true,false,,,,,,,,,,,120,81,,
seeded-013,seeded,infeasible,6.5,beam-4,1,4,81,,false,false,true,false,,,,,,,,,,,120,81,,
seeded-013,seeded,infeasible,6.5,beam-16,1,16,81,,false,false,true,false,,,,,,,,,,,120,81,,
seeded-013,seeded,infeasible,6.5,beam-64,1,64,81,,false,false,true,false,,,,,,,,,,,120,81,,
seeded-013,seeded,infeasible,6.5,beam-256,1,256,81,,false,false,true,false,,,,,,,,,,,120,81,,
seeded-014,seeded,unconstrained,,auto-exact-4096,4096,256,1024,exact,true,true,true,false,0,true,3.130312,3.130312,22,22,0,0,1364,0,1364,1024,,
seeded-014,seeded,unconstrained,,beam-1,1,1,1024,beam,true,true,true,false,0.04366200000000031,false,3.130312,3.0866499999999997,22,25,0,4,20,15,1364,1024,,
seeded-014,seeded,unconstrained,,beam-4,1,4,1024,beam,true,true,true,false,0,true,3.130312,3.130312,22,22,0,0,68,48,1364,1024,,
seeded-014,seeded,unconstrained,,beam-16,1,16,1024,beam,true,true,true,false,0,true,3.130312,3.130312,22,22,0,0,212,144,1364,1024,,
seeded-014,seeded,unconstrained,,beam-64,1,64,1024,beam,true,true,true,false,0,true,3.130312,3.130312,22,22,0,0,596,384,1364,1024,,
seeded-014,seeded,unconstrained,,beam-256,1,256,1024,beam,true,true,true,false,0,true,3.130312,3.130312,22,22,0,0,1364,768,1364,1024,,
seeded-014,seeded,tight,17,auto-exact-4096,4096,256,1024,exact,true,true,true,false,0,true,3.0315520000000005,3.0315520000000005,17,17,6,6,71,0,1364,1024,,
seeded-014,seeded,tight,17,beam-1,1,1,1024,beam,true,true,true,false,0.027573999999999987,false,3.0315520000000005,3.0039780000000005,17,15,6,7,18,13,1364,1024,,
seeded-014,seeded,tight,17,beam-4,1,4,1024,beam,true,true,true,false,0,true,3.0315520000000005,3.0315520000000005,17,17,6,6,36,16,1364,1024,,
seeded-014,seeded,tight,17,beam-16,1,16,1024,beam,true,true,true,false,0,true,3.0315520000000005,3.0315520000000005,17,17,6,6,71,14,1364,1024,,
seeded-014,seeded,tight,17,beam-64,1,64,1024,beam,true,true,true,false,0,true,3.0315520000000005,3.0315520000000005,17,17,6,6,71,0,1364,1024,,
seeded-014,seeded,tight,17,beam-256,1,256,1024,beam,true,true,true,false,0,true,3.0315520000000005,3.0315520000000005,17,17,6,6,71,0,1364,1024,,
seeded-014,seeded,infeasible,11.5,auto-exact-4096,4096,256,1024,,false,false,true,false,,,,,,,,,,,1364,1024,,
seeded-014,seeded,infeasible,11.5,beam-1,1,1,1024,,false,false,true,false,,,,,,,,,,,1364,1024,,
seeded-014,seeded,infeasible,11.5,beam-4,1,4,1024,,false,false,true,false,,,,,,,,,,,1364,1024,,
seeded-014,seeded,infeasible,11.5,beam-16,1,16,1024,,false,false,true,false,,,,,,,,,,,1364,1024,,
seeded-014,seeded,infeasible,11.5,beam-64,1,64,1024,,false,false,true,false,,,,,,,,,,,1364,1024,,
seeded-014,seeded,infeasible,11.5,beam-256,1,256,1024,,false,false,true,false,,,,,,,,,,,1364,1024,,
seeded-015,seeded,unconstrained,,auto-exact-4096,4096,256,64,exact,true,true,true,false,0,true,3.471163,3.4711630000000007,17,17,4,4,126,0,126,64,,
seeded-015,seeded,unconstrained,,beam-1,1,1,64,beam,true,true,true,false,0,true,3.471163,3.4711630000000007,17,17,4,4,12,6,126,64,,
seeded-015,seeded,unconstrained,,beam-4,1,4,64,beam,true,true,true,false,0,true,3.471163,3.4711630000000007,17,17,4,4,38,16,126,64,,
seeded-015,seeded,unconstrained,,beam-16,1,16,64,beam,true,true,true,false,0,true,3.471163,3.4711630000000007,17,17,4,4,94,32,126,64,,
seeded-015,seeded,unconstrained,,beam-64,1,64,64,beam,true,true,true,false,0,true,3.471163,3.4711630000000007,17,17,4,4,126,0,126,64,,
seeded-015,seeded,unconstrained,,beam-256,1,256,64,beam,true,true,true,false,0,true,3.471163,3.4711630000000007,17,17,4,4,126,0,126,64,,
seeded-015,seeded,tight,18,auto-exact-4096,4096,256,64,exact,true,true,true,false,0,true,3.471163,3.4711630000000007,17,17,4,4,32,0,126,64,,
seeded-015,seeded,tight,18,beam-1,1,1,64,beam,true,true,true,false,0.11997500000000061,false,3.471163,3.3511879999999996,17,12,4,5,10,4,126,64,,
seeded-015,seeded,tight,18,beam-4,1,4,64,beam,true,true,true,false,0,true,3.471163,3.4711630000000007,17,17,4,4,27,7,126,64,,
seeded-015,seeded,tight,18,beam-16,1,16,64,beam,true,true,true,false,0,true,3.471163,3.4711630000000007,17,17,4,4,32,0,126,64,,
seeded-015,seeded,tight,18,beam-64,1,64,64,beam,true,true,true,false,0,true,3.471163,3.4711630000000007,17,17,4,4,32,0,126,64,,
seeded-015,seeded,tight,18,beam-256,1,256,64,beam,true,true,true,false,0,true,3.471163,3.4711630000000007,17,17,4,4,32,0,126,64,,
seeded-015,seeded,infeasible,11.5,auto-exact-4096,4096,256,64,,false,false,true,false,,,,,,,,,,,126,64,,
seeded-015,seeded,infeasible,11.5,beam-1,1,1,64,,false,false,true,false,,,,,,,,,,,126,64,,
seeded-015,seeded,infeasible,11.5,beam-4,1,4,64,,false,false,true,false,,,,,,,,,,,126,64,,
seeded-015,seeded,infeasible,11.5,beam-16,1,16,64,,false,false,true,false,,,,,,,,,,,126,64,,
seeded-015,seeded,infeasible,11.5,beam-64,1,64,64,,false,false,true,false,,,,,,,,,,,126,64,,
seeded-015,seeded,infeasible,11.5,beam-256,1,256,64,,false,false,true,false,,,,,,,,,,,126,64,,
seeded-016,seeded,unconstrained,,auto-exact-4096,4096,256,27,exact,true,true,true,false,0,true,2.005391,2.005391,22,22,1,1,39,0,39,27,,
seeded-016,seeded,unconstrained,,beam-1,1,1,27,beam,true,true,true,false,0,true,2.005391,2.005391,22,22,1,1,9,6,39,27,,
seeded-016,seeded,unconstrained,,beam-4,1,4,27,beam,true,true,true,false,0,true,2.005391,2.005391,22,22,1,1,24,13,39,27,,
seeded-016,seeded,unconstrained,,beam-16,1,16,27,beam,true,true,true,false,0,true,2.005391,2.005391,22,22,1,1,39,11,39,27,,
seeded-016,seeded,unconstrained,,beam-64,1,64,27,beam,true,true,true,false,0,true,2.005391,2.005391,22,22,1,1,39,0,39,27,,
seeded-016,seeded,unconstrained,,beam-256,1,256,27,beam,true,true,true,false,0,true,2.005391,2.005391,22,22,1,1,39,0,39,27,,
seeded-016,seeded,tight,8,auto-exact-4096,4096,256,27,exact,true,true,true,false,0,true,1.644018,1.644018,7,7,0,0,14,0,39,27,,
seeded-016,seeded,tight,8,beam-1,1,1,27,beam,true,true,true,false,0.07529699999999973,false,1.644018,1.5687210000000003,7,4,0,1,6,3,39,27,,
seeded-016,seeded,tight,8,beam-4,1,4,27,beam,true,true,true,false,0,true,1.644018,1.644018,7,7,0,0,14,4,39,27,,
seeded-016,seeded,tight,8,beam-16,1,16,27,beam,true,true,true,false,0,true,1.644018,1.644018,7,7,0,0,14,0,39,27,,
seeded-016,seeded,tight,8,beam-64,1,64,27,beam,true,true,true,false,0,true,1.644018,1.644018,7,7,0,0,14,0,39,27,,
seeded-016,seeded,tight,8,beam-256,1,256,27,beam,true,true,true,false,0,true,1.644018,1.644018,7,7,0,0,14,0,39,27,,
seeded-016,seeded,infeasible,3.5,auto-exact-4096,4096,256,27,,false,false,true,false,,,,,,,,,,,39,27,,
seeded-016,seeded,infeasible,3.5,beam-1,1,1,27,,false,false,true,false,,,,,,,,,,,39,27,,
seeded-016,seeded,infeasible,3.5,beam-4,1,4,27,,false,false,true,false,,,,,,,,,,,39,27,,
seeded-016,seeded,infeasible,3.5,beam-16,1,16,27,,false,false,true,false,,,,,,,,,,,39,27,,
seeded-016,seeded,infeasible,3.5,beam-64,1,64,27,,false,false,true,false,,,,,,,,,,,39,27,,
seeded-016,seeded,infeasible,3.5,beam-256,1,256,27,,false,false,true,false,,,,,,,,,,,39,27,,
seeded-017,seeded,unconstrained,,auto-exact-4096,4096,256,256,exact,true,true,true,false,0,true,2.50338,2.50338,13,13,0,0,340,0,340,256,,
seeded-017,seeded,unconstrained,,beam-1,1,1,256,beam,true,true,true,false,0.02482300000000004,false,2.50338,2.478557,13,22,0,2,16,12,340,256,,
seeded-017,seeded,unconstrained,,beam-4,1,4,256,beam,true,true,true,false,0,true,2.50338,2.50338,13,13,0,0,52,36,340,256,,
seeded-017,seeded,unconstrained,,beam-16,1,16,256,beam,true,true,true,false,0,true,2.50338,2.50338,13,13,0,0,148,96,340,256,,
seeded-017,seeded,unconstrained,,beam-64,1,64,256,beam,true,true,true,false,0,true,2.50338,2.50338,13,13,0,0,340,192,340,256,,
seeded-017,seeded,unconstrained,,beam-256,1,256,256,beam,true,true,true,false,0,true,2.50338,2.50338,13,13,0,0,340,0,340,256,,
seeded-017,seeded,tight,11,auto-exact-4096,4096,256,256,exact,true,true,true,false,0,true,2.471978,2.471978,11,11,3,3,57,0,340,256,,
seeded-017,seeded,tight,11,beam-1,1,1,256,beam,true,true,true,false,0.04155599999999948,false,2.471978,2.4304220000000005,11,4,3,4,14,10,340,256,,
seeded-017,seeded,tight,11,beam-4,1,4,256,beam,true,true,true,false,0,true,2.471978,2.471978,11,11,3,3,28,13,340,256,,
seeded-017,seeded,tight,11,beam-16,1,16,256,beam,true,true,true,false,0,true,2.471978,2.471978,11,11,3,3,57,15,340,256,,
seeded-017,seeded,tight,11,beam-64,1,64,256,beam,true,true,true,false,0,true,2.471978,2.471978,11,11,3,3,57,0,340,256,,
seeded-017,seeded,tight,11,beam-256,1,256,256,beam,true,true,true,false,0,true,2.471978,2.471978,11,11,3,3,57,0,340,256,,
seeded-017,seeded,infeasible,3.5,auto-exact-4096,4096,256,256,,false,false,true,false,,,,,,,,,,,340,256,,
seeded-017,seeded,infeasible,3.5,beam-1,1,1,256,,false,false,true,false,,,,,,,,,,,340,256,,
seeded-017,seeded,infeasible,3.5,beam-4,1,4,256,,false,false,true,false,,,,,,,,,,,340,256,,
seeded-017,seeded,infeasible,3.5,beam-16,1,16,256,,false,false,true,false,,,,,,,,,,,340,256,,
seeded-017,seeded,infeasible,3.5,beam-64,1,64,256,,false,false,true,false,,,,,,,,,,,340,256,,
seeded-017,seeded,infeasible,3.5,beam-256,1,256,256,,false,false,true,false,,,,,,,,,,,340,256,,
seeded-018,seeded,unconstrained,,auto-exact-4096,4096,256,32,exact,true,true,true,false,0,true,3.006154,3.0061539999999995,25,25,4,4,62,0,62,32,,
seeded-018,seeded,unconstrained,,beam-1,1,1,32,beam,true,true,true,false,0,true,3.006154,3.0061539999999995,25,25,4,4,10,5,62,32,,
seeded-018,seeded,unconstrained,,beam-4,1,4,32,beam,true,true,true,false,0,true,3.006154,3.0061539999999995,25,25,4,4,30,12,62,32,,
seeded-018,seeded,unconstrained,,beam-16,1,16,32,beam,true,true,true,false,0,true,3.006154,3.0061539999999995,25,25,4,4,62,16,62,32,,
seeded-018,seeded,unconstrained,,beam-64,1,64,32,beam,true,true,true,false,0,true,3.006154,3.0061539999999995,25,25,4,4,62,0,62,32,,
seeded-018,seeded,unconstrained,,beam-256,1,256,32,beam,true,true,true,false,0,true,3.006154,3.0061539999999995,25,25,4,4,62,0,62,32,,
seeded-018,seeded,tight,21,auto-exact-4096,4096,256,32,exact,true,true,true,false,0,true,2.8857479999999995,2.8857480000000004,21,21,6,6,15,0,62,32,,
seeded-018,seeded,tight,21,beam-1,1,1,32,beam,true,true,true,false,0.011239999999999473,false,2.8857479999999995,2.874508,21,18,6,6,8,3,62,32,,
seeded-018,seeded,tight,21,beam-4,1,4,32,beam,true,true,true,false,0,true,2.8857479999999995,2.8857480000000004,21,21,6,6,15,2,62,32,,
seeded-018,seeded,tight,21,beam-16,1,16,32,beam,true,true,true,false,0,true,2.8857479999999995,2.8857480000000004,21,21,6,6,15,0,62,32,,
seeded-018,seeded,tight,21,beam-64,1,64,32,beam,true,true,true,false,0,true,2.8857479999999995,2.8857480000000004,21,21,6,6,15,0,62,32,,
seeded-018,seeded,tight,21,beam-256,1,256,32,beam,true,true,true,false,0,true,2.8857479999999995,2.8857480000000004,21,21,6,6,15,0,62,32,,
seeded-018,seeded,infeasible,17.5,auto-exact-4096,4096,256,32,,false,false,true,false,,,,,,,,,,,62,32,,
seeded-018,seeded,infeasible,17.5,beam-1,1,1,32,,false,false,true,false,,,,,,,,,,,62,32,,
seeded-018,seeded,infeasible,17.5,beam-4,1,4,32,,false,false,true,false,,,,,,,,,,,62,32,,
seeded-018,seeded,infeasible,17.5,beam-16,1,16,32,,false,false,true,false,,,,,,,,,,,62,32,,
seeded-018,seeded,infeasible,17.5,beam-64,1,64,32,,false,false,true,false,,,,,,,,,,,62,32,,
seeded-018,seeded,infeasible,17.5,beam-256,1,256,32,,false,false,true,false,,,,,,,,,,,62,32,,
seeded-019,seeded,unconstrained,,auto-exact-4096,4096,256,729,exact,true,true,true,false,0,true,3.7772389999999993,3.7772390000000002,36,36,5,5,1092,0,1092,729,,
seeded-019,seeded,unconstrained,,beam-1,1,1,729,beam,true,true,true,false,0,true,3.7772389999999993,3.7772390000000002,36,36,5,5,18,12,1092,729,,
seeded-019,seeded,unconstrained,,beam-4,1,4,729,beam,true,true,true,false,0,true,3.7772389999999993,3.7772390000000002,36,36,5,5,60,37,1092,729,,
seeded-019,seeded,unconstrained,,beam-16,1,16,729,beam,true,true,true,false,0,true,3.7772389999999993,3.7772390000000002,36,36,5,5,183,107,1092,729,,
seeded-019,seeded,unconstrained,,beam-64,1,64,729,beam,true,true,true,false,0,true,3.7772389999999993,3.7772390000000002,36,36,5,5,504,273,1092,729,,
seeded-019,seeded,unconstrained,,beam-256,1,256,729,beam,true,true,true,false,0,true,3.7772389999999993,3.7772390000000002,36,36,5,5,1092,473,1092,729,,
seeded-019,seeded,tight,20,auto-exact-4096,4096,256,729,exact,true,true,true,false,0,true,3.4175510000000004,3.417551,20,20,3,3,223,0,1092,729,,
seeded-019,seeded,tight,20,beam-1,1,1,729,beam,true,true,true,false,0.1288660000000008,false,3.4175510000000004,3.2886849999999996,20,17,3,4,17,11,1092,729,,
seeded-019,seeded,tight,20,beam-4,1,4,729,beam,true,true,true,false,0.018846000000000362,false,3.4175510000000004,3.398705,20,20,3,3,36,13,1092,729,,
seeded-019,seeded,tight,20,beam-16,1,16,729,beam,true,true,true,false,0,true,3.4175510000000004,3.417551,20,20,3,3,102,27,1092,729,,
seeded-019,seeded,tight,20,beam-64,1,64,729,beam,true,true,true,false,0,true,3.4175510000000004,3.417551,20,20,3,3,223,45,1092,729,,
seeded-019,seeded,tight,20,beam-256,1,256,729,beam,true,true,true,false,0,true,3.4175510000000004,3.417551,20,20,3,3,223,0,1092,729,,
seeded-019,seeded,infeasible,14.5,auto-exact-4096,4096,256,729,,false,false,true,false,,,,,,,,,,,1092,729,,
seeded-019,seeded,infeasible,14.5,beam-1,1,1,729,,false,false,true,false,,,,,,,,,,,1092,729,,
seeded-019,seeded,infeasible,14.5,beam-4,1,4,729,,false,false,true,false,,,,,,,,,,,1092,729,,
seeded-019,seeded,infeasible,14.5,beam-16,1,16,729,,false,false,true,false,,,,,,,,,,,1092,729,,
seeded-019,seeded,infeasible,14.5,beam-64,1,64,729,,false,false,true,false,,,,,,,,,,,1092,729,,
seeded-019,seeded,infeasible,14.5,beam-256,1,256,729,,false,false,true,false,,,,,,,,,,,1092,729,,
seeded-020,seeded,unconstrained,,auto-exact-4096,4096,256,64,exact,true,true,true,false,0,true,1.9042050000000001,1.9042050000000001,10,10,0,0,84,0,84,64,,
seeded-020,seeded,unconstrained,,beam-1,1,1,64,beam,true,true,true,false,0,true,1.9042050000000001,1.9042050000000001,10,10,0,0,12,9,84,64,,
seeded-020,seeded,unconstrained,,beam-4,1,4,64,beam,true,true,true,false,0,true,1.9042050000000001,1.9042050000000001,10,10,0,0,36,24,84,64,,
seeded-020,seeded,unconstrained,,beam-16,1,16,64,beam,true,true,true,false,0,true,1.9042050000000001,1.9042050000000001,10,10,0,0,84,48,84,64,,
seeded-020,seeded,unconstrained,,beam-64,1,64,64,beam,true,true,true,false,0,true,1.9042050000000001,1.9042050000000001,10,10,0,0,84,0,84,64,,
seeded-020,seeded,unconstrained,,beam-256,1,256,64,beam,true,true,true,false,0,true,1.9042050000000001,1.9042050000000001,10,10,0,0,84,0,84,64,,
seeded-020,seeded,tight,12,auto-exact-4096,4096,256,64,exact,true,true,true,false,0,true,1.9042050000000001,1.9042050000000001,10,10,0,0,26,0,84,64,,
seeded-020,seeded,tight,12,beam-1,1,1,64,beam,true,true,true,false,0.042370999999999936,false,1.9042050000000001,1.8618340000000002,10,8,0,2,8,5,84,64,,
seeded-020,seeded,tight,12,beam-4,1,4,64,beam,true,true,true,false,0,true,1.9042050000000001,1.9042050000000001,10,10,0,0,20,8,84,64,,
seeded-020,seeded,tight,12,beam-16,1,16,64,beam,true,true,true,false,0,true,1.9042050000000001,1.9042050000000001,10,10,0,0,26,0,84,64,,
seeded-020,seeded,tight,12,beam-64,1,64,64,beam,true,true,true,false,0,true,1.9042050000000001,1.9042050000000001,10,10,0,0,26,0,84,64,,
seeded-020,seeded,tight,12,beam-256,1,256,64,beam,true,true,true,false,0,true,1.9042050000000001,1.9042050000000001,10,10,0,0,26,0,84,64,,
seeded-020,seeded,infeasible,7.5,auto-exact-4096,4096,256,64,,false,false,true,false,,,,,,,,,,,84,64,,
seeded-020,seeded,infeasible,7.5,beam-1,1,1,64,,false,false,true,false,,,,,,,,,,,84,64,,
seeded-020,seeded,infeasible,7.5,beam-4,1,4,64,,false,false,true,false,,,,,,,,,,,84,64,,
seeded-020,seeded,infeasible,7.5,beam-16,1,16,64,,false,false,true,false,,,,,,,,,,,84,64,,
seeded-020,seeded,infeasible,7.5,beam-64,1,64,64,,false,false,true,false,,,,,,,,,,,84,64,,
seeded-020,seeded,infeasible,7.5,beam-256,1,256,64,,false,false,true,false,,,,,,,,,,,84,64,,
seeded-021,seeded,unconstrained,,auto-exact-4096,4096,256,16,exact,true,true,true,false,0,true,2.427557,2.427557,23,23,2,2,30,0,30,16,,
seeded-021,seeded,unconstrained,,beam-1,1,1,16,beam,true,true,true,false,0,true,2.427557,2.427557,23,23,2,2,8,4,30,16,,
seeded-021,seeded,unconstrained,,beam-4,1,4,16,beam,true,true,true,false,0,true,2.427557,2.427557,23,23,2,2,22,8,30,16,,
seeded-021,seeded,unconstrained,,beam-16,1,16,16,beam,true,true,true,false,0,true,2.427557,2.427557,23,23,2,2,30,0,30,16,,
seeded-021,seeded,unconstrained,,beam-64,1,64,16,beam,true,true,true,false,0,true,2.427557,2.427557,23,23,2,2,30,0,30,16,,
seeded-021,seeded,unconstrained,,beam-256,1,256,16,beam,true,true,true,false,0,true,2.427557,2.427557,23,23,2,2,30,0,30,16,,
seeded-021,seeded,tight,16,auto-exact-4096,4096,256,16,exact,true,true,true,false,0,true,2.4102129999999997,2.4102130000000006,16,16,4,4,10,0,30,16,,
seeded-021,seeded,tight,16,beam-1,1,1,16,beam,true,true,true,false,0.12512199999999973,false,2.4102129999999997,2.285091,16,12,4,2,6,2,30,16,,
seeded-021,seeded,tight,16,beam-4,1,4,16,beam,true,true,true,false,0,true,2.4102129999999997,2.4102130000000006,16,16,4,4,10,0,30,16,,
seeded-021,seeded,tight,16,beam-16,1,16,16,beam,true,true,true,false,0,true,2.4102129999999997,2.4102130000000006,16,16,4,4,10,0,30,16,,
seeded-021,seeded,tight,16,beam-64,1,64,16,beam,true,true,true,false,0,true,2.4102129999999997,2.4102130000000006,16,16,4,4,10,0,30,16,,
seeded-021,seeded,tight,16,beam-256,1,256,16,beam,true,true,true,false,0,true,2.4102129999999997,2.4102130000000006,16,16,4,4,10,0,30,16,,
seeded-021,seeded,infeasible,11.5,auto-exact-4096,4096,256,16,,false,false,true,false,,,,,,,,,,,30,16,,
seeded-021,seeded,infeasible,11.5,beam-1,1,1,16,,false,false,true,false,,,,,,,,,,,30,16,,
seeded-021,seeded,infeasible,11.5,beam-4,1,4,16,,false,false,true,false,,,,,,,,,,,30,16,,
seeded-021,seeded,infeasible,11.5,beam-16,1,16,16,,false,false,true,false,,,,,,,,,,,30,16,,
seeded-021,seeded,infeasible,11.5,beam-64,1,64,16,,false,false,true,false,,,,,,,,,,,30,16,,
seeded-021,seeded,infeasible,11.5,beam-256,1,256,16,,false,false,true,false,,,,,,,,,,,30,16,,
seeded-022,seeded,unconstrained,,auto-exact-4096,4096,256,243,exact,true,true,true,false,0,true,3.348797,3.348797,38,38,4,4,363,0,363,243,,
seeded-022,seeded,unconstrained,,beam-1,1,1,243,beam,true,true,true,false,0.010669999999999735,false,3.348797,3.338127,38,39,4,8,15,10,363,243,,
seeded-022,seeded,unconstrained,,beam-4,1,4,243,beam,true,true,true,false,0,true,3.348797,3.348797,38,38,4,4,48,29,363,243,,
seeded-022,seeded,unconstrained,,beam-16,1,16,243,beam,true,true,true,false,0,true,3.348797,3.348797,38,38,4,4,135,75,363,243,,
seeded-022,seeded,unconstrained,,beam-64,1,64,243,beam,true,true,true,false,0,true,3.348797,3.348797,38,38,4,4,312,145,363,243,,
seeded-022,seeded,unconstrained,,beam-256,1,256,243,beam,true,true,true,false,0,true,3.348797,3.348797,38,38,4,4,363,0,363,243,,
seeded-022,seeded,tight,20,auto-exact-4096,4096,256,243,exact,true,true,true,false,0,true,2.914502,2.914502,20,20,4,4,77,0,363,243,,
seeded-022,seeded,tight,20,beam-1,1,1,243,beam,true,true,true,false,0.13605899999999993,false,2.914502,2.778443,20,18,4,8,13,8,363,243,,
seeded-022,seeded,tight,20,beam-4,1,4,243,beam,true,true,true,false,0,true,2.914502,2.914502,20,20,4,4,26,7,363,243,,
seeded-022,seeded,tight,20,beam-16,1,16,243,beam,true,true,true,false,0,true,2.914502,2.914502,20,20,4,4,65,10,363,243,,
seeded-022,seeded,tight,20,beam-64,1,64,243,beam,true,true,true,false,0,true,2.914502,2.914502,20,20,4,4,77,0,363,243,,
seeded-022,seeded,tight,20,beam-256,1,256,243,beam,true,true,true,false,0,true,2.914502,2.914502,20,20,4,4,77,0,363,243,,
seeded-022,seeded,infeasible,13.5,auto-exact-4096,4096,256,243,,false,false,true,false,,,,,,,,,,,363,243,,
seeded-022,seeded,infeasible,13.5,beam-1,1,1,243,,false,false,true,false,,,,,,,,,,,363,243,,
seeded-022,seeded,infeasible,13.5,beam-4,1,4,243,,false,false,true,false,,,,,,,,,,,363,243,,
seeded-022,seeded,infeasible,13.5,beam-16,1,16,243,,false,false,true,false,,,,,,,,,,,363,243,,
seeded-022,seeded,infeasible,13.5,beam-64,1,64,243,,false,false,true,false,,,,,,,,,,,363,243,,
seeded-022,seeded,infeasible,13.5,beam-256,1,256,243,,false,false,true,false,,,,,,,,,,,363,243,,
seeded-023,seeded,unconstrained,,auto-exact-4096,4096,256,4096,exact,true,true,true,false,0,true,3.7649299999999997,3.7649299999999997,32,32,0,0,5460,0,5460,4096,,
seeded-023,seeded,unconstrained,,beam-1,1,1,4096,beam,true,true,true,false,0.024981999999999616,false,3.7649299999999997,3.739948,32,32,0,3,24,18,5460,4096,,
seeded-023,seeded,unconstrained,,beam-4,1,4,4096,beam,true,true,true,false,0.024981999999999616,false,3.7649299999999997,3.739948,32,32,0,3,84,60,5460,4096,,
seeded-023,seeded,unconstrained,,beam-16,1,16,4096,beam,true,true,true,false,0,true,3.7649299999999997,3.7649299999999997,32,32,0,0,276,192,5460,4096,,
seeded-023,seeded,unconstrained,,beam-64,1,64,4096,beam,true,true,true,false,0,true,3.7649299999999997,3.7649299999999997,32,32,0,0,852,576,5460,4096,,
seeded-023,seeded,unconstrained,,beam-256,1,256,4096,beam,true,true,true,false,0,true,3.7649299999999997,3.7649299999999997,32,32,0,0,2388,1536,5460,4096,,
seeded-023,seeded,tight,21,auto-exact-4096,4096,256,4096,exact,true,true,true,false,0,true,3.70325,3.7032500000000006,20,20,4,4,905,0,5460,4096,,
seeded-023,seeded,tight,21,beam-1,1,1,4096,beam,true,true,true,false,0.045565999999999995,false,3.70325,3.657684,20,19,4,6,24,18,5460,4096,,
seeded-023,seeded,tight,21,beam-4,1,4,4096,beam,true,true,true,false,0.0024940000000008844,false,3.70325,3.7007559999999993,20,20,4,2,61,37,5460,4096,,
seeded-023,seeded,tight,21,beam-16,1,16,4096,beam,true,true,true,false,0,true,3.70325,3.7032500000000006,20,20,4,4,169,91,5460,4096,,
seeded-023,seeded,tight,21,beam-64,1,64,4096,beam,true,true,true,false,0,true,3.70325,3.7032500000000006,20,20,4,4,481,243,5460,4096,,
seeded-023,seeded,tight,21,beam-256,1,256,4096,beam,true,true,true,false,0,true,3.70325,3.7032500000000006,20,20,4,4,905,325,5460,4096,,
seeded-023,seeded,infeasible,11.5,auto-exact-4096,4096,256,4096,,false,false,true,false,,,,,,,,,,,5460,4096,,
seeded-023,seeded,infeasible,11.5,beam-1,1,1,4096,,false,false,true,false,,,,,,,,,,,5460,4096,,
seeded-023,seeded,infeasible,11.5,beam-4,1,4,4096,,false,false,true,false,,,,,,,,,,,5460,4096,,
seeded-023,seeded,infeasible,11.5,beam-16,1,16,4096,,false,false,true,false,,,,,,,,,,,5460,4096,,
seeded-023,seeded,infeasible,11.5,beam-64,1,64,4096,,false,false,true,false,,,,,,,,,,,5460,4096,,
seeded-023,seeded,infeasible,11.5,beam-256,1,256,4096,,false,false,true,false,,,,,,,,,,,5460,4096,,
seeded-024,seeded,unconstrained,,auto-exact-4096,4096,256,8,exact,true,true,true,false,0,true,1.695742,1.695742,18,18,1,1,14,0,14,8,,
seeded-024,seeded,unconstrained,,beam-1,1,1,8,beam,true,true,true,false,0,true,1.695742,1.695742,18,18,1,1,6,3,14,8,,
seeded-024,seeded,unconstrained,,beam-4,1,4,8,beam,true,true,true,false,0,true,1.695742,1.695742,18,18,1,1,14,4,14,8,,
seeded-024,seeded,unconstrained,,beam-16,1,16,8,beam,true,true,true,false,0,true,1.695742,1.695742,18,18,1,1,14,0,14,8,,
seeded-024,seeded,unconstrained,,beam-64,1,64,8,beam,true,true,true,false,0,true,1.695742,1.695742,18,18,1,1,14,0,14,8,,
seeded-024,seeded,unconstrained,,beam-256,1,256,8,beam,true,true,true,false,0,true,1.695742,1.695742,18,18,1,1,14,0,14,8,,
seeded-024,seeded,tight,15,auto-exact-4096,4096,256,8,exact,true,true,true,false,0,true,1.656102,1.656102,14,14,0,0,5,0,14,8,,
seeded-024,seeded,tight,15,beam-1,1,1,8,beam,true,true,true,false,0.06909300000000007,false,1.656102,1.587009,14,12,0,2,4,1,14,8,,
seeded-024,seeded,tight,15,beam-4,1,4,8,beam,true,true,true,false,0,true,1.656102,1.656102,14,14,0,0,5,0,14,8,,
seeded-024,seeded,tight,15,beam-16,1,16,8,beam,true,true,true,false,0,true,1.656102,1.656102,14,14,0,0,5,0,14,8,,
seeded-024,seeded,tight,15,beam-64,1,64,8,beam,true,true,true,false,0,true,1.656102,1.656102,14,14,0,0,5,0,14,8,,
seeded-024,seeded,tight,15,beam-256,1,256,8,beam,true,true,true,false,0,true,1.656102,1.656102,14,14,0,0,5,0,14,8,,
seeded-024,seeded,infeasible,11.5,auto-exact-4096,4096,256,8,,false,false,true,false,,,,,,,,,,,14,8,,
seeded-024,seeded,infeasible,11.5,beam-1,1,1,8,,false,false,true,false,,,,,,,,,,,14,8,,
seeded-024,seeded,infeasible,11.5,beam-4,1,4,8,,false,false,true,false,,,,,,,,,,,14,8,,
seeded-024,seeded,infeasible,11.5,beam-16,1,16,8,,false,false,true,false,,,,,,,,,,,14,8,,
seeded-024,seeded,infeasible,11.5,beam-64,1,64,8,,false,false,true,false,,,,,,,,,,,14,8,,
seeded-024,seeded,infeasible,11.5,beam-256,1,256,8,,false,false,true,false,,,,,,,,,,,14,8,,
seeded-025,seeded,unconstrained,,auto-exact-4096,4096,256,81,exact,true,true,true,false,0,true,2.770118,2.7701179999999996,33,33,2,2,120,0,120,81,,
seeded-025,seeded,unconstrained,,beam-1,1,1,81,beam,true,true,true,false,0,true,2.770118,2.7701179999999996,33,33,2,2,12,8,120,81,,
seeded-025,seeded,unconstrained,,beam-4,1,4,81,beam,true,true,true,false,0,true,2.770118,2.7701179999999996,33,33,2,2,36,21,120,81,,
seeded-025,seeded,unconstrained,,beam-16,1,16,81,beam,true,true,true,false,0,true,2.770118,2.7701179999999996,33,33,2,2,87,43,120,81,,
seeded-025,seeded,unconstrained,,beam-64,1,64,81,beam,true,true,true,false,0,true,2.770118,2.7701179999999996,33,33,2,2,120,17,120,81,,
seeded-025,seeded,unconstrained,,beam-256,1,256,81,beam,true,true,true,false,0,true,2.770118,2.7701179999999996,33,33,2,2,120,0,120,81,,
seeded-025,seeded,tight,18,auto-exact-4096,4096,256,81,exact,true,true,true,false,0,true,2.3946560000000003,2.3946560000000003,18,18,2,2,35,0,120,81,,
seeded-025,seeded,tight,18,beam-1,1,1,81,beam,true,true,true,false,0.11309199999999997,false,2.3946560000000003,2.2815640000000004,18,16,2,4,10,6,120,81,,
seeded-025,seeded,tight,18,beam-4,1,4,81,beam,true,true,true,false,0.02880600000000033,false,2.3946560000000003,2.36585,18,18,2,3,21,6,120,81,,
seeded-025,seeded,tight,18,beam-16,1,16,81,beam,true,true,true,false,0,true,2.3946560000000003,2.3946560000000003,18,18,2,2,35,0,120,81,,
seeded-025,seeded,tight,18,beam-64,1,64,81,beam,true,true,true,false,0,true,2.3946560000000003,2.3946560000000003,18,18,2,2,35,0,120,81,,
seeded-025,seeded,tight,18,beam-256,1,256,81,beam,true,true,true,false,0,true,2.3946560000000003,2.3946560000000003,18,18,2,2,35,0,120,81,,
seeded-025,seeded,infeasible,12.5,auto-exact-4096,4096,256,81,,false,false,true,false,,,,,,,,,,,120,81,,
seeded-025,seeded,infeasible,12.5,beam-1,1,1,81,,false,false,true,false,,,,,,,,,,,120,81,,
seeded-025,seeded,infeasible,12.5,beam-4,1,4,81,,false,false,true,false,,,,,,,,,,,120,81,,
seeded-025,seeded,infeasible,12.5,beam-16,1,16,81,,false,false,true,false,,,,,,,,,,,120,81,,
seeded-025,seeded,infeasible,12.5,beam-64,1,64,81,,false,false,true,false,,,,,,,,,,,120,81,,
seeded-025,seeded,infeasible,12.5,beam-256,1,256,81,,false,false,true,false,,,,,,,,,,,120,81,,
seeded-026,seeded,unconstrained,,auto-exact-4096,4096,256,1024,exact,true,true,true,false,0,true,3.164442,3.164442,30,30,0,0,1364,0,1364,1024,,
seeded-026,seeded,unconstrained,,beam-1,1,1,1024,beam,true,true,true,false,0,true,3.164442,3.164442,30,30,0,0,20,15,1364,1024,,
seeded-026,seeded,unconstrained,,beam-4,1,4,1024,beam,true,true,true,false,0,true,3.164442,3.164442,30,30,0,0,68,48,1364,1024,,
seeded-026,seeded,unconstrained,,beam-16,1,16,1024,beam,true,true,true,false,0,true,3.164442,3.164442,30,30,0,0,212,144,1364,1024,,
seeded-026,seeded,unconstrained,,beam-64,1,64,1024,beam,true,true,true,false,0,true,3.164442,3.164442,30,30,0,0,596,384,1364,1024,,
seeded-026,seeded,unconstrained,,beam-256,1,256,1024,beam,true,true,true,false,0,true,3.164442,3.164442,30,30,0,0,1364,768,1364,1024,,
seeded-026,seeded,tight,21,auto-exact-4096,4096,256,1024,exact,true,true,true,false,0,true,3.047991,3.047991,20,20,7,7,210,0,1364,1024,,
seeded-026,seeded,tight,21,beam-1,1,1,1024,beam,true,true,true,false,0.0745619999999998,false,3.047991,2.9734290000000003,20,21,7,9,20,15,1364,1024,,
seeded-026,seeded,tight,21,beam-4,1,4,1024,beam,true,true,true,false,0,true,3.047991,3.047991,20,20,7,7,47,27,1364,1024,,
seeded-026,seeded,tight,21,beam-16,1,16,1024,beam,true,true,true,false,0,true,3.047991,3.047991,20,20,7,7,105,41,1364,1024,,
seeded-026,seeded,tight,21,beam-64,1,64,1024,beam,true,true,true,false,0,true,3.047991,3.047991,20,20,7,7,207,30,1364,1024,,
seeded-026,seeded,tight,21,beam-256,1,256,1024,beam,true,true,true,false,0,true,3.047991,3.047991,20,20,7,7,210,0,1364,1024,,
seeded-026,seeded,infeasible,13.5,auto-exact-4096,4096,256,1024,,false,false,true,false,,,,,,,,,,,1364,1024,,
seeded-026,seeded,infeasible,13.5,beam-1,1,1,1024,,false,false,true,false,,,,,,,,,,,1364,1024,,
seeded-026,seeded,infeasible,13.5,beam-4,1,4,1024,,false,false,true,false,,,,,,,,,,,1364,1024,,
seeded-026,seeded,infeasible,13.5,beam-16,1,16,1024,,false,false,true,false,,,,,,,,,,,1364,1024,,
seeded-026,seeded,infeasible,13.5,beam-64,1,64,1024,,false,false,true,false,,,,,,,,,,,1364,1024,,
seeded-026,seeded,infeasible,13.5,beam-256,1,256,1024,,false,false,true,false,,,,,,,,,,,1364,1024,,
seeded-027,seeded,unconstrained,,auto-exact-4096,4096,256,64,exact,true,true,true,false,0,true,3.510608,3.510608,36,36,2,2,126,0,126,64,,
seeded-027,seeded,unconstrained,,beam-1,1,1,64,beam,true,true,true,false,0,true,3.510608,3.510608,36,36,2,2,12,6,126,64,,
seeded-027,seeded,unconstrained,,beam-4,1,4,64,beam,true,true,true,false,0,true,3.510608,3.510608,36,36,2,2,38,16,126,64,,
seeded-027,seeded,unconstrained,,beam-16,1,16,64,beam,true,true,true,false,0,true,3.510608,3.510608,36,36,2,2,94,32,126,64,,
seeded-027,seeded,unconstrained,,beam-64,1,64,64,beam,true,true,true,false,0,true,3.510608,3.510608,36,36,2,2,126,0,126,64,,
seeded-027,seeded,unconstrained,,beam-256,1,256,64,beam,true,true,true,false,0,true,3.510608,3.510608,36,36,2,2,126,0,126,64,,
seeded-027,seeded,tight,35,auto-exact-4096,4096,256,64,exact,true,true,true,false,0,true,3.506925,3.5069250000000003,33,33,3,3,45,0,126,64,,
seeded-027,seeded,tight,35,beam-1,1,1,64,beam,true,true,true,false,0.03194000000000008,false,3.506925,3.4749849999999998,33,34,3,1,11,5,126,64,,
seeded-027,seeded,tight,35,beam-4,1,4,64,beam,true,true,true,false,0,true,3.506925,3.5069250000000003,33,33,3,3,29,7,126,64,,
seeded-027,seeded,tight,35,beam-16,1,16,64,beam,true,true,true,false,0,true,3.506925,3.5069250000000003,33,33,3,3,45,0,126,64,,
seeded-027,seeded,tight,35,beam-64,1,64,64,beam,true,true,true,false,0,true,3.506925,3.5069250000000003,33,33,3,3,45,0,126,64,,
seeded-027,seeded,tight,35,beam-256,1,256,64,beam,true,true,true,false,0,true,3.506925,3.5069250000000003,33,33,3,3,45,0,126,64,,
seeded-027,seeded,infeasible,30.5,auto-exact-4096,4096,256,64,,false,false,true,false,,,,,,,,,,,126,64,,
seeded-027,seeded,infeasible,30.5,beam-1,1,1,64,,false,false,true,false,,,,,,,,,,,126,64,,
seeded-027,seeded,infeasible,30.5,beam-4,1,4,64,,false,false,true,false,,,,,,,,,,,126,64,,
seeded-027,seeded,infeasible,30.5,beam-16,1,16,64,,false,false,true,false,,,,,,,,,,,126,64,,
seeded-027,seeded,infeasible,30.5,beam-64,1,64,64,,false,false,true,false,,,,,,,,,,,126,64,,
seeded-027,seeded,infeasible,30.5,beam-256,1,256,64,,false,false,true,false,,,,,,,,,,,126,64,,
seeded-028,seeded,unconstrained,,auto-exact-4096,4096,256,27,exact,true,true,true,false,0,true,2.0317459999999996,2.0317459999999996,23,23,1,1,39,0,39,27,,
seeded-028,seeded,unconstrained,,beam-1,1,1,27,beam,true,true,true,false,0.013510999999999385,false,2.0317459999999996,2.0182350000000002,23,23,1,2,9,6,39,27,,
seeded-028,seeded,unconstrained,,beam-4,1,4,27,beam,true,true,true,false,0,true,2.0317459999999996,2.0317459999999996,23,23,1,1,24,13,39,27,,
seeded-028,seeded,unconstrained,,beam-16,1,16,27,beam,true,true,true,false,0,true,2.0317459999999996,2.0317459999999996,23,23,1,1,39,11,39,27,,
seeded-028,seeded,unconstrained,,beam-64,1,64,27,beam,true,true,true,false,0,true,2.0317459999999996,2.0317459999999996,23,23,1,1,39,0,39,27,,
seeded-028,seeded,unconstrained,,beam-256,1,256,27,beam,true,true,true,false,0,true,2.0317459999999996,2.0317459999999996,23,23,1,1,39,0,39,27,,
seeded-028,seeded,tight,10,auto-exact-4096,4096,256,27,exact,true,true,true,false,0,true,1.708285,1.708285,10,10,1,1,5,0,39,27,,
seeded-028,seeded,tight,10,beam-1,1,1,27,beam,true,true,true,false,0,true,1.708285,1.708285,10,10,1,1,5,2,39,27,,
seeded-028,seeded,tight,10,beam-4,1,4,27,beam,true,true,true,false,0,true,1.708285,1.708285,10,10,1,1,5,0,39,27,,
seeded-028,seeded,tight,10,beam-16,1,16,27,beam,true,true,true,false,0,true,1.708285,1.708285,10,10,1,1,5,0,39,27,,
seeded-028,seeded,tight,10,beam-64,1,64,27,beam,true,true,true,false,0,true,1.708285,1.708285,10,10,1,1,5,0,39,27,,
seeded-028,seeded,tight,10,beam-256,1,256,27,beam,true,true,true,false,0,true,1.708285,1.708285,10,10,1,1,5,0,39,27,,
seeded-028,seeded,infeasible,5.5,auto-exact-4096,4096,256,27,,false,false,true,false,,,,,,,,,,,39,27,,
seeded-028,seeded,infeasible,5.5,beam-1,1,1,27,,false,false,true,false,,,,,,,,,,,39,27,,
seeded-028,seeded,infeasible,5.5,beam-4,1,4,27,,false,false,true,false,,,,,,,,,,,39,27,,
seeded-028,seeded,infeasible,5.5,beam-16,1,16,27,,false,false,true,false,,,,,,,,,,,39,27,,
seeded-028,seeded,infeasible,5.5,beam-64,1,64,27,,false,false,true,false,,,,,,,,,,,39,27,,
seeded-028,seeded,infeasible,5.5,beam-256,1,256,27,,false,false,true,false,,,,,,,,,,,39,27,,
seeded-029,seeded,unconstrained,,auto-exact-4096,4096,256,256,exact,true,true,true,false,0,true,2.47709,2.47709,12,12,0,0,340,0,340,256,,
seeded-029,seeded,unconstrained,,beam-1,1,1,256,beam,true,true,true,false,0,true,2.47709,2.47709,12,12,0,0,16,12,340,256,,
seeded-029,seeded,unconstrained,,beam-4,1,4,256,beam,true,true,true,false,0,true,2.47709,2.47709,12,12,0,0,52,36,340,256,,
seeded-029,seeded,unconstrained,,beam-16,1,16,256,beam,true,true,true,false,0,true,2.47709,2.47709,12,12,0,0,148,96,340,256,,
seeded-029,seeded,unconstrained,,beam-64,1,64,256,beam,true,true,true,false,0,true,2.47709,2.47709,12,12,0,0,340,192,340,256,,
seeded-029,seeded,unconstrained,,beam-256,1,256,256,beam,true,true,true,false,0,true,2.47709,2.47709,12,12,0,0,340,0,340,256,,
seeded-029,seeded,tight,14,auto-exact-4096,4096,256,256,exact,true,true,true,false,0,true,2.47709,2.47709,12,12,0,0,97,0,340,256,,
seeded-029,seeded,tight,14,beam-1,1,1,256,beam,true,true,true,false,0.026810000000000223,false,2.47709,2.45028,12,13,0,2,15,11,340,256,,
seeded-029,seeded,tight,14,beam-4,1,4,256,beam,true,true,true,false,0,true,2.47709,2.47709,12,12,0,0,35,19,340,256,,
seeded-029,seeded,tight,14,beam-16,1,16,256,beam,true,true,true,false,0,true,2.47709,2.47709,12,12,0,0,73,26,340,256,,
seeded-029,seeded,tight,14,beam-64,1,64,256,beam,true,true,true,false,0,true,2.47709,2.47709,12,12,0,0,97,0,340,256,,
seeded-029,seeded,tight,14,beam-256,1,256,256,beam,true,true,true,false,0,true,2.47709,2.47709,12,12,0,0,97,0,340,256,,
seeded-029,seeded,infeasible,9.5,auto-exact-4096,4096,256,256,,false,false,true,false,,,,,,,,,,,340,256,,
seeded-029,seeded,infeasible,9.5,beam-1,1,1,256,,false,false,true,false,,,,,,,,,,,340,256,,
seeded-029,seeded,infeasible,9.5,beam-4,1,4,256,,false,false,true,false,,,,,,,,,,,340,256,,
seeded-029,seeded,infeasible,9.5,beam-16,1,16,256,,false,false,true,false,,,,,,,,,,,340,256,,
seeded-029,seeded,infeasible,9.5,beam-64,1,64,256,,false,false,true,false,,,,,,,,,,,340,256,,
seeded-029,seeded,infeasible,9.5,beam-256,1,256,256,,false,false,true,false,,,,,,,,,,,340,256,,
seeded-030,seeded,unconstrained,,auto-exact-4096,4096,256,32,exact,true,true,true,false,0,true,2.839135,2.839135,15,15,6,6,62,0,62,32,,
seeded-030,seeded,unconstrained,,beam-1,1,1,32,beam,true,true,true,false,0,true,2.839135,2.839135,15,15,6,6,10,5,62,32,,
seeded-030,seeded,unconstrained,,beam-4,1,4,32,beam,true,true,true,false,0,true,2.839135,2.839135,15,15,6,6,30,12,62,32,,
seeded-030,seeded,unconstrained,,beam-16,1,16,32,beam,true,true,true,false,0,true,2.839135,2.839135,15,15,6,6,62,16,62,32,,
seeded-030,seeded,unconstrained,,beam-64,1,64,32,beam,true,true,true,false,0,true,2.839135,2.839135,15,15,6,6,62,0,62,32,,
seeded-030,seeded,unconstrained,,beam-256,1,256,32,beam,true,true,true,false,0,true,2.839135,2.839135,15,15,6,6,62,0,62,32,,
seeded-030,seeded,tight,17,auto-exact-4096,4096,256,32,exact,true,true,true,false,0,true,2.839135,2.839135,15,15,6,6,22,0,62,32,,
seeded-030,seeded,tight,17,beam-1,1,1,32,beam,true,true,true,false,0.04466199999999976,false,2.839135,2.7944730000000004,15,14,6,6,9,4,62,32,,
seeded-030,seeded,tight,17,beam-4,1,4,32,beam,true,true,true,false,0,true,2.839135,2.839135,15,15,6,6,19,4,62,32,,
seeded-030,seeded,tight,17,beam-16,1,16,32,beam,true,true,true,false,0,true,2.839135,2.839135,15,15,6,6,22,0,62,32,,
seeded-030,seeded,tight,17,beam-64,1,64,32,beam,true,true,true,false,0,true,2.839135,2.839135,15,15,6,6,22,0,62,32,,
seeded-030,seeded,tight,17,beam-256,1,256,32,beam,true,true,true,false,0,true,2.839135,2.839135,15,15,6,6,22,0,62,32,,
seeded-030,seeded,infeasible,13.5,auto-exact-4096,4096,256,32,,false,false,true,false,,,,,,,,,,,62,32,,
seeded-030,seeded,infeasible,13.5,beam-1,1,1,32,,false,false,true,false,,,,,,,,,,,62,32,,
seeded-030,seeded,infeasible,13.5,beam-4,1,4,32,,false,false,true,false,,,,,,,,,,,62,32,,
seeded-030,seeded,infeasible,13.5,beam-16,1,16,32,,false,false,true,false,,,,,,,,,,,62,32,,
seeded-030,seeded,infeasible,13.5,beam-64,1,64,32,,false,false,true,false,,,,,,,,,,,62,32,,
seeded-030,seeded,infeasible,13.5,beam-256,1,256,32,,false,false,true,false,,,,,,,,,,,62,32,,
seeded-031,seeded,unconstrained,,auto-exact-4096,4096,256,729,exact,true,true,true,false,0,true,3.6464939999999997,3.6464940000000006,31,31,5,5,1092,0,1092,729,,
seeded-031,seeded,unconstrained,,beam-1,1,1,729,beam,true,true,true,false,0,true,3.6464939999999997,3.6464940000000006,31,31,5,5,18,12,1092,729,,
seeded-031,seeded,unconstrained,,beam-4,1,4,729,beam,true,true,true,false,0,true,3.6464939999999997,3.6464940000000006,31,31,5,5,60,37,1092,729,,
seeded-031,seeded,unconstrained,,beam-16,1,16,729,beam,true,true,true,false,0,true,3.6464939999999997,3.6464940000000006,31,31,5,5,183,107,1092,729,,
seeded-031,seeded,unconstrained,,beam-64,1,64,729,beam,true,true,true,false,0,true,3.6464939999999997,3.6464940000000006,31,31,5,5,504,273,1092,729,,
seeded-031,seeded,unconstrained,,beam-256,1,256,729,beam,true,true,true,false,0,true,3.6464939999999997,3.6464940000000006,31,31,5,5,1092,473,1092,729,,
seeded-031,seeded,tight,17,auto-exact-4096,4096,256,729,exact,true,true,true,false,0,true,3.321762,3.321762,17,17,3,3,157,0,1092,729,,
seeded-031,seeded,tight,17,beam-1,1,1,729,beam,true,true,true,false,0.03376499999999982,false,3.321762,3.2879970000000003,17,16,3,4,17,11,1092,729,,
seeded-031,seeded,tight,17,beam-4,1,4,729,beam,true,true,true,false,0.03376499999999982,false,3.321762,3.2879970000000003,17,16,3,4,37,14,1092,729,,
seeded-031,seeded,tight,17,beam-16,1,16,729,beam,true,true,true,false,0,true,3.321762,3.321762,17,17,3,3,88,19,1092,729,,
seeded-031,seeded,tight,17,beam-64,1,64,729,beam,true,true,true,false,0,true,3.321762,3.321762,17,17,3,3,157,0,1092,729,,
seeded-031,seeded,tight,17,beam-256,1,256,729,beam,true,true,true,false,0,true,3.321762,3.321762,17,17,3,3,157,0,1092,729,,
seeded-031,seeded,infeasible,12.5,auto-exact-4096,4096,256,729,,false,false,true,false,,,,,,,,,,,1092,729,,
seeded-031,seeded,infeasible,12.5,beam-1,1,1,729,,false,false,true,false,,,,,,,,,,,1092,729,,
seeded-031,seeded,infeasible,12.5,beam-4,1,4,729,,false,false,true,false,,,,,,,,,,,1092,729,,
seeded-031,seeded,infeasible,12.5,beam-16,1,16,729,,false,false,true,false,,,,,,,,,,,1092,729,,
seeded-031,seeded,infeasible,12.5,beam-64,1,64,729,,false,false,true,false,,,,,,,,,,,1092,729,,
seeded-031,seeded,infeasible,12.5,beam-256,1,256,729,,false,false,true,false,,,,,,,,,,,1092,729,,
seeded-032,seeded,unconstrained,,auto-exact-4096,4096,256,64,exact,true,true,true,false,0,true,1.90205,1.90205,15,15,0,0,84,0,84,64,,
seeded-032,seeded,unconstrained,,beam-1,1,1,64,beam,true,true,true,false,0,true,1.90205,1.90205,15,15,0,0,12,9,84,64,,
seeded-032,seeded,unconstrained,,beam-4,1,4,64,beam,true,true,true,false,0,true,1.90205,1.90205,15,15,0,0,36,24,84,64,,
seeded-032,seeded,unconstrained,,beam-16,1,16,64,beam,true,true,true,false,0,true,1.90205,1.90205,15,15,0,0,84,48,84,64,,
seeded-032,seeded,unconstrained,,beam-64,1,64,64,beam,true,true,true,false,0,true,1.90205,1.90205,15,15,0,0,84,0,84,64,,
seeded-032,seeded,unconstrained,,beam-256,1,256,64,beam,true,true,true,false,0,true,1.90205,1.90205,15,15,0,0,84,0,84,64,,
seeded-032,seeded,tight,11,auto-exact-4096,4096,256,64,exact,true,true,true,false,0,true,1.8532689999999998,1.8532690000000003,11,11,2,2,16,0,84,64,,
seeded-032,seeded,tight,11,beam-1,1,1,64,beam,true,true,true,false,0.01004299999999958,false,1.8532689999999998,1.8432260000000003,11,9,2,1,10,7,84,64,,
seeded-032,seeded,tight,11,beam-4,1,4,64,beam,true,true,true,false,0,true,1.8532689999999998,1.8532690000000003,11,11,2,2,15,4,84,64,,
seeded-032,seeded,tight,11,beam-16,1,16,64,beam,true,true,true,false,0,true,1.8532689999999998,1.8532690000000003,11,11,2,2,16,0,84,64,,
seeded-032,seeded,tight,11,beam-64,1,64,64,beam,true,true,true,false,0,true,1.8532689999999998,1.8532690000000003,11,11,2,2,16,0,84,64,,
seeded-032,seeded,tight,11,beam-256,1,256,64,beam,true,true,true,false,0,true,1.8532689999999998,1.8532690000000003,11,11,2,2,16,0,84,64,,
seeded-032,seeded,infeasible,7.5,auto-exact-4096,4096,256,64,,false,false,true,false,,,,,,,,,,,84,64,,
seeded-032,seeded,infeasible,7.5,beam-1,1,1,64,,false,false,true,false,,,,,,,,,,,84,64,,
seeded-032,seeded,infeasible,7.5,beam-4,1,4,64,,false,false,true,false,,,,,,,,,,,84,64,,
seeded-032,seeded,infeasible,7.5,beam-16,1,16,64,,false,false,true,false,,,,,,,,,,,84,64,,
seeded-032,seeded,infeasible,7.5,beam-64,1,64,64,,false,false,true,false,,,,,,,,,,,84,64,,
seeded-032,seeded,infeasible,7.5,beam-256,1,256,64,,false,false,true,false,,,,,,,,,,,84,64,,
seeded-033,seeded,unconstrained,,auto-exact-4096,4096,256,16,exact,true,true,true,false,0,true,2.2404930000000003,2.2404930000000003,25,25,3,3,30,0,30,16,,
seeded-033,seeded,unconstrained,,beam-1,1,1,16,beam,true,true,true,false,0,true,2.2404930000000003,2.2404930000000003,25,25,3,3,8,4,30,16,,
seeded-033,seeded,unconstrained,,beam-4,1,4,16,beam,true,true,true,false,0,true,2.2404930000000003,2.2404930000000003,25,25,3,3,22,8,30,16,,
seeded-033,seeded,unconstrained,,beam-16,1,16,16,beam,true,true,true,false,0,true,2.2404930000000003,2.2404930000000003,25,25,3,3,30,0,30,16,,
seeded-033,seeded,unconstrained,,beam-64,1,64,16,beam,true,true,true,false,0,true,2.2404930000000003,2.2404930000000003,25,25,3,3,30,0,30,16,,
seeded-033,seeded,unconstrained,,beam-256,1,256,16,beam,true,true,true,false,0,true,2.2404930000000003,2.2404930000000003,25,25,3,3,30,0,30,16,,
seeded-033,seeded,tight,18,auto-exact-4096,4096,256,16,exact,true,true,true,false,0,true,2.0932660000000003,2.0932660000000003,18,18,2,2,18,0,30,16,,
seeded-033,seeded,tight,18,beam-1,1,1,16,beam,true,true,true,false,0.06394599999999961,false,2.0932660000000003,2.0293200000000007,18,16,2,3,7,3,30,16,,
seeded-033,seeded,tight,18,beam-4,1,4,16,beam,true,true,true,false,0,true,2.0932660000000003,2.0932660000000003,18,18,2,2,16,2,30,16,,
seeded-033,seeded,tight,18,beam-16,1,16,16,beam,true,true,true,false,0,true,2.0932660000000003,2.0932660000000003,18,18,2,2,18,0,30,16,,
seeded-033,seeded,tight,18,beam-64,1,64,16,beam,true,true,true,false,0,true,2.0932660000000003,2.0932660000000003,18,18,2,2,18,0,30,16,,
seeded-033,seeded,tight,18,beam-256,1,256,16,beam,true,true,true,false,0,true,2.0932660000000003,2.0932660000000003,18,18,2,2,18,0,30,16,,
seeded-033,seeded,infeasible,15.5,auto-exact-4096,4096,256,16,,false,false,true,false,,,,,,,,,,,30,16,,
seeded-033,seeded,infeasible,15.5,beam-1,1,1,16,,false,false,true,false,,,,,,,,,,,30,16,,
seeded-033,seeded,infeasible,15.5,beam-4,1,4,16,,false,false,true,false,,,,,,,,,,,30,16,,
seeded-033,seeded,infeasible,15.5,beam-16,1,16,16,,false,false,true,false,,,,,,,,,,,30,16,,
seeded-033,seeded,infeasible,15.5,beam-64,1,64,16,,false,false,true,false,,,,,,,,,,,30,16,,
seeded-033,seeded,infeasible,15.5,beam-256,1,256,16,,false,false,true,false,,,,,,,,,,,30,16,,
seeded-034,seeded,unconstrained,,auto-exact-4096,4096,256,243,exact,true,true,true,false,0,true,3.358236,3.358236,38,38,4,4,363,0,363,243,,
seeded-034,seeded,unconstrained,,beam-1,1,1,243,beam,true,true,true,false,0,true,3.358236,3.358236,38,38,4,4,15,10,363,243,,
seeded-034,seeded,unconstrained,,beam-4,1,4,243,beam,true,true,true,false,0,true,3.358236,3.358236,38,38,4,4,48,29,363,243,,
seeded-034,seeded,unconstrained,,beam-16,1,16,243,beam,true,true,true,false,0,true,3.358236,3.358236,38,38,4,4,135,75,363,243,,
seeded-034,seeded,unconstrained,,beam-64,1,64,243,beam,true,true,true,false,0,true,3.358236,3.358236,38,38,4,4,312,145,363,243,,
seeded-034,seeded,unconstrained,,beam-256,1,256,243,beam,true,true,true,false,0,true,3.358236,3.358236,38,38,4,4,363,0,363,243,,
seeded-034,seeded,tight,23,auto-exact-4096,4096,256,243,exact,true,true,true,false,0,true,2.953934,2.953934,23,23,4,4,54,0,363,243,,
seeded-034,seeded,tight,23,beam-1,1,1,243,beam,true,true,true,false,0.06284799999999935,false,2.953934,2.8910860000000005,23,22,4,8,14,9,363,243,,
seeded-034,seeded,tight,23,beam-4,1,4,243,beam,true,true,true,false,0.012973999999999819,false,2.953934,2.94096,23,23,4,7,27,8,363,243,,
seeded-034,seeded,tight,23,beam-16,1,16,243,beam,true,true,true,false,0,true,2.953934,2.953934,23,23,4,4,54,7,363,243,,
seeded-034,seeded,tight,23,beam-64,1,64,243,beam,true,true,true,false,0,true,2.953934,2.953934,23,23,4,4,54,0,363,243,,
seeded-034,seeded,tight,23,beam-256,1,256,243,beam,true,true,true,false,0,true,2.953934,2.953934,23,23,4,4,54,0,363,243,,
seeded-034,seeded,infeasible,17.5,auto-exact-4096,4096,256,243,,false,false,true,false,,,,,,,,,,,363,243,,
seeded-034,seeded,infeasible,17.5,beam-1,1,1,243,,false,false,true,false,,,,,,,,,,,363,243,,
seeded-034,seeded,infeasible,17.5,beam-4,1,4,243,,false,false,true,false,,,,,,,,,,,363,243,,
seeded-034,seeded,infeasible,17.5,beam-16,1,16,243,,false,false,true,false,,,,,,,,,,,363,243,,
seeded-034,seeded,infeasible,17.5,beam-64,1,64,243,,false,false,true,false,,,,,,,,,,,363,243,,
seeded-034,seeded,infeasible,17.5,beam-256,1,256,243,,false,false,true,false,,,,,,,,,,,363,243,,
seeded-035,seeded,unconstrained,,auto-exact-4096,4096,256,4096,exact,true,true,true,false,0,true,3.757317,3.757317,24,24,1,1,5460,0,5460,4096,,
seeded-035,seeded,unconstrained,,beam-1,1,1,4096,beam,true,true,true,false,0.013670000000000293,false,3.757317,3.7436469999999997,24,31,1,4,24,18,5460,4096,,
seeded-035,seeded,unconstrained,,beam-4,1,4,4096,beam,true,true,true,false,0.013670000000000293,false,3.757317,3.7436469999999997,24,31,1,4,84,60,5460,4096,,
seeded-035,seeded,unconstrained,,beam-16,1,16,4096,beam,true,true,true,false,0,true,3.757317,3.757317,24,24,1,1,276,192,5460,4096,,
seeded-035,seeded,unconstrained,,beam-64,1,64,4096,beam,true,true,true,false,0,true,3.757317,3.757317,24,24,1,1,852,576,5460,4096,,
seeded-035,seeded,unconstrained,,beam-256,1,256,4096,beam,true,true,true,false,0,true,3.757317,3.757317,24,24,1,1,2388,1536,5460,4096,,
seeded-035,seeded,tight,25,auto-exact-4096,4096,256,4096,exact,true,true,true,false,0,true,3.757317,3.757317,24,24,1,1,867,0,5460,4096,,
seeded-035,seeded,tight,25,beam-1,1,1,4096,beam,true,true,true,false,0.05946000000000007,false,3.757317,3.697857,24,21,1,5,24,18,5460,4096,,
seeded-035,seeded,tight,25,beam-4,1,4,4096,beam,true,true,true,false,0.026531000000000304,false,3.757317,3.7307859999999997,24,23,1,4,61,37,5460,4096,,
seeded-035,seeded,tight,25,beam-16,1,16,4096,beam,true,true,true,false,0,true,3.757317,3.757317,24,24,1,1,180,99,5460,4096,,
seeded-035,seeded,tight,25,beam-64,1,64,4096,beam,true,true,true,false,0,true,3.757317,3.757317,24,24,1,1,489,246,5460,4096,,
seeded-035,seeded,tight,25,beam-256,1,256,4096,beam,true,true,true,false,0,true,3.757317,3.757317,24,24,1,1,867,249,5460,4096,,
seeded-035,seeded,infeasible,15.5,auto-exact-4096,4096,256,4096,,false,false,true,false,,,,,,,,,,,5460,4096,,
seeded-035,seeded,infeasible,15.5,beam-1,1,1,4096,,false,false,true,false,,,,,,,,,,,5460,4096,,
seeded-035,seeded,infeasible,15.5,beam-4,1,4,4096,,false,false,true,false,,,,,,,,,,,5460,4096,,
seeded-035,seeded,infeasible,15.5,beam-16,1,16,4096,,false,false,true,false,,,,,,,,,,,5460,4096,,
seeded-035,seeded,infeasible,15.5,beam-64,1,64,4096,,false,false,true,false,,,,,,,,,,,5460,4096,,
seeded-035,seeded,infeasible,15.5,beam-256,1,256,4096,,false,false,true,false,,,,,,,,,,,5460,4096,,
seeded-036,seeded,unconstrained,,auto-exact-4096,4096,256,8,exact,true,true,true,false,0,true,1.707367,1.707367,13,13,0,0,14,0,14,8,,
seeded-036,seeded,unconstrained,,beam-1,1,1,8,beam,true,true,true,false,0.01108599999999993,false,1.707367,1.6962810000000001,13,20,0,1,6,3,14,8,,
seeded-036,seeded,unconstrained,,beam-4,1,4,8,beam,true,true,true,false,0,true,1.707367,1.707367,13,13,0,0,14,4,14,8,,
seeded-036,seeded,unconstrained,,beam-16,1,16,8,beam,true,true,true,false,0,true,1.707367,1.707367,13,13,0,0,14,0,14,8,,
seeded-036,seeded,unconstrained,,beam-64,1,64,8,beam,true,true,true,false,0,true,1.707367,1.707367,13,13,0,0,14,0,14,8,,
seeded-036,seeded,unconstrained,,beam-256,1,256,8,beam,true,true,true,false,0,true,1.707367,1.707367,13,13,0,0,14,0,14,8,,
seeded-036,seeded,tight,8,auto-exact-4096,4096,256,8,exact,true,true,true,false,0,true,1.611652,1.611652,8,8,1,1,5,0,14,8,,
seeded-036,seeded,tight,8,beam-1,1,1,8,beam,true,true,true,false,0.031383999999999856,false,1.611652,1.5802680000000002,8,5,1,1,4,1,14,8,,
seeded-036,seeded,tight,8,beam-4,1,4,8,beam,true,true,true,false,0,true,1.611652,1.611652,8,8,1,1,5,0,14,8,,
seeded-036,seeded,tight,8,beam-16,1,16,8,beam,true,true,true,false,0,true,1.611652,1.611652,8,8,1,1,5,0,14,8,,
seeded-036,seeded,tight,8,beam-64,1,64,8,beam,true,true,true,false,0,true,1.611652,1.611652,8,8,1,1,5,0,14,8,,
seeded-036,seeded,tight,8,beam-256,1,256,8,beam,true,true,true,false,0,true,1.611652,1.611652,8,8,1,1,5,0,14,8,,
seeded-036,seeded,infeasible,4.5,auto-exact-4096,4096,256,8,,false,false,true,false,,,,,,,,,,,14,8,,
seeded-036,seeded,infeasible,4.5,beam-1,1,1,8,,false,false,true,false,,,,,,,,,,,14,8,,
seeded-036,seeded,infeasible,4.5,beam-4,1,4,8,,false,false,true,false,,,,,,,,,,,14,8,,
seeded-036,seeded,infeasible,4.5,beam-16,1,16,8,,false,false,true,false,,,,,,,,,,,14,8,,
seeded-036,seeded,infeasible,4.5,beam-64,1,64,8,,false,false,true,false,,,,,,,,,,,14,8,,
seeded-036,seeded,infeasible,4.5,beam-256,1,256,8,,false,false,true,false,,,,,,,,,,,14,8,,
seeded-037,seeded,unconstrained,,auto-exact-4096,4096,256,81,exact,true,true,true,false,0,true,2.642647,2.642647,27,27,0,0,120,0,120,81,,
seeded-037,seeded,unconstrained,,beam-1,1,1,81,beam,true,true,true,false,0.0017530000000003376,false,2.642647,2.640894,27,28,0,2,12,8,120,81,,
seeded-037,seeded,unconstrained,,beam-4,1,4,81,beam,true,true,true,false,0,true,2.642647,2.642647,27,27,0,0,36,21,120,81,,
seeded-037,seeded,unconstrained,,beam-16,1,16,81,beam,true,true,true,false,0,true,2.642647,2.642647,27,27,0,0,87,43,120,81,,
seeded-037,seeded,unconstrained,,beam-64,1,64,81,beam,true,true,true,false,0,true,2.642647,2.642647,27,27,0,0,120,17,120,81,,
seeded-037,seeded,unconstrained,,beam-256,1,256,81,beam,true,true,true,false,0,true,2.642647,2.642647,27,27,0,0,120,0,120,81,,
seeded-037,seeded,tight,15,auto-exact-4096,4096,256,81,exact,true,true,true,false,0,true,2.325295,2.325295,15,15,0,0,46,0,120,81,,
seeded-037,seeded,tight,15,beam-1,1,1,81,beam,true,true,true,false,0.03684899999999969,false,2.325295,2.2884460000000004,15,13,0,0,10,6,120,81,,
seeded-037,seeded,tight,15,beam-4,1,4,81,beam,true,true,true,false,0,true,2.325295,2.325295,15,15,0,0,23,9,120,81,,
seeded-037,seeded,tight,15,beam-16,1,16,81,beam,true,true,true,false,0,true,2.325295,2.325295,15,15,0,0,46,6,120,81,,
seeded-037,seeded,tight,15,beam-64,1,64,81,beam,true,true,true,false,0,true,2.325295,2.325295,15,15,0,0,46,0,120,81,,
seeded-037,seeded,tight,15,beam-256,1,256,81,beam,true,true,true,false,0,true,2.325295,2.325295,15,15,0,0,46,0,120,81,,
seeded-037,seeded,infeasible,10.5,auto-exact-4096,4096,256,81,,false,false,true,false,,,,,,,,,,,120,81,,
seeded-037,seeded,infeasible,10.5,beam-1,1,1,81,,false,false,true,false,,,,,,,,,,,120,81,,
seeded-037,seeded,infeasible,10.5,beam-4,1,4,81,,false,false,true,false,,,,,,,,,,,120,81,,
seeded-037,seeded,infeasible,10.5,beam-16,1,16,81,,false,false,true,false,,,,,,,,,,,120,81,,
seeded-037,seeded,infeasible,10.5,beam-64,1,64,81,,false,false,true,false,,,,,,,,,,,120,81,,
seeded-037,seeded,infeasible,10.5,beam-256,1,256,81,,false,false,true,false,,,,,,,,,,,120,81,,
seeded-038,seeded,unconstrained,,auto-exact-4096,4096,256,1024,exact,true,true,true,false,0,true,3.090423,3.090423,23,23,0,0,1364,0,1364,1024,,
seeded-038,seeded,unconstrained,,beam-1,1,1,1024,beam,true,true,true,false,0,true,3.090423,3.090423,23,23,0,0,20,15,1364,1024,,
seeded-038,seeded,unconstrained,,beam-4,1,4,1024,beam,true,true,true,false,0,true,3.090423,3.090423,23,23,0,0,68,48,1364,1024,,
seeded-038,seeded,unconstrained,,beam-16,1,16,1024,beam,true,true,true,false,0,true,3.090423,3.090423,23,23,0,0,212,144,1364,1024,,
seeded-038,seeded,unconstrained,,beam-64,1,64,1024,beam,true,true,true,false,0,true,3.090423,3.090423,23,23,0,0,596,384,1364,1024,,
seeded-038,seeded,unconstrained,,beam-256,1,256,1024,beam,true,true,true,false,0,true,3.090423,3.090423,23,23,0,0,1364,768,1364,1024,,
seeded-038,seeded,tight,16,auto-exact-4096,4096,256,1024,exact,true,true,true,false,0,true,3.019022,3.019022,16,16,4,4,161,0,1364,1024,,
seeded-038,seeded,tight,16,beam-1,1,1,1024,beam,true,true,true,false,0.014398999999999607,false,3.019022,3.0046230000000005,16,14,4,6,20,15,1364,1024,,
seeded-038,seeded,tight,16,beam-4,1,4,1024,beam,true,true,true,false,0.014398999999999607,false,3.019022,3.0046230000000005,16,14,4,6,38,18,1364,1024,,
seeded-038,seeded,tight,16,beam-16,1,16,1024,beam,true,true,true,false,0,true,3.019022,3.019022,16,16,4,4,92,32,1364,1024,,
seeded-038,seeded,tight,16,beam-64,1,64,1024,beam,true,true,true,false,0,true,3.019022,3.019022,16,16,4,4,161,21,1364,1024,,
seeded-038,seeded,tight,16,beam-256,1,256,1024,beam,true,true,true,false,0,true,3.019022,3.019022,16,16,4,4,161,0,1364,1024,,
seeded-038,seeded,infeasible,10.5,auto-exact-4096,4096,256,1024,,false,false,true,false,,,,,,,,,,,1364,1024,,
seeded-038,seeded,infeasible,10.5,beam-1,1,1,1024,,false,false,true,false,,,,,,,,,,,1364,1024,,
seeded-038,seeded,infeasible,10.5,beam-4,1,4,1024,,false,false,true,false,,,,,,,,,,,1364,1024,,
seeded-038,seeded,infeasible,10.5,beam-16,1,16,1024,,false,false,true,false,,,,,,,,,,,1364,1024,,
seeded-038,seeded,infeasible,10.5,beam-64,1,64,1024,,false,false,true,false,,,,,,,,,,,1364,1024,,
seeded-038,seeded,infeasible,10.5,beam-256,1,256,1024,,false,false,true,false,,,,,,,,,,,1364,1024,,
seeded-039,seeded,unconstrained,,auto-exact-4096,4096,256,64,exact,true,true,true,false,0,true,3.348633,3.3486329999999995,37,37,3,3,126,0,126,64,,
seeded-039,seeded,unconstrained,,beam-1,1,1,64,beam,true,true,true,false,0.006220000000000336,false,3.348633,3.3424129999999996,37,34,3,5,12,6,126,64,,
seeded-039,seeded,unconstrained,,beam-4,1,4,64,beam,true,true,true,false,0,true,3.348633,3.3486329999999995,37,37,3,3,38,16,126,64,,
seeded-039,seeded,unconstrained,,beam-16,1,16,64,beam,true,true,true,false,0,true,3.348633,3.3486329999999995,37,37,3,3,94,32,126,64,,
seeded-039,seeded,unconstrained,,beam-64,1,64,64,beam,true,true,true,false,0,true,3.348633,3.3486329999999995,37,37,3,3,126,0,126,64,,
seeded-039,seeded,unconstrained,,beam-256,1,256,64,beam,true,true,true,false,0,true,3.348633,3.3486329999999995,37,37,3,3,126,0,126,64,,
seeded-039,seeded,tight,24,auto-exact-4096,4096,256,64,exact,true,true,true,false,0,true,3.241431,3.241431,24,24,3,3,35,0,126,64,,
seeded-039,seeded,tight,24,beam-1,1,1,64,beam,true,true,true,false,0.13042399999999965,false,3.241431,3.1110070000000003,24,19,3,4,10,4,126,64,,
seeded-039,seeded,tight,24,beam-4,1,4,64,beam,true,true,true,false,0,true,3.241431,3.241431,24,24,3,3,25,4,126,64,,
seeded-039,seeded,tight,24,beam-16,1,16,64,beam,true,true,true,false,0,true,3.241431,3.241431,24,24,3,3,35,0,126,64,,
seeded-039,seeded,tight,24,beam-64,1,64,64,beam,true,true,true,false,0,true,3.241431,3.241431,24,24,3,3,35,0,126,64,,
seeded-039,seeded,tight,24,beam-256,1,256,64,beam,true,true,true,false,0,true,3.241431,3.241431,24,24,3,3,35,0,126,64,,
seeded-039,seeded,infeasible,18.5,auto-exact-4096,4096,256,64,,false,false,true,false,,,,,,,,,,,126,64,,
seeded-039,seeded,infeasible,18.5,beam-1,1,1,64,,false,false,true,false,,,,,,,,,,,126,64,,
seeded-039,seeded,infeasible,18.5,beam-4,1,4,64,,false,false,true,false,,,,,,,,,,,126,64,,
seeded-039,seeded,infeasible,18.5,beam-16,1,16,64,,false,false,true,false,,,,,,,,,,,126,64,,
seeded-039,seeded,infeasible,18.5,beam-64,1,64,64,,false,false,true,false,,,,,,,,,,,126,64,,
seeded-039,seeded,infeasible,18.5,beam-256,1,256,64,,false,false,true,false,,,,,,,,,,,126,64,,
seeded-040,seeded,unconstrained,,auto-exact-4096,4096,256,27,exact,true,true,true,false,0,true,1.991763,1.991763,22,22,2,2,39,0,39,27,,
seeded-040,seeded,unconstrained,,beam-1,1,1,27,beam,true,true,true,false,0,true,1.991763,1.991763,22,22,2,2,9,6,39,27,,
seeded-040,seeded,unconstrained,,beam-4,1,4,27,beam,true,true,true,false,0,true,1.991763,1.991763,22,22,2,2,24,13,39,27,,
seeded-040,seeded,unconstrained,,beam-16,1,16,27,beam,true,true,true,false,0,true,1.991763,1.991763,22,22,2,2,39,11,39,27,,
seeded-040,seeded,unconstrained,,beam-64,1,64,27,beam,true,true,true,false,0,true,1.991763,1.991763,22,22,2,2,39,0,39,27,,
seeded-040,seeded,unconstrained,,beam-256,1,256,27,beam,true,true,true,false,0,true,1.991763,1.991763,22,22,2,2,39,0,39,27,,
seeded-040,seeded,tight,12,auto-exact-4096,4096,256,27,exact,true,true,true,false,0,true,1.739898,1.7398980000000002,12,12,2,2,8,0,39,27,,
seeded-040,seeded,tight,12,beam-1,1,1,27,beam,true,true,true,false,0.02176699999999987,false,1.739898,1.718131,12,11,2,2,5,2,39,27,,
seeded-040,seeded,tight,12,beam-4,1,4,27,beam,true,true,true,false,0,true,1.739898,1.7398980000000002,12,12,2,2,8,0,39,27,,
seeded-040,seeded,tight,12,beam-16,1,16,27,beam,true,true,true,false,0,true,1.739898,1.7398980000000002,12,12,2,2,8,0,39,27,,
seeded-040,seeded,tight,12,beam-64,1,64,27,beam,true,true,true,false,0,true,1.739898,1.7398980000000002,12,12,2,2,8,0,39,27,,
seeded-040,seeded,tight,12,beam-256,1,256,27,beam,true,true,true,false,0,true,1.739898,1.7398980000000002,12,12,2,2,8,0,39,27,,
seeded-040,seeded,infeasible,8.5,auto-exact-4096,4096,256,27,,false,false,true,false,,,,,,,,,,,39,27,,
seeded-040,seeded,infeasible,8.5,beam-1,1,1,27,,false,false,true,false,,,,,,,,,,,39,27,,
seeded-040,seeded,infeasible,8.5,beam-4,1,4,27,,false,false,true,false,,,,,,,,,,,39,27,,
seeded-040,seeded,infeasible,8.5,beam-16,1,16,27,,false,false,true,false,,,,,,,,,,,39,27,,
seeded-040,seeded,infeasible,8.5,beam-64,1,64,27,,false,false,true,false,,,,,,,,,,,39,27,,
seeded-040,seeded,infeasible,8.5,beam-256,1,256,27,,false,false,true,false,,,,,,,,,,,39,27,,
seeded-041,seeded,unconstrained,,auto-exact-4096,4096,256,256,exact,true,true,true,false,0,true,2.499838,2.499838,15,15,0,0,340,0,340,256,,
seeded-041,seeded,unconstrained,,beam-1,1,1,256,beam,true,true,true,false,0.0057760000000004474,false,2.499838,2.4940619999999996,15,14,0,2,16,12,340,256,,
seeded-041,seeded,unconstrained,,beam-4,1,4,256,beam,true,true,true,false,0,true,2.499838,2.499838,15,15,0,0,52,36,340,256,,
seeded-041,seeded,unconstrained,,beam-16,1,16,256,beam,true,true,true,false,0,true,2.499838,2.499838,15,15,0,0,148,96,340,256,,
seeded-041,seeded,unconstrained,,beam-64,1,64,256,beam,true,true,true,false,0,true,2.499838,2.499838,15,15,0,0,340,192,340,256,,
seeded-041,seeded,unconstrained,,beam-256,1,256,256,beam,true,true,true,false,0,true,2.499838,2.499838,15,15,0,0,340,0,340,256,,
seeded-041,seeded,tight,12,auto-exact-4096,4096,256,256,exact,true,true,true,false,0,true,2.452469,2.4524690000000002,10,10,4,4,41,0,340,256,,
seeded-041,seeded,tight,12,beam-1,1,1,256,beam,true,true,true,false,0.01794099999999954,false,2.452469,2.4345280000000002,10,9,4,4,12,8,340,256,,
seeded-041,seeded,tight,12,beam-4,1,4,256,beam,true,true,true,false,0,true,2.452469,2.4524690000000002,10,10,4,4,27,13,340,256,,
seeded-041,seeded,tight,12,beam-16,1,16,256,beam,true,true,true,false,0,true,2.452469,2.4524690000000002,10,10,4,4,41,10,340,256,,
seeded-041,seeded,tight,12,beam-64,1,64,256,beam,true,true,true,false,0,true,2.452469,2.4524690000000002,10,10,4,4,41,0,340,256,,
seeded-041,seeded,tight,12,beam-256,1,256,256,beam,true,true,true,false,0,true,2.452469,2.4524690000000002,10,10,4,4,41,0,340,256,,
seeded-041,seeded,infeasible,7.5,auto-exact-4096,4096,256,256,,false,false,true,false,,,,,,,,,,,340,256,,
seeded-041,seeded,infeasible,7.5,beam-1,1,1,256,,false,false,true,false,,,,,,,,,,,340,256,,
seeded-041,seeded,infeasible,7.5,beam-4,1,4,256,,false,false,true,false,,,,,,,,,,,340,256,,
seeded-041,seeded,infeasible,7.5,beam-16,1,16,256,,false,false,true,false,,,,,,,,,,,340,256,,
seeded-041,seeded,infeasible,7.5,beam-64,1,64,256,,false,false,true,false,,,,,,,,,,,340,256,,
seeded-041,seeded,infeasible,7.5,beam-256,1,256,256,,false,false,true,false,,,,,,,,,,,340,256,,
seeded-042,seeded,unconstrained,,auto-exact-4096,4096,256,32,exact,true,true,true,false,0,true,2.942994,2.942994,20,20,6,6,62,0,62,32,,
seeded-042,seeded,unconstrained,,beam-1,1,1,32,beam,true,true,true,false,0,true,2.942994,2.942994,20,20,6,6,10,5,62,32,,
seeded-042,seeded,unconstrained,,beam-4,1,4,32,beam,true,true,true,false,0,true,2.942994,2.942994,20,20,6,6,30,12,62,32,,
seeded-042,seeded,unconstrained,,beam-16,1,16,32,beam,true,true,true,false,0,true,2.942994,2.942994,20,20,6,6,62,16,62,32,,
seeded-042,seeded,unconstrained,,beam-64,1,64,32,beam,true,true,true,false,0,true,2.942994,2.942994,20,20,6,6,62,0,62,32,,
seeded-042,seeded,unconstrained,,beam-256,1,256,32,beam,true,true,true,false,0,true,2.942994,2.942994,20,20,6,6,62,0,62,32,,
seeded-042,seeded,tight,17,auto-exact-4096,4096,256,32,exact,true,true,true,false,0,true,2.831515,2.831515,16,16,4,4,18,0,62,32,,
seeded-042,seeded,tight,17,beam-1,1,1,32,beam,true,true,true,false,0.24343299999999957,false,2.831515,2.5880820000000004,16,14,4,6,8,3,62,32,,
seeded-042,seeded,tight,17,beam-4,1,4,32,beam,true,true,true,false,0,true,2.831515,2.831515,16,16,4,4,18,4,62,32,,
seeded-042,seeded,tight,17,beam-16,1,16,32,beam,true,true,true,false,0,true,2.831515,2.831515,16,16,4,4,18,0,62,32,,
seeded-042,seeded,tight,17,beam-64,1,64,32,beam,true,true,true,false,0,true,2.831515,2.831515,16,16,4,4,18,0,62,32,,
seeded-042,seeded,tight,17,beam-256,1,256,32,beam,true,true,true,false,0,true,2.831515,2.831515,16,16,4,4,18,0,62,32,,
seeded-042,seeded,infeasible,13.5,auto-exact-4096,4096,256,32,,false,false,true,false,,,,,,,,,,,62,32,,
seeded-042,seeded,infeasible,13.5,beam-1,1,1,32,,false,false,true,false,,,,,,,,,,,62,32,,
seeded-042,seeded,infeasible,13.5,beam-4,1,4,32,,false,false,true,false,,,,,,,,,,,62,32,,
seeded-042,seeded,infeasible,13.5,beam-16,1,16,32,,false,false,true,false,,,,,,,,,,,62,32,,
seeded-042,seeded,infeasible,13.5,beam-64,1,64,32,,false,false,true,false,,,,,,,,,,,62,32,,
seeded-042,seeded,infeasible,13.5,beam-256,1,256,32,,false,false,true,false,,,,,,,,,,,62,32,,
seeded-043,seeded,unconstrained,,auto-exact-4096,4096,256,729,exact,true,true,true,false,0,true,3.9480150000000003,3.9480149999999994,42,42,4,4,1092,0,1092,729,,
seeded-043,seeded,unconstrained,,beam-1,1,1,729,beam,true,true,true,false,0,true,3.9480150000000003,3.9480149999999994,42,42,4,4,18,12,1092,729,,
seeded-043,seeded,unconstrained,,beam-4,1,4,729,beam,true,true,true,false,0,true,3.9480150000000003,3.9480149999999994,42,42,4,4,60,37,1092,729,,
seeded-043,seeded,unconstrained,,beam-16,1,16,729,beam,true,true,true,false,0,true,3.9480150000000003,3.9480149999999994,42,42,4,4,183,107,1092,729,,
seeded-043,seeded,unconstrained,,beam-64,1,64,729,beam,true,true,true,false,0,true,3.9480150000000003,3.9480149999999994,42,42,4,4,504,273,1092,729,,
seeded-043,seeded,unconstrained,,beam-256,1,256,729,beam,true,true,true,false,0,true,3.9480150000000003,3.9480149999999994,42,42,4,4,1092,473,1092,729,,
seeded-043,seeded,tight,24,auto-exact-4096,4096,256,729,exact,true,true,true,false,0,true,3.494495,3.4944949999999997,24,24,4,4,179,0,1092,729,,
seeded-043,seeded,tight,24,beam-1,1,1,729,beam,true,true,true,false,0.15586300000000008,false,3.494495,3.338632,24,20,4,8,15,9,1092,729,,
seeded-043,seeded,tight,24,beam-4,1,4,729,beam,true,true,true,false,0.040022000000000446,false,3.494495,3.4544729999999997,24,23,4,4,39,16,1092,729,,
seeded-043,seeded,tight,24,beam-16,1,16,729,beam,true,true,true,false,0,true,3.494495,3.4944949999999997,24,24,4,4,101,28,1092,729,,
seeded-043,seeded,tight,24,beam-64,1,64,729,beam,true,true,true,false,0,true,3.494495,3.4944949999999997,24,24,4,4,179,18,1092,729,,
seeded-043,seeded,tight,24,beam-256,1,256,729,beam,true,true,true,false,0,true,3.494495,3.4944949999999997,24,24,4,4,179,0,1092,729,,
seeded-043,seeded,infeasible,17.5,auto-exact-4096,4096,256,729,,false,false,true,false,,,,,,,,,,,1092,729,,
seeded-043,seeded,infeasible,17.5,beam-1,1,1,729,,false,false,true,false,,,,,,,,,,,1092,729,,
seeded-043,seeded,infeasible,17.5,beam-4,1,4,729,,false,false,true,false,,,,,,,,,,,1092,729,,
seeded-043,seeded,infeasible,17.5,beam-16,1,16,729,,false,false,true,false,,,,,,,,,,,1092,729,,
seeded-043,seeded,infeasible,17.5,beam-64,1,64,729,,false,false,true,false,,,,,,,,,,,1092,729,,
seeded-043,seeded,infeasible,17.5,beam-256,1,256,729,,false,false,true,false,,,,,,,,,,,1092,729,,
seeded-044,seeded,unconstrained,,auto-exact-4096,4096,256,64,exact,true,true,true,false,0,true,1.8672900000000001,1.8672900000000001,21,21,0,0,84,0,84,64,,
seeded-044,seeded,unconstrained,,beam-1,1,1,64,beam,true,true,true,false,0.004153000000000073,false,1.8672900000000001,1.863137,21,13,0,1,12,9,84,64,,
seeded-044,seeded,unconstrained,,beam-4,1,4,64,beam,true,true,true,false,0,true,1.8672900000000001,1.8672900000000001,21,21,0,0,36,24,84,64,,
seeded-044,seeded,unconstrained,,beam-16,1,16,64,beam,true,true,true,false,0,true,1.8672900000000001,1.8672900000000001,21,21,0,0,84,48,84,64,,
seeded-044,seeded,unconstrained,,beam-64,1,64,64,beam,true,true,true,false,0,true,1.8672900000000001,1.8672900000000001,21,21,0,0,84,0,84,64,,
seeded-044,seeded,unconstrained,,beam-256,1,256,64,beam,true,true,true,false,0,true,1.8672900000000001,1.8672900000000001,21,21,0,0,84,0,84,64,,
seeded-044,seeded,tight,15,auto-exact-4096,4096,256,64,exact,true,true,true,false,0,true,1.8631370000000003,1.863137,13,13,1,1,15,0,84,64,,
seeded-044,seeded,tight,15,beam-1,1,1,64,beam,true,true,true,false,0,true,1.8631370000000003,1.863137,13,13,1,1,9,6,84,64,,
seeded-044,seeded,tight,15,beam-4,1,4,64,beam,true,true,true,false,0,true,1.8631370000000003,1.863137,13,13,1,1,15,6,84,64,,
seeded-044,seeded,tight,15,beam-16,1,16,64,beam,true,true,true,false,0,true,1.8631370000000003,1.863137,13,13,1,1,15,0,84,64,,
seeded-044,seeded,tight,15,beam-64,1,64,64,beam,true,true,true,false,0,true,1.8631370000000003,1.863137,13,13,1,1,15,0,84,64,,
seeded-044,seeded,tight,15,beam-256,1,256,64,beam,true,true,true,false,0,true,1.8631370000000003,1.863137,13,13,1,1,15,0,84,64,,
seeded-044,seeded,infeasible,11.5,auto-exact-4096,4096,256,64,,false,false,true,false,,,,,,,,,,,84,64,,
seeded-044,seeded,infeasible,11.5,beam-1,1,1,64,,false,false,true,false,,,,,,,,,,,84,64,,
seeded-044,seeded,infeasible,11.5,beam-4,1,4,64,,false,false,true,false,,,,,,,,,,,84,64,,
seeded-044,seeded,infeasible,11.5,beam-16,1,16,64,,false,false,true,false,,,,,,,,,,,84,64,,
seeded-044,seeded,infeasible,11.5,beam-64,1,64,64,,false,false,true,false,,,,,,,,,,,84,64,,
seeded-044,seeded,infeasible,11.5,beam-256,1,256,64,,false,false,true,false,,,,,,,,,,,84,64,,
seeded-045,seeded,unconstrained,,auto-exact-4096,4096,256,16,exact,true,true,true,false,0,true,2.3084290000000003,2.3084290000000003,26,26,0,0,30,0,30,16,,
seeded-045,seeded,unconstrained,,beam-1,1,1,16,beam,true,true,true,false,0,true,2.3084290000000003,2.3084290000000003,26,26,0,0,8,4,30,16,,
seeded-045,seeded,unconstrained,,beam-4,1,4,16,beam,true,true,true,false,0,true,2.3084290000000003,2.3084290000000003,26,26,0,0,22,8,30,16,,
seeded-045,seeded,unconstrained,,beam-16,1,16,16,beam,true,true,true,false,0,true,2.3084290000000003,2.3084290000000003,26,26,0,0,30,0,30,16,,
seeded-045,seeded,unconstrained,,beam-64,1,64,16,beam,true,true,true,false,0,true,2.3084290000000003,2.3084290000000003,26,26,0,0,30,0,30,16,,
seeded-045,seeded,unconstrained,,beam-256,1,256,16,beam,true,true,true,false,0,true,2.3084290000000003,2.3084290000000003,26,26,0,0,30,0,30,16,,
seeded-045,seeded,tight,20,auto-exact-4096,4096,256,16,exact,true,true,true,false,0,true,2.225874,2.2258740000000006,18,18,3,3,14,0,30,16,,
seeded-045,seeded,tight,20,beam-1,1,1,16,beam,true,true,true,false,0,true,2.225874,2.2258740000000006,18,18,3,3,6,2,30,16,,
seeded-045,seeded,tight,20,beam-4,1,4,16,beam,true,true,true,false,0,true,2.225874,2.2258740000000006,18,18,3,3,14,0,30,16,,
seeded-045,seeded,tight,20,beam-16,1,16,16,beam,true,true,true,false,0,true,2.225874,2.2258740000000006,18,18,3,3,14,0,30,16,,
seeded-045,seeded,tight,20,beam-64,1,64,16,beam,true,true,true,false,0,true,2.225874,2.2258740000000006,18,18,3,3,14,0,30,16,,
seeded-045,seeded,tight,20,beam-256,1,256,16,beam,true,true,true,false,0,true,2.225874,2.2258740000000006,18,18,3,3,14,0,30,16,,
seeded-045,seeded,infeasible,17.5,auto-exact-4096,4096,256,16,,false,false,true,false,,,,,,,,,,,30,16,,
seeded-045,seeded,infeasible,17.5,beam-1,1,1,16,,false,false,true,false,,,,,,,,,,,30,16,,
seeded-045,seeded,infeasible,17.5,beam-4,1,4,16,,false,false,true,false,,,,,,,,,,,30,16,,
seeded-045,seeded,infeasible,17.5,beam-16,1,16,16,,false,false,true,false,,,,,,,,,,,30,16,,
seeded-045,seeded,infeasible,17.5,beam-64,1,64,16,,false,false,true,false,,,,,,,,,,,30,16,,
seeded-045,seeded,infeasible,17.5,beam-256,1,256,16,,false,false,true,false,,,,,,,,,,,30,16,,
seeded-046,seeded,unconstrained,,auto-exact-4096,4096,256,243,exact,true,true,true,false,0,true,3.2136750000000003,3.2136750000000003,34,34,7,7,363,0,363,243,,
seeded-046,seeded,unconstrained,,beam-1,1,1,243,beam,true,true,true,false,0,true,3.2136750000000003,3.2136750000000003,34,34,7,7,15,10,363,243,,
seeded-046,seeded,unconstrained,,beam-4,1,4,243,beam,true,true,true,false,0,true,3.2136750000000003,3.2136750000000003,34,34,7,7,48,29,363,243,,
seeded-046,seeded,unconstrained,,beam-16,1,16,243,beam,true,true,true,false,0,true,3.2136750000000003,3.2136750000000003,34,34,7,7,135,75,363,243,,
seeded-046,seeded,unconstrained,,beam-64,1,64,243,beam,true,true,true,false,0,true,3.2136750000000003,3.2136750000000003,34,34,7,7,312,145,363,243,,
seeded-046,seeded,unconstrained,,beam-256,1,256,243,beam,true,true,true,false,0,true,3.2136750000000003,3.2136750000000003,34,34,7,7,363,0,363,243,,
seeded-046,seeded,tight,16,auto-exact-4096,4096,256,243,exact,true,true,true,false,0,true,2.7861700000000003,2.7861700000000003,15,15,4,4,63,0,363,243,,
seeded-046,seeded,tight,16,beam-1,1,1,243,beam,true,true,true,false,0,true,2.7861700000000003,2.7861700000000003,15,15,4,4,15,10,363,243,,
seeded-046,seeded,tight,16,beam-4,1,4,243,beam,true,true,true,false,0,true,2.7861700000000003,2.7861700000000003,15,15,4,4,29,10,363,243,,
seeded-046,seeded,tight,16,beam-16,1,16,243,beam,true,true,true,false,0,true,2.7861700000000003,2.7861700000000003,15,15,4,4,60,7,363,243,,
seeded-046,seeded,tight,16,beam-64,1,64,243,beam,true,true,true,false,0,true,2.7861700000000003,2.7861700000000003,15,15,4,4,63,0,363,243,,
seeded-046,seeded,tight,16,beam-256,1,256,243,beam,true,true,true,false,0,true,2.7861700000000003,2.7861700000000003,15,15,4,4,63,0,363,243,,
seeded-046,seeded,infeasible,9.5,auto-exact-4096,4096,256,243,,false,false,true,false,,,,,,,,,,,363,243,,
seeded-046,seeded,infeasible,9.5,beam-1,1,1,243,,false,false,true,false,,,,,,,,,,,363,243,,
seeded-046,seeded,infeasible,9.5,beam-4,1,4,243,,false,false,true,false,,,,,,,,,,,363,243,,
seeded-046,seeded,infeasible,9.5,beam-16,1,16,243,,false,false,true,false,,,,,,,,,,,363,243,,
seeded-046,seeded,infeasible,9.5,beam-64,1,64,243,,false,false,true,false,,,,,,,,,,,363,243,,
seeded-046,seeded,infeasible,9.5,beam-256,1,256,243,,false,false,true,false,,,,,,,,,,,363,243,,
seeded-047,seeded,unconstrained,,auto-exact-4096,4096,256,4096,exact,true,true,true,false,0,true,3.776949,3.776949,33,33,0,0,5460,0,5460,4096,,
seeded-047,seeded,unconstrained,,beam-1,1,1,4096,beam,true,true,true,false,0,true,3.776949,3.776949,33,33,0,0,24,18,5460,4096,,
seeded-047,seeded,unconstrained,,beam-4,1,4,4096,beam,true,true,true,false,0,true,3.776949,3.776949,33,33,0,0,84,60,5460,4096,,
seeded-047,seeded,unconstrained,,beam-16,1,16,4096,beam,true,true,true,false,0,true,3.776949,3.776949,33,33,0,0,276,192,5460,4096,,
seeded-047,seeded,unconstrained,,beam-64,1,64,4096,beam,true,true,true,false,0,true,3.776949,3.776949,33,33,0,0,852,576,5460,4096,,
seeded-047,seeded,unconstrained,,beam-256,1,256,4096,beam,true,true,true,false,0,true,3.776949,3.776949,33,33,0,0,2388,1536,5460,4096,,
seeded-047,seeded,tight,22,auto-exact-4096,4096,256,4096,exact,true,true,true,false,0,true,3.710378,3.710378,22,22,2,2,389,0,5460,4096,,
seeded-047,seeded,tight,22,beam-1,1,1,4096,beam,true,true,true,false,0.05748799999999976,false,3.710378,3.65289,22,15,2,3,23,17,5460,4096,,
seeded-047,seeded,tight,22,beam-4,1,4,4096,beam,true,true,true,false,0.011578000000000088,false,3.710378,3.6988,22,19,2,2,47,23,5460,4096,,
seeded-047,seeded,tight,22,beam-16,1,16,4096,beam,true,true,true,false,0,true,3.710378,3.710378,22,22,2,2,140,63,5460,4096,,
seeded-047,seeded,tight,22,beam-64,1,64,4096,beam,true,true,true,false,0,true,3.710378,3.710378,22,22,2,2,303,82,5460,4096,,
seeded-047,seeded,tight,22,beam-256,1,256,4096,beam,true,true,true,false,0,true,3.710378,3.710378,22,22,2,2,389,0,5460,4096,,
seeded-047,seeded,infeasible,14.5,auto-exact-4096,4096,256,4096,,false,false,true,false,,,,,,,,,,,5460,4096,,
seeded-047,seeded,infeasible,14.5,beam-1,1,1,4096,,false,false,true,false,,,,,,,,,,,5460,4096,,
seeded-047,seeded,infeasible,14.5,beam-4,1,4,4096,,false,false,true,false,,,,,,,,,,,5460,4096,,
seeded-047,seeded,infeasible,14.5,beam-16,1,16,4096,,false,false,true,false,,,,,,,,,,,5460,4096,,
seeded-047,seeded,infeasible,14.5,beam-64,1,64,4096,,false,false,true,false,,,,,,,,,,,5460,4096,,
seeded-047,seeded,infeasible,14.5,beam-256,1,256,4096,,false,false,true,false,,,,,,,,,,,5460,4096,,
forced-B-final-1728,adversarial,unconstrained,,auto-exact-4096,4096,256,1728,exact,true,true,true,false,0,true,2.4,2.4,4,4,0,0,3612,0,3612,1728,,
forced-B-final-1728,adversarial,unconstrained,,beam-1,1,1,1728,beam,true,true,true,false,0.04170000000000007,false,2.4,2.3583,4,4,0,3,37,33,3612,1728,,
forced-B-final-1728,adversarial,unconstrained,,beam-4,1,4,1728,beam,true,true,true,false,0.04170000000000007,false,2.4,2.3583,4,4,0,3,112,96,3612,1728,,
forced-B-final-1728,adversarial,unconstrained,,beam-16,1,16,1728,beam,true,true,true,false,0.04170000000000007,false,2.4,2.3583,4,4,0,3,364,304,3612,1728,,
forced-B-final-1728,adversarial,unconstrained,,beam-64,1,64,1728,beam,true,true,true,false,0.04170000000000007,false,2.4,2.3583,4,4,0,3,988,784,3612,1728,,
forced-B-final-1728,adversarial,unconstrained,,beam-256,1,256,1728,beam,true,true,true,false,0.04170000000000007,false,2.4,2.3583,4,4,0,3,2140,1472,3612,1728,,
forced-B-final-1728,adversarial,tight,4,auto-exact-4096,4096,256,1728,exact,true,true,true,false,0,true,2.4,2.4,4,4,0,0,3612,0,3612,1728,,
forced-B-final-1728,adversarial,tight,4,beam-1,1,1,1728,beam,true,true,true,false,0.04170000000000007,false,2.4,2.3583,4,4,0,3,37,33,3612,1728,,
forced-B-final-1728,adversarial,tight,4,beam-4,1,4,1728,beam,true,true,true,false,0.04170000000000007,false,2.4,2.3583,4,4,0,3,112,96,3612,1728,,
forced-B-final-1728,adversarial,tight,4,beam-16,1,16,1728,beam,true,true,true,false,0.04170000000000007,false,2.4,2.3583,4,4,0,3,364,304,3612,1728,,
forced-B-final-1728,adversarial,tight,4,beam-64,1,64,1728,beam,true,true,true,false,0.04170000000000007,false,2.4,2.3583,4,4,0,3,988,784,3612,1728,,
forced-B-final-1728,adversarial,tight,4,beam-256,1,256,1728,beam,true,true,true,false,0.04170000000000007,false,2.4,2.3583,4,4,0,3,2140,1472,3612,1728,,
forced-B-final-1728,adversarial,infeasible,3.5,auto-exact-4096,4096,256,1728,,false,false,true,false,,,,,,,,,,,3612,1728,,
forced-B-final-1728,adversarial,infeasible,3.5,beam-1,1,1,1728,,false,false,true,false,,,,,,,,,,,3612,1728,,
forced-B-final-1728,adversarial,infeasible,3.5,beam-4,1,4,1728,,false,false,true,false,,,,,,,,,,,3612,1728,,
forced-B-final-1728,adversarial,infeasible,3.5,beam-16,1,16,1728,,false,false,true,false,,,,,,,,,,,3612,1728,,
forced-B-final-1728,adversarial,infeasible,3.5,beam-64,1,64,1728,,false,false,true,false,,,,,,,,,,,3612,1728,,
forced-B-final-1728,adversarial,infeasible,3.5,beam-256,1,256,1728,,false,false,true,false,,,,,,,,,,,3612,1728,,
