instanceId,instanceKind,budgetMode,budget,method,configuredExactLimit,configuredBeamWidth,searchSpace,searchMethod,oracleFeasible,solverFeasible,feasibilityConsistent,budgetViolation,utilityGap,utilityOptimal,oracleUtility,solverUtility,oracleCost,solverCost,oracleHandoffs,solverHandoffs,expandedStates,beamPruned,oracleExpandedStates,oracleCompleteAssignments,oracleRuntimeMs,solverRuntimeMs
seeded-000,seeded,unconstrained,,auto-exact-4096,4096,256,8,exact,true,true,true,false,0,true,1.7282530000000003,1.7282530000000003,22,22,1,1,14,0,14,8,,
seeded-000,seeded,unconstrained,,beam-1,1,1,8,beam,true,true,true,false,0,true,1.7282530000000003,1.7282530000000003,22,22,1,1,6,3,14,8,,
seeded-000,seeded,unconstrained,,beam-4,1,4,8,beam,true,true,true,false,0,true,1.7282530000000003,1.7282530000000003,22,22,1,1,14,4,14,8,,
seeded-000,seeded,unconstrained,,beam-16,1,16,8,beam,true,true,true,false,0,true,1.7282530000000003,1.7282530000000003,22,22,1,1,14,0,14,8,,
seeded-000,seeded,unconstrained,,beam-64,1,64,8,beam,true,true,true,false,0,true,1.7282530000000003,1.7282530000000003,22,22,1,1,14,0,14,8,,
seeded-000,seeded,unconstrained,,beam-256,1,256,8,beam,true,true,true,false,0,true,1.7282530000000003,1.7282530000000003,22,22,1,1,14,0,14,8,,
seeded-000,seeded,tight,18,auto-exact-4096,4096,256,8,exact,true,true,true,false,0,true,1.72279,1.7227899999999998,17,17,1,1,4,0,14,8,,
seeded-000,seeded,tight,18,beam-1,1,1,8,beam,true,true,true,false,0,true,1.72279,1.7227899999999998,17,17,1,1,4,1,14,8,,
seeded-000,seeded,tight,18,beam-4,1,4,8,beam,true,true,true,false,0,true,1.72279,1.7227899999999998,17,17,1,1,4,0,14,8,,
seeded-000,seeded,tight,18,beam-16,1,16,8,beam,true,true,true,false,0,true,1.72279,1.7227899999999998,17,17,1,1,4,0,14,8,,
seeded-000,seeded,tight,18,beam-64,1,64,8,beam,true,true,true,false,0,true,1.72279,1.7227899999999998,17,17,1,1,4,0,14,8,,
seeded-000,seeded,tight,18,beam-256,1,256,8,beam,true,true,true,false,0,true,1.72279,1.7227899999999998,17,17,1,1,4,0,14,8,,
seeded-000,seeded,infeasible,15.5,auto-exact-4096,4096,256,8,,false,false,true,false,,,,,,,,,,,14,8,,
seeded-000,seeded,infeasible,15.5,beam-1,1,1,8,,false,false,true,false,,,,,,,,,,,14,8,,
seeded-000,seeded,infeasible,15.5,beam-4,1,4,8,,false,false,true,false,,,,,,,,,,,14,8,,
seeded-000,seeded,infeasible,15.5,beam-16,1,16,8,,false,false,true,false,,,,,,,,,,,14,8,,
seeded-000,seeded,infeasible,15.5,beam-64,1,64,8,,false,false,true,false,,,,,,,,,,,14,8,,
seeded-000,seeded,infeasible,15.5,beam-256,1,256,8,,false,false,true,false,,,,,,,,,,,14,8,,
seeded-001,seeded,unconstrained,,auto-exact-4096,4096,256,81,exact,true,true,true,false,0,true,2.71613,2.71613,31,31,2,2,120,0,120,81,,
seeded-001,seeded,unconstrained,,beam-1,1,1,81,beam,true,true,true,false,0,true,2.71613,2.71613,31,31,2,2,12,8,120,81,,
seeded-001,seeded,unconstrained,,beam-4,1,4,81,beam,true,true,true,false,0,true,2.71613,2.71613,31,31,2,2,36,21,120,81,,
seeded-001,seeded,unconstrained,,beam-16,1,16,81,beam,true,true,true,false,0,true,2.71613,2.71613,31,31,2,2,87,43,120,81,,
seeded-001,seeded,unconstrained,,beam-64,1,64,81,beam,true,true,true,false,0,true,2.71613,2.71613,31,31,2,2,120,17,120,81,,
seeded-001,seeded,unconstrained,,beam-256,1,256,81,beam,true,true,true,false,0,true,2.71613,2.71613,31,31,2,2,120,0,120,81,,
seeded-001,seeded,tight,16,auto-exact-4096,4096,256,81,exact,true,true,true,false,0,true,2.3659229999999996,2.3659229999999996,16,16,0,0,18,0,120,81,,
seeded-001,seeded,tight,16,beam-1,1,1,81,beam,true,true,true,false,0.04722099999999996,false,2.3659229999999996,2.3187019999999996,16,15,0,2,9,5,120,81,,
seeded-001,seeded,tight,16,beam-4,1,4,81,beam,true,true,true,false,0.03997499999999965,false,2.3659229999999996,2.325948,16,16,0,3,15,3,120,81,,
seeded-001,seeded,tight,16,beam-16,1,16,81,beam,true,true,true,false,0,true,2.3659229999999996,2.3659229999999996,16,16,0,0,18,0,120,81,,
seeded-001,seeded,tight,16,beam-64,1,64,81,beam,true,true,true,false,0,true,2.3659229999999996,2.3659229999999996,16,16,0,0,18,0,120,81,,
seeded-001,seeded,tight,16,beam-256,1,256,81,beam,true,true,true,false,0,true,2.3659229999999996,2.3659229999999996,16,16,0,0,18,0,120,81,,
seeded-001,seeded,infeasible,11.5,auto-exact-4096,4096,256,81,,false,false,true,false,,,,,,,,,,,120,81,,
seeded-001,seeded,infeasible,11.5,beam-1,1,1,81,,false,false,true,false,,,,,,,,,,,120,81,,
seeded-001,seeded,infeasible,11.5,beam-4,1,4,81,,false,false,true,false,,,,,,,,,,,120,81,,
seeded-001,seeded,infeasible,11.5,beam-16,1,16,81,,false,false,true,false,,,,,,,,,,,120,81,,
seeded-001,seeded,infeasible,11.5,beam-64,1,64,81,,false,false,true,false,,,,,,,,,,,120,81,,
seeded-001,seeded,infeasible,11.5,beam-256,1,256,81,,false,false,true,false,,,,,,,,,,,120,81,,
seeded-002,seeded,unconstrained,,auto-exact-4096,4096,256,1024,exact,true,true,true,false,0,true,3.11348,3.11348,34,34,0,0,1364,0,1364,1024,,
seeded-002,seeded,unconstrained,,beam-1,1,1,1024,beam,true,true,true,false,0.01362500000000022,false,3.11348,3.099855,34,25,0,0,20,15,1364,1024,,
seeded-002,seeded,unconstrained,,beam-4,1,4,1024,beam,true,true,true,false,0,true,3.11348,3.11348,34,34,0,0,68,48,1364,1024,,
seeded-002,seeded,unconstrained,,beam-16,1,16,1024,beam,true,true,true,false,0,true,3.11348,3.11348,34,34,0,0,212,144,1364,1024,,
seeded-002,seeded,unconstrained,,beam-64,1,64,1024,beam,true,true,true,false,0,true,3.11348,3.11348,34,34,0,0,596,384,1364,1024,,
seeded-002,seeded,unconstrained,,beam-256,1,256,1024,beam,true,true,true,false,0,true,3.11348,3.11348,34,34,0,0,1364,768,1364,1024,,
seeded-002,seeded,tight,17,auto-exact-4096,4096,256,1024,exact,true,true,true,false,0,true,3.066003,3.066003,15,15,0,0,191,0,1364,1024,,
seeded-002,seeded,tight,17,beam-1,1,1,1024,beam,true,true,true,false,0.08783399999999908,false,3.066003,2.9781690000000007,15,15,0,6,20,15,1364,1024,,
seeded-002,seeded,tight,17,beam-4,1,4,1024,beam,true,true,true,false,0,true,3.066003,3.066003,15,15,0,0,44,24,1364,1024,,
seeded-002,seeded,tight,17,beam-16,1,16,1024,beam,true,true,true,false,0,true,3.066003,3.066003,15,15,0,0,103,40,1364,1024,,
seeded-002,seeded,tight,17,beam-64,1,64,1024,beam,true,true,true,false,0,true,3.066003,3.066003,15,15,0,0,191,30,1364,1024,,
seeded-002,seeded,tight,17,beam-256,1,256,1024,beam,true,true,true,false,0,true,3.066003,3.066003,15,15,0,0,191,0,1364,1024,,
seeded-002,seeded,infeasible,8.5,auto-exact-4096,4096,256,1024,,false,false,true,false,,,,,,,,,,,1364,1024,,
seeded-002,seeded,infeasible,8.5,beam-1,1,1,1024,,false,false,true,false,,,,,,,,,,,1364,1024,,
seeded-002,seeded,infeasible,8.5,beam-4,1,4,1024,,false,false,true,false,,,,,,,,,,,1364,1024,,
seeded-002,seeded,infeasible,8.5,beam-16,1,16,1024,,false,false,true,false,,,,,,,,,,,1364,1024,,
seeded-002,seeded,infeasible,8.5,beam-64,1,64,1024,,false,false,true,false,,,,,,,,,,,1364,1024,,
seeded-002,seeded,infeasible,8.5,beam-256,1,256,1024,,false,false,true,false,,,,,,,,,,,1364,1024,,
seeded-003,seeded,unconstrained,,auto-exact-4096,4096,256,64,exact,true,true,true,false,0,true,3.5004470000000008,3.5004470000000003,32,32,2,2,126,0,126,64,,
seeded-003,seeded,unconstrained,,beam-1,1,1,64,beam,true,true,true,false,0,true,3.5004470000000008,3.5004470000000003,32,32,2,2,12,6,126,64,,
seeded-003,seeded,unconstrained,,beam-4,1,4,64,beam,true,true,true,false,0,true,3.5004470000000008,3.5004470000000003,32,32,2,2,38,16,126,64,,
seeded-003,seeded,unconstrained,,beam-16,1,16,64,beam,true,true,true,false,0,true,3.5004470000000008,3.5004470000000003,32,32,2,2,94,32,126,64,,
seeded-003,seeded,unconstrained,,beam-64,1,64,64,beam,true,true,true,false,0,true,3.5004470000000008,3.5004470000000003,32,32,2,2,126,0,126,64,,
seeded-003,seeded,unconstrained,,beam-256,1,256,64,beam,true,true,true,false,0,true,3.5004470000000008,3.5004470000000003,32,32,2,2,126,0,126,64,,
seeded-003,seeded,tight,26,auto-exact-4096,4096,256,64,exact,true,true,true,false,0,true,3.3953860000000002,3.395386,26,26,3,3,30,0,126,64,,
seeded-003,seeded,tight,26,beam-1,1,1,64,beam,true,true,true,false,0.09847199999999967,false,3.3953860000000002,3.2969140000000006,26,22,3,6,11,5,126,64,,
seeded-003,seeded,tight,26,beam-4,1,4,64,beam,true,true,true,false,0,true,3.3953860000000002,3.395386,26,26,3,3,25,4,126,64,,
seeded-003,seeded,tight,26,beam-16,1,16,64,beam,true,true,true,false,0,true,3.3953860000000002,3.395386,26,26,3,3,30,0,126,64,,
seeded-003,seeded,tight,26,beam-64,1,64,64,beam,true,true,true,false,0,true,3.3953860000000002,3.395386,26,26,3,3,30,0,126,64,,
seeded-003,seeded,tight,26,beam-256,1,256,64,beam,true,true,true,false,0,true,3.3953860000000002,3.395386,26,26,3,3,30,0,126,64,,
seeded-003,seeded,infeasible,21.5,auto-exact-4096,4096,256,64,,false,false,true,false,,,,,,,,,,,126,64,,
seeded-003,seeded,infeasible,21.5,beam-1,1,1,64,,false,false,true,false,,,,,,,,,,,126,64,,
seeded-003,seeded,infeasible,21.5,beam-4,1,4,64,,false,false,true,false,,,,,,,,,,,126,64,,
seeded-003,seeded,infeasible,21.5,beam-16,1,16,64,,false,false,true,false,,,,,,,,,,,126,64,,
seeded-003,seeded,infeasible,21.5,beam-64,1,64,64,,false,false,true,false,,,,,,,,,,,126,64,,
seeded-003,seeded,infeasible,21.5,beam-256,1,256,64,,false,false,true,false,,,,,,,,,,,126,64,,
seeded-004,seeded,unconstrained,,auto-exact-4096,4096,256,27,exact,true,true,true,false,0,true,1.980011,1.9800110000000002,22,22,2,2,39,0,39,27,,
seeded-004,seeded,unconstrained,,beam-1,1,1,27,beam,true,true,true,false,0,true,1.980011,1.9800110000000002,22,22,2,2,9,6,39,27,,
seeded-004,seeded,unconstrained,,beam-4,1,4,27,beam,true,true,true,false,0,true,1.980011,1.9800110000000002,22,22,2,2,24,13,39,27,,
seeded-004,seeded,unconstrained,,beam-16,1,16,27,beam,true,true,true,false,0,true,1.980011,1.9800110000000002,22,22,2,2,39,11,39,27,,
seeded-004,seeded,unconstrained,,beam-64,1,64,27,beam,true,true,true,false,0,true,1.980011,1.9800110000000002,22,22,2,2,39,0,39,27,,
seeded-004,seeded,unconstrained,,beam-256,1,256,27,beam,true,true,true,false,0,true,1.980011,1.9800110000000002,22,22,2,2,39,0,39,27,,
seeded-004,seeded,tight,8,auto-exact-4096,4096,256,27,exact,true,true,true,false,0,true,1.627909,1.627909,7,7,1,1,14,0,39,27,,
seeded-004,seeded,tight,8,beam-1,1,1,27,beam,true,true,true,false,0.07413199999999964,false,1.627909,1.5537770000000004,7,4,1,2,6,3,39,27,,
seeded-004,seeded,tight,8,beam-4,1,4,27,beam,true,true,true,false,0,true,1.627909,1.627909,7,7,1,1,12,2,39,27,,
seeded-004,seeded,tight,8,beam-16,1,16,27,beam,true,true,true,false,0,true,1.627909,1.627909,7,7,1,1,14,0,39,27,,
seeded-004,seeded,tight,8,beam-64,1,64,27,beam,true,true,true,false,0,true,1.627909,1.627909,7,7,1,1,14,0,39,27,,
seeded-004,seeded,tight,8,beam-256,1,256,27,beam,true,true,true,false,0,true,1.627909,1.627909,7,7,1,1,14,0,39,27,,
seeded-004,seeded,infeasible,3.5,auto-exact-4096,4096,256,27,,false,false,true,false,,,,,,,,,,,39,27,,
seeded-004,seeded,infeasible,3.5,beam-1,1,1,27,,false,false,true,false,,,,,,,,,,,39,27,,
seeded-004,seeded,infeasible,3.5,beam-4,1,4,27,,false,false,true,false,,,,,,,,,,,39,27,,
seeded-004,seeded,infeasible,3.5,beam-16,1,16,27,,false,false,true,false,,,,,,,,,,,39,27,,
seeded-004,seeded,infeasible,3.5,beam-64,1,64,27,,false,false,true,false,,,,,,,,,,,39,27,,
seeded-004,seeded,infeasible,3.5,beam-256,1,256,27,,false,false,true,false,,,,,,,,,,,39,27,,
seeded-005,seeded,unconstrained,,auto-exact-4096,4096,256,256,exact,true,true,true,false,0,true,2.516832,2.516832,19,19,0,0,340,0,340,256,,
seeded-005,seeded,unconstrained,,beam-1,1,1,256,beam,true,true,true,false,0,true,2.516832,2.516832,19,19,0,0,16,12,340,256,,
seeded-005,seeded,unconstrained,,beam-4,1,4,256,beam,true,true,true,false,0,true,2.516832,2.516832,19,19,0,0,52,36,340,256,,
seeded-005,seeded,unconstrained,,beam-16,1,16,256,beam,true,true,true,false,0,true,2.516832,2.516832,19,19,0,0,148,96,340,256,,
seeded-005,seeded,unconstrained,,beam-64,1,64,256,beam,true,true,true,false,0,true,2.516832,2.516832,19,19,0,0,340,192,340,256,,
seeded-005,seeded,unconstrained,,beam-256,1,256,256,beam,true,true,true,false,0,true,2.516832,2.516832,19,19,0,0,340,0,340,256,,
seeded-005,seeded,tight,13,auto-exact-4096,4096,256,256,exact,true,true,true,false,0,true,2.458163,2.4581630000000003,12,12,4,4,60,0,340,256,,
seeded-005,seeded,tight,13,beam-1,1,1,256,beam,true,true,true,false,0.02532999999999941,false,2.458163,2.4328330000000005,12,9,4,4,13,9,340,256,,
seeded-005,seeded,tight,13,beam-4,1,4,256,beam,true,true,true,false,0,true,2.458163,2.4581630000000003,12,12,4,4,28,13,340,256,,
seeded-005,seeded,tight,13,beam-16,1,16,256,beam,true,true,true,false,0,true,2.458163,2.4581630000000003,12,12,4,4,60,23,340,256,,
seeded-005,seeded,tight,13,beam-64,1,64,256,beam,true,true,true,false,0,true,2.458163,2.4581630000000003,12,12,4,4,60,0,340,256,,
seeded-005,seeded,tight,13,beam-256,1,256,256,beam,true,true,true,false,0,true,2.458163,2.4581630000000003,12,12,4,4,60,0,340,256,,
seeded-005,seeded,infeasible,8.5,auto-exact-4096,4096,256,256,,false,false,true,false,,,,,,,,,,,340,256,,
seeded-005,seeded,infeasible,8.5,beam-1,1,1,256,,false,false,true,false,,,,,,,,,,,340,256,,
seeded-005,seeded,infeasible,8.5,beam-4,1,4,256,,false,false,true,false,,,,,,,,,,,340,256,,
seeded-005,seeded,infeasible,8.5,beam-16,1,16,256,,false,false,true,false,,,,,,,,,,,340,256,,
seeded-005,seeded,infeasible,8.5,beam-64,1,64,256,,false,false,true,false,,,,,,,,,,,340,256,,
seeded-005,seeded,infeasible,8.5,beam-256,1,256,256,,false,false,true,false,,,,,,,,,,,340,256,,
seeded-006,seeded,unconstrained,,auto-exact-4096,4096,256,32,exact,true,true,true,false,0,true,2.783103,2.783103000000001,34,34,6,6,62,0,62,32,,
seeded-006,seeded,unconstrained,,beam-1,1,1,32,beam,true,true,true,false,0,true,2.783103,2.783103000000001,34,34,6,6,10,5,62,32,,
seeded-006,seeded,unconstrained,,beam-4,1,4,32,beam,true,true,true,false,0,true,2.783103,2.783103000000001,34,34,6,6,30,12,62,32,,
seeded-006,seeded,unconstrained,,beam-16,1,16,32,beam,true,true,true,false,0,true,2.783103,2.783103000000001,34,34,6,6,62,16,62,32,,
seeded-006,seeded,unconstrained,,beam-64,1,64,32,beam,true,true,true,false,0,true,2.783103,2.783103000000001,34,34,6,6,62,0,62,32,,
seeded-006,seeded,unconstrained,,beam-256,1,256,32,beam,true,true,true,false,0,true,2.783103,2.783103000000001,34,34,6,6,62,0,62,32,,
seeded-006,seeded,tight,23,auto-exact-4096,4096,256,32,exact,true,true,true,false,0,true,2.665685,2.665685,22,22,0,0,19,0,62,32,,
seeded-006,seeded,tight,23,beam-1,1,1,32,beam,true,true,true,false,0.13222599999999973,false,2.665685,2.533459,22,20,0,4,8,3,62,32,,
seeded-006,seeded,tight,23,beam-4,1,4,32,beam,true,true,true,false,0,true,2.665685,2.665685,22,22,0,0,17,2,62,32,,
seeded-006,seeded,tight,23,beam-16,1,16,32,beam,true,true,true,false,0,true,2.665685,2.665685,22,22,0,0,19,0,62,32,,
seeded-006,seeded,tight,23,beam-64,1,64,32,beam,true,true,true,false,0,true,2.665685,2.665685,22,22,0,0,19,0,62,32,,
seeded-006,seeded,tight,23,beam-256,1,256,32,beam,true,true,true,false,0,true,2.665685,2.665685,22,22,0,0,19,0,62,32,,
seeded-006,seeded,infeasible,19.5,auto-exact-4096,4096,256,32,,false,false,true,false,,,,,,,,,,,62,32,,
seeded-006,seeded,infeasible,19.5,beam-1,1,1,32,,false,false,true,false,,,,,,,,,,,62,32,,
seeded-006,seeded,infeasible,19.5,beam-4,1,4,32,,false,false,true,false,,,,,,,,,,,62,32,,
seeded-006,seeded,infeasible,19.5,beam-16,1,16,32,,false,false,true,false,,,,,,,,,,,62,32,,
seeded-006,seeded,infeasible,19.5,beam-64,1,64,32,,false,false,true,false,,,,,,,,,,,62,32,,
seeded-006,seeded,infeasible,19.5,beam-256,1,256,32,,false,false,true,false,,,,,,,,,,,62,32,,
seeded-007,seeded,unconstrained,,auto-exact-4096,4096,256,729,exact,true,true,true,false,0,true,3.899253,3.899253,41,41,5,5,1092,0,1092,729,,
seeded-007,seeded,unconstrained,,beam-1,1,1,729,beam,true,true,true,false,0,true,3.899253,3.899253,41,41,5,5,18,12,1092,729,,
seeded-007,seeded,unconstrained,,beam-4,1,4,729,beam,true,true,true,false,0,true,3.899253,3.899253,41,41,5,5,60,37,1092,729,,
seeded-007,seeded,unconstrained,,beam-16,1,16,729,beam,true,true,true,false,0,true,3.899253,3.899253,41,41,5,5,183,107,1092,729,,
seeded-007,seeded,unconstrained,,beam-64,1,64,729,beam,true,true,true,false,0,true,3.899253,3.899253,41,41,5,5,504,273,1092,729,,
seeded-007,seeded,unconstrained,,beam-256,1,256,729,beam,true,true,true,false,0,true,3.899253,3.899253,41,41,5,5,1092,473,1092,729,,
seeded-007,seeded,tight,20,auto-exact-4096,4096,256,729,exact,true,true,true,false,0,true,3.4183760000000003,3.4183760000000003,20,20,3,3,181,0,1092,729,,
seeded-007,seeded,tight,20,beam-1,1,1,729,beam,true,true,true,false,0.08206600000000064,false,3.4183760000000003,3.3363099999999997,20,18,3,4,18,12,1092,729,,
seeded-007,seeded,tight,20,beam-4,1,4,729,beam,true,true,true,false,0,true,3.4183760000000003,3.4183760000000003,20,20,3,3,38,15,1092,729,,
seeded-007,seeded,tight,20,beam-16,1,16,729,beam,true,true,true,false,0,true,3.4183760000000003,3.4183760000000003,20,20,3,3,95,22,1092,729,,
seeded-007,seeded,tight,20,beam-64,1,64,729,beam,true,true,true,false,0,true,3.4183760000000003,3.4183760000000003,20,20,3,3,181,11,1092,729,,
seeded-007,seeded,tight,20,beam-256,1,256,729,beam,true,true,true,false,0,true,3.4183760000000003,3.4183760000000003,20,20,3,3,181,0,1092,729,,
seeded-007,seeded,infeasible,12.5,auto-exact-4096,4096,256,729,,false,false,true,false,,,,,,,,,,,1092,729,,
seeded-007,seeded,infeasible,12.5,beam-1,1,1,729,,false,false,true,false,,,,,,,,,,,1092,729,,
seeded-007,seeded,infeasible,12.5,beam-4,1,4,729,,false,false,true,false,,,,,,,,,,,1092,729,,
seeded-007,seeded,infeasible,12.5,beam-16,1,16,729,,false,false,true,false,,,,,,,,,,,1092,729,,
seeded-007,seeded,infeasible,12.5,beam-64,1,64,729,,false,false,true,false,,,,,,,,,,,1092,729,,
seeded-007,seeded,infeasible,12.5,beam-256,1,256,729,,false,false,true,false,,,,,,,,,,,1092,729,,
seeded-008,seeded,unconstrained,,auto-exact-4096,4096,256,64,exact,true,true,true,false,0,true,1.902213,1.902213,20,20,0,0,84,0,84,64,,
seeded-008,seeded,unconstrained,,beam-1,1,1,64,beam,true,true,true,false,0,true,1.902213,1.902213,20,20,0,0,12,9,84,64,,
seeded-008,seeded,unconstrained,,beam-4,1,4,64,beam,true,true,true,false,0,true,1.902213,1.902213,20,20,0,0,36,24,84,64,,
seeded-008,seeded,unconstrained,,beam-16,1,16,64,beam,true,true,true,false,0,true,1.902213,1.902213,20,20,0,0,84,48,84,64,,
seeded-008,seeded,unconstrained,,beam-64,1,64,64,beam,true,true,true,false,0,true,1.902213,1.902213,20,20,0,0,84,0,84,64,,
seeded-008,seeded,unconstrained,,beam-256,1,256,64,beam,true,true,true,false,0,true,1.902213,1.902213,20,20,0,0,84,0,84,64,,
seeded-008,seeded,tight,9,auto-exact-4096,4096,256,64,exact,true,true,true,false,0,true,1.8595700000000002,1.8595700000000002,7,7,0,0,17,0,84,64,,
seeded-008,seeded,tight,9,beam-1,1,1,64,beam,true,true,true,false,0,true,1.8595700000000002,1.8595700000000002,7,7,0,0,9,6,84,64,,
seeded-008,seeded,tight,9,beam-4,1,4,64,beam,true,true,true,false,0,true,1.8595700000000002,1.8595700000000002,7,7,0,0,17,7,84,64,,
seeded-008,seeded,tight,9,beam-16,1,16,64,beam,true,true,true,false,0,true,1.8595700000000002,1.8595700000000002,7,7,0,0,17,0,84,64,,
seeded-008,seeded,tight,9,beam-64,1,64,64,beam,true,true,true,false,0,true,1.8595700000000002,1.8595700000000002,7,7,0,0,17,0,84,64,,
seeded-008,seeded,tight,9,beam-256,1,256,64,beam,true,true,true,false,0,true,1.8595700000000002,1.8595700000000002,7,7,0,0,17,0,84,64,,
seeded-008,seeded,infeasible,4.5,auto-exact-4096,4096,256,64,,false,false,true,false,,,,,,,,,,,84,64,,
seeded-008,seeded,infeasible,4.5,beam-1,1,1,64,,false,false,true,false,,,,,,,,,,,84,64,,
seeded-008,seeded,infeasible,4.5,beam-4,1,4,64,,false,false,true,false,,,,,,,,,,,84,64,,
seeded-008,seeded,infeasible,4.5,beam-16,1,16,64,,false,false,true,false,,,,,,,,,,,84,64,,
seeded-008,seeded,infeasible,4.5,beam-64,1,64,64,,false,false,true,false,,,,,,,,,,,84,64,,
seeded-008,seeded,infeasible,4.5,beam-256,1,256,64,,false,false,true,false,,,,,,,,,,,84,64,,
seeded-009,seeded,unconstrained,,auto-exact-4096,4096,256,16,exact,true,true,true,false,0,true,2.383955,2.383955,30,30,0,0,30,0,30,16,,
seeded-009,seeded,unconstrained,,beam-1,1,1,16,beam,true,true,true,false,0,true,2.383955,2.383955,30,30,0,0,8,4,30,16,,
seeded-009,seeded,unconstrained,,beam-4,1,4,16,beam,true,true,true,false,0,true,2.383955,2.383955,30,30,0,0,22,8,30,16,,
seeded-009,seeded,unconstrained,,beam-16,1,16,16,beam,true,true,true,false,0,true,2.383955,2.383955,30,30,0,0,30,0,30,16,,
seeded-009,seeded,unconstrained,,beam-64,1,64,16,beam,true,true,true,false,0,true,2.383955,2.383955,30,30,0,0,30,0,30,16,,
seeded-009,seeded,unconstrained,,beam-256,1,256,16,beam,true,true,true,false,0,true,2.383955,2.383955,30,30,0,0,30,0,30,16,,
seeded-009,seeded,tight,18,auto-exact-4096,4096,256,16,exact,true,true,true,false,0,true,2.216477,2.216477,15,15,0,0,10,0,30,16,,
seeded-009,seeded,tight,18,beam-1,1,1,16,beam,true,true,true,false,0,true,2.216477,2.216477,15,15,0,0,6,2,30,16,,
seeded-009,seeded,tight,18,beam-4,1,4,16,beam,true,true,true,false,0,true,2.216477,2.216477,15,15,0,0,10,0,30,16,,
seeded-009,seeded,tight,18,beam-16,1,16,16,beam,true,true,true,false,0,true,2.216477,2.216477,15,15,0,0,10,0,30,16,,
seeded-009,seeded,tight,18,beam-64,1,64,16,beam,true,true,true,false,0,true,2.216477,2.216477,15,15,0,0,10,0,30,16,,
seeded-009,seeded,tight,18,beam-256,1,256,16,beam,true,true,true,false,0,true,2.216477,2.216477,15,15,0,0,10,0,30,16,,
seeded-009,seeded,infeasible,14.5,auto-exact-4096,4096,256,16,,false,false,true,false,,,,,,,,,,,30,16,,
seeded-009,seeded,infeasible,14.5,beam-1,1,1,16,,false,false,true,false,,,,,,,,,,,30,16,,
seeded-009,seeded,infeasible,14.5,beam-4,1,4,16,,false,false,true,false,,,,,,,,,,,30,16,,
seeded-009,seeded,infeasible,14.5,beam-16,1,16,16,,false,false,true,false,,,,,,,,,,,30,16,,
seeded-009,seeded,infeasible,14.5,beam-64,1,64,16,,false,false,true,false,,,,,,,,,,,30,16,,
seeded-009,seeded,infeasible,14.5,beam-256,1,256,16,,false,false,true,false,,,,,,,,,,,30,16,,
seeded-010,seeded,unconstrained,,auto-exact-4096,4096,256,243,exact,true,true,true,false,0,true,3.340544,3.340544,38,38,4,4,363,0,363,243,,
seeded-010,seeded,unconstrained,,beam-1,1,1,243,beam,true,true,true,false,0,true,3.340544,3.340544,38,38,4,4,15,10,363,243,,
seeded-010,seeded,unconstrained,,beam-4,1,4,243,beam,true,true,true,false,0,true,3.340544,3.340544,38,38,4,4,48,29,363,243,,
seeded-010,seeded,unconstrained,,beam-16,1,16,243,beam,true,true,true,false,0,true,3.340544,3.340544,38,38,4,4,135,75,363,243,,
seeded-010,seeded,unconstrained,,beam-64,1,64,243,beam,true,true,true,false,0,true,3.340544,3.340544,38,38,4,4,312,145,363,243,,
seeded-010,seeded,unconstrained,,beam-256,1,256,243,beam,true,true,true,false,0,true,3.340544,3.340544,38,38,4,4,363,0,363,243,,
seeded-010,seeded,tight,23,auto-exact-4096,4096,256,243,exact,true,true,true,false,0,true,2.9313350000000002,2.9313350000000002,22,22,4,4,44,0,363,243,,
seeded-010,seeded,tight,23,beam-1,1,1,243,beam,true,true,true,false,0.06799099999999969,false,2.9313350000000002,2.8633440000000006,22,21,4,8,14,9,363,243,,
seeded-010,seeded,tight,23,beam-4,1,4,243,beam,true,true,true,false,0,true,2.9313350000000002,2.9313350000000002,22,22,4,4,27,9,363,243,,
seeded-010,seeded,tight,23,beam-16,1,16,243,beam,true,true,true,false,0,true,2.9313350000000002,2.9313350000000002,22,22,4,4,44,3,363,243,,
seeded-010,seeded,tight,23,beam-64,1,64,243,beam,true,true,true,false,0,true,2.9313350000000002,2.9313350000000002,22,22,4,4,44,0,363,243,,
seeded-010,seeded,tight,23,beam-256,1,256,243,beam,true,true,true,false,0,true,2.9313350000000002,2.9313350000000002,22,22,4,4,44,0,363,243,,
seeded-010,seeded,infeasible,17.5,auto-exact-4096,4096,256,243,,false,false,true,false,,,,,,,,,,,363,243,,
seeded-010,seeded,infeasible,17.5,beam-1,1,1,243,,false,false,true,false,,,,,,,,,,,363,243,,
seeded-010,seeded,infeasible,17.5,beam-4,1,4,243,,false,false,true,false,,,,,,,,,,,363,243,,
seeded-010,seeded,infeasible,17.5,beam-16,1,16,243,,false,false,true,false,,,,,,,,,,,363,243,,
seeded-010,seeded,infeasible,17.5,beam-64,1,64,243,,false,false,true,false,,,,,,,,,,,363,243,,
seeded-010,seeded,infeasible,17.5,beam-256,1,256,243,,false,false,true,false,,,,,,,,,,,363,243,,
seeded-011,seeded,unconstrained,,auto-exact-4096,4096,256,4096,exact,true,true,true,false,0,true,3.7633729999999996,3.7633729999999996,22,22,3,3,5460,0,5460,4096,,
seeded-011,seeded,unconstrained,,beam-1,1,1,4096,beam,true,true,true,false,0,true,3.7633729999999996,3.7633729999999996,22,22,3,3,24,18,5460,4096,,
seeded-011,seeded,unconstrained,,beam-4,1,4,4096,beam,true,true,true,false,0,true,3.7633729999999996,3.7633729999999996,22,22,3,3,84,60,5460,4096,,
seeded-011,seeded,unconstrained,,beam-16,1,16,4096,beam,true,true,true,false,0,true,3.7633729999999996,3.7633729999999996,22,22,3,3,276,192,5460,4096,,
seeded-011,seeded,unconstrained,,beam-64,1,64,4096,beam,true,true,true,false,0,true,3.7633729999999996,3.7633729999999996,22,22,3,3,852,576,5460,4096,,
seeded-011,seeded,unconstrained,,beam-256,1,256,4096,beam,true,true,true,false,0,true,3.7633729999999996,3.7633729999999996,22,22,3,3,2388,1536,5460,4096,,
seeded-011,seeded,tight,20,auto-exact-4096,4096,256,4096,exact,true,true,true,false,0,true,3.7605639999999996,3.7605639999999996,18,18,3,3,971,0,5460,4096,,
seeded-011,seeded,tight,20,beam-1,1,1,4096,beam,true,true,true,false,0.06169399999999925,false,3.7605639999999996,3.6988700000000003,18,13,3,3,23,17,5460,4096,,
seeded-011,seeded,tight,20,beam-4,1,4,4096,beam,true,true,true,false,0,true,3.7605639999999996,3.7605639999999996,18,18,3,3,57,34,5460,4096,,
seeded-011,seeded,tight,20,beam-16,1,16,4096,beam,true,true,true,false,0,true,3.7605639999999996,3.7605639999999996,18,18,3,3,161,84,5460,4096,,
seeded-011,seeded,tight,20,beam-64,1,64,4096,beam,true,true,true,false,0,true,3.7605639999999996,3.7605639999999996,18,18,3,3,449,204,5460,4096,,
seeded-011,seeded,tight,20,beam-256,1,256,4096,beam,true,true,true,false,0,true,3.7605639999999996,3.7605639999999996,18,18,3,3,971,330,5460,4096,,
seeded-011,seeded,infeasible,12.5,auto-exact-4096,4096,256,4096,,false,false,true,false,,,,,,,,,,,5460,4096,,
seeded-011,seeded,infeasible,12.5,beam-1,1,1,4096,,false,false,true,false,,,,,,,,,,,5460,4096,,
seeded-011,seeded,infeasible,12.5,beam-4,1,4,4096,,false,false,true,false,,,,,,,,,,,5460,4096,,
seeded-011,seeded,infeasible,12.5,beam-16,1,16,4096,,false,false,true,false,,,,,,,,,,,5460,4096,,
seeded-011,seeded,infeasible,12.5,beam-64,1,64,4096,,false,false,true,false,,,,,,,,,,,5460,4096,,
seeded-011,seeded,infeasible,12.5,beam-256,1,256,4096,,false,false,true,false,,,,,,,,,,,5460,4096,,
seeded-012,seeded,unconstrained,,auto-exact-4096,4096,256,8,exact,true,true,true,false,0,true,1.822266,1.822266,13,13,0,0,14,0,14,8,,
seeded-012,seeded,unconstrained,,beam-1,1,1,8,beam,true,true,true,false,0,true,1.822266,1.822266,13,13,0,0,6,3,14,8,,
seeded-012,seeded,unconstrained,,beam-4,1,4,8,beam,true,true,true,false,0,true,1.822266,1.822266,13,13,0,0,14,4,14,8,,
seeded-012,seeded,unconstrained,,beam-16,1,16,8,beam,true,true,true,false,0,true,1.822266,1.822266,13,13,0,0,14,0,14,8,,
seeded-012,seeded,unconstrained,,beam-64,1,64,8,beam,true,true,true,false,0,true,1.822266,1.822266,13,13,0,0,14,0,14,8,,
seeded-012,seeded,unconstrained,,beam-256,1,256,8,beam,true,true,true,false,0,true,1.822266,1.822266,13,13,0,0,14,0,14,8,,
seeded-012,seeded,tight,13,auto-exact-4096,4096,256,8,exact,true,true,true,false,0,true,1.822266,1.822266,13,13,0,0,6,0,14,8,,
seeded-012,seeded,tight,13,beam-1,1,1,8,beam,true,true,true,false,0.08908599999999978,false,1.822266,1.7331800000000002,13,11,0,2,5,2,14,8,,
seeded-012,seeded,tight,13,beam-4,1,4,8,beam,true,true,true,false,0,true,1.822266,1.822266,13,13,0,0,6,0,14,8,,
seeded-012,seeded,tight,13,beam-16,1,16,8,beam,true,true,true,false,0,true,1.822266,1.822266,13,13,0,0,6,0,14,8,,
seeded-012,seeded,tight,13,beam-64,1,64,8,beam,true,true,true,false,0,true,1.822266,1.822266,13,13,0,0,6,0,14,8,,
seeded-012,seeded,tight,13,beam-256,1,256,8,beam,true,true,true,false,0,true,1.822266,1.822266,13,13,0,0,6,0,14,8,,
seeded-012,seeded,infeasible,10.5,auto-exact-4096,4096,256,8,,false,false,true,false,,,,,,,,,,,14,8,,
seeded-012,seeded,infeasible,10.5,beam-1,1,1,8,,false,false,true,false,,,,,,,,,,,14,8,,
seeded-012,seeded,infeasible,10.5,beam-4,1,4,8,,false,false,true,false,,,,,,,,,,,14,8,,
seeded-012,seeded,infeasible,10.5,beam-16,1,16,8,,false,false,true,false,,,,,,,,,,,14,8,,
seeded-012,seeded,infeasible,10.5,beam-64,1,64,8,,false,false,true,false,,,,,,,,,,,14,8,,
seeded-012,seeded,infeasible,10.5,beam-256,1,256,8,,false,false,true,false,,,,,,,,,,,14,8,,
seeded-013,seeded,unconstrained,,auto-exact-4096,4096,256,81,exact,true,true,true,false,0,true,2.544047,2.5440470000000004,26,26,4,4,120,0,120,81,,
seeded-013,seeded,unconstrained,,beam-1,1,1,81,beam,true,true,true,false,0.012237999999999527,false,2.544047,2.5318090000000004,26,25,4,4,12,8,120,81,,
seeded-013,seeded,unconstrained,,beam-4,1,4,81,beam,true,true,true,false,0,true,2.544047,2.5440470000000004,26,26,4,4,36,21,120,81,,
seeded-013,seeded,unconstrained,,beam-16,1,16,81,beam,true,true,true,false,0,true,2.544047,2.5440470000000004,26,26,4,4,87,43,120,81,,
seeded-013,seeded,unconstrained,,beam-64,1,64,81,beam,true,true,true,false,0,true,2.544047,2.5440470000000004,26,26,4,4,120,17,120,81,,
seeded-013,seeded,unconstrained,,beam-256,1,256,81,beam,true,true,true,false,0,true,2.544047,2.5440470000000004,26,26,4,4,120,0,120,81,,
seeded-013,seeded,tight,11,auto-exact-4096,4096,256,81,exact,true,true,true,false,0,true,2.243848,2.243848,11,11,0,0,22,0,120,81,,
seeded-013,seeded,tight,11,beam-1,1,1,81,beam,true,true,true,false,0.13517399999999968,false,2.243848,2.108674,11,8,0,4,8,4,120,81,,
seeded-013,seeded,tight,11,beam-4,1,4,81,beam,true,true,true,false,0,true,2.243848,2.243848,11,11,0,0,18,6,120,81,,
seeded-013,seeded,tight,11,beam-16,1,16,81,beam,true,true,true,false,0,true,2.243848,2.243848,11,11,0,0,22,0,120,81,,
seeded-013,seeded,tight,11,beam-64,1,64,81,beam,true,true,true,false,0,true,2.243848,2.243848,11,11,0,0,22,0,120,81,,
seeded-013,seeded,tight,11,beam-256,1,256,81,beam,true,true,true,false,0,true,2.243848,2.243848,11,11,0,0,22,0,120,81,,
seeded-013,seeded,infeasible,6.5,auto-exact-4096,4096,256,81,,false,false,true,false,,,,,,,,,,,120,81,,
seeded-013,seeded,infeasible,6.5,beam-1,1,1,81,,false,false,true,false,,,,,,,,,,,120,81,,
seeded-013,seeded,infeasible,6.5,beam-4,1,4,81,,false,false,true,false,,,,,,,,,,,120,81,,
seeded-013,seeded,infeasible,6.5,beam-16,1,16,81,,false,false,true,false,,,,,,,,,,,120,81,,
seeded-013,seeded,infeasible,6.5,beam-64,1,64,81,,false,false,true,false,,,,,,,,,,,120,81,,
seeded-013,seeded,infeasible,6.5,beam-256,1,256,81,,false,false,true,false,,,,,,,,,,,120,81,,
seeded-014,seeded,unconstrained,,auto-exact-4096,4096,256,1024,exact,true,true,true,false,0,true,3.13827,3.13827,29,29,0,0,1364,0,1364,1024,,
seeded-014,seeded,unconstrained,,beam-1,1,1,1024,beam,true,true,true,false,0.04576599999999997,false,3.13827,3.092504,29,28,0,4,20,15,1364,1024,,
seeded-014,seeded,unconstrained,,beam-4,1,4,1024,beam,true,true,true,false,0,true,3.13827,3.13827,29,29,0,0,68,48,1364,1024,,
seeded-014,seeded,unconstrained,,beam-16,1,16,1024,beam,true,true,true,false,0,true,3.13827,3.13827,29,29,0,0,212,144,1364,1024,,
seeded-014,seeded,unconstrained,,beam-64,1,64,1024,beam,true,true,true,false,0,true,3.13827,3.13827,29,29,0,0,596,384,1364,1024,,
seeded-014,seeded,unconstrained,,beam-256,1,256,1024,beam,true,true,true,false,0,true,3.13827,3.13827,29,29,0,0,1364,768,1364,1024,,
seeded-014,seeded,tight,17,auto-exact-4096,4096,256,1024,exact,true,true,true,false,0,true,3.0772720000000002,3.0772720000000002,17,17,4,4,115,0,1364,1024,,
seeded-014,seeded,tight,17,beam-1,1,1,1024,beam,true,true,true,false,0.055531999999999915,false,3.0772720000000002,3.0217400000000003,17,14,4,8,17,12,1364,1024,,
seeded-014,seeded,tight,17,beam-4,1,4,1024,beam,true,true,true,false,0.02654000000000023,false,3.0772720000000002,3.050732,17,16,4,7,42,22,1364,1024,,
seeded-014,seeded,tight,17,beam-16,1,16,1024,beam,true,true,true,false,0,true,3.0772720000000002,3.0772720000000002,17,17,4,4,98,30,1364,1024,,
seeded-014,seeded,tight,17,beam-64,1,64,1024,beam,true,true,true,false,0,true,3.0772720000000002,3.0772720000000002,17,17,4,4,115,0,1364,1024,,
seeded-014,seeded,tight,17,beam-256,1,256,1024,beam,true,true,true,false,0,true,3.0772720000000002,3.0772720000000002,17,17,4,4,115,0,1364,1024,,
seeded-014,seeded,infeasible,11.5,auto-exact-4096,4096,256,1024,,false,false,true,false,,,,,,,,,,,1364,1024,,
seeded-014,seeded,infeasible,11.5,beam-1,1,1,1024,,false,false,true,false,,,,,,,,,,,1364,1024,,
seeded-014,seeded,infeasible,11.5,beam-4,1,4,1024,,false,false,true,false,,,,,,,,,,,1364,1024,,
seeded-014,seeded,infeasible,11.5,beam-16,1,16,1024,,false,false,true,false,,,,,,,,,,,1364,1024,,
seeded-014,seeded,infeasible,11.5,beam-64,1,64,1024,,false,false,true,false,,,,,,,,,,,1364,1024,,
seeded-014,seeded,infeasible,11.5,beam-256,1,256,1024,,false,false,true,false,,,,,,,,,,,1364,1024,,
seeded-015,seeded,unconstrained,,auto-exact-4096,4096,256,64,exact,true,true,true,false,0,true,3.427654,3.427654,24,24,4,4,126,0,126,64,,
seeded-015,seeded,unconstrained,,beam-1,1,1,64,beam,true,true,true,false,0,true,3.427654,3.427654,24,24,4,4,12,6,126,64,,
seeded-015,seeded,unconstrained,,beam-4,1,4,64,beam,true,true,true,false,0,true,3.427654,3.427654,24,24,4,4,38,16,126,64,,
seeded-015,seeded,unconstrained,,beam-16,1,16,64,beam,true,true,true,false,0,true,3.427654,3.427654,24,24,4,4,94,32,126,64,,
seeded-015,seeded,unconstrained,,beam-64,1,64,64,beam,true,true,true,false,0,true,3.427654,3.427654,24,24,4,4,126,0,126,64,,
seeded-015,seeded,unconstrained,,beam-256,1,256,64,beam,true,true,true,false,0,true,3.427654,3.427654,24,24,4,4,126,0,126,64,,
seeded-015,seeded,tight,22,auto-exact-4096,4096,256,64,exact,true,true,true,false,0,true,3.3907449999999995,3.3907449999999995,21,21,2,2,30,0,126,64,,
seeded-015,seeded,tight,22,beam-1,1,1,64,beam,true,true,true,false,0,true,3.3907449999999995,3.3907449999999995,21,21,2,2,10,4,126,64,,
seeded-015,seeded,tight,22,beam-4,1,4,64,beam,true,true,true,false,0,true,3.3907449999999995,3.3907449999999995,21,21,2,2,24,4,126,64,,
seeded-015,seeded,tight,22,beam-16,1,16,64,beam,true,true,true,false,0,true,3.3907449999999995,3.3907449999999995,21,21,2,2,30,0,126,64,,
seeded-015,seeded,tight,22,beam-64,1,64,64,beam,true,true,true,false,0,true,3.3907449999999995,3.3907449999999995,21,21,2,2,30,0,126,64,,
seeded-015,seeded,tight,22,beam-256,1,256,64,beam,true,true,true,false,0,true,3.3907449999999995,3.3907449999999995,21,21,2,2,30,0,126,64,,
seeded-015,seeded,infeasible,18.5,auto-exact-4096,4096,256,64,,false,false,true,false,,,,,,,,,,,126,64,,
seeded-015,seeded,infeasible,18.5,beam-1,1,1,64,,false,false,true,false,,,,,,,,,,,126,64,,
seeded-015,seeded,infeasible,18.5,beam-4,1,4,64,,false,false,true,false,,,,,,,,,,,126,64,,
seeded-015,seeded,infeasible,18.5,beam-16,1,16,64,,false,false,true,false,,,,,,,,,,,126,64,,
seeded-015,seeded,infeasible,18.5,beam-64,1,64,64,,false,false,true,false,,,,,,,,,,,126,64,,
seeded-015,seeded,infeasible,18.5,beam-256,1,256,64,,false,false,true,false,,,,,,,,,,,126,64,,
seeded-016,seeded,unconstrained,,auto-exact-4096,4096,256,27,exact,true,true,true,false,0,true,1.982103,1.982103,21,21,1,1,39,0,39,27,,
seeded-016,seeded,unconstrained,,beam-1,1,1,27,beam,true,true,true,false,0,true,1.982103,1.982103,21,21,1,1,9,6,39,27,,
seeded-016,seeded,unconstrained,,beam-4,1,4,27,beam,true,true,true,false,0,true,1.982103,1.982103,21,21,1,1,24,13,39,27,,
seeded-016,seeded,unconstrained,,beam-16,1,16,27,beam,true,true,true,false,0,true,1.982103,1.982103,21,21,1,1,39,11,39,27,,
seeded-016,seeded,unconstrained,,beam-64,1,64,27,beam,true,true,true,false,0,true,1.982103,1.982103,21,21,1,1,39,0,39,27,,
seeded-016,seeded,unconstrained,,beam-256,1,256,27,beam,true,true,true,false,0,true,1.982103,1.982103,21,21,1,1,39,0,39,27,,
seeded-016,seeded,tight,11,auto-exact-4096,4096,256,27,exact,true,true,true,false,0,true,1.7346769999999998,1.7346769999999998,11,11,1,1,11,0,39,27,,
seeded-016,seeded,tight,11,beam-1,1,1,27,beam,true,true,true,false,0.09984199999999976,false,1.7346769999999998,1.634835,11,8,1,2,6,3,39,27,,
seeded-016,seeded,tight,11,beam-4,1,4,27,beam,true,true,true,false,0,true,1.7346769999999998,1.7346769999999998,11,11,1,1,11,0,39,27,,
seeded-016,seeded,tight,11,beam-16,1,16,27,beam,true,true,true,false,0,true,1.7346769999999998,1.7346769999999998,11,11,1,1,11,0,39,27,,
seeded-016,seeded,tight,11,beam-64,1,64,27,beam,true,true,true,false,0,true,1.7346769999999998,1.7346769999999998,11,11,1,1,11,0,39,27,,
seeded-016,seeded,tight,11,beam-256,1,256,27,beam,true,true,true,false,0,true,1.7346769999999998,1.7346769999999998,11,11,1,1,11,0,39,27,,
seeded-016,seeded,infeasible,7.5,auto-exact-4096,4096,256,27,,false,false,true,false,,,,,,,,,,,39,27,,
seeded-016,seeded,infeasible,7.5,beam-1,1,1,27,,false,false,true,false,,,,,,,,,,,39,27,,
seeded-016,seeded,infeasible,7.5,beam-4,1,4,27,,false,false,true,false,,,,,,,,,,,39,27,,
seeded-016,seeded,infeasible,7.5,beam-16,1,16,27,,false,false,true,false,,,,,,,,,,,39,27,,
seeded-016,seeded,infeasible,7.5,beam-64,1,64,27,,false,false,true,false,,,,,,,,,,,39,27,,
seeded-016,seeded,infeasible,7.5,beam-256,1,256,27,,false,false,true,false,,,,,,,,,,,39,27,,
seeded-017,seeded,unconstrained,,auto-exact-4096,4096,256,256,exact,true,true,true,false,0,true,2.4925,2.4925,21,21,0,0,340,0,340,256,,
seeded-017,seeded,unconstrained,,beam-1,1,1,256,beam,true,true,true,false,0.010703999999999603,false,2.4925,2.4817960000000006,21,23,0,3,16,12,340,256,,
seeded-017,seeded,unconstrained,,beam-4,1,4,256,beam,true,true,true,false,0.010703999999999603,false,2.4925,2.4817960000000006,21,23,0,3,52,36,340,256,,
seeded-017,seeded,unconstrained,,beam-16,1,16,256,beam,true,true,true,false,0,true,2.4925,2.4925,21,21,0,0,148,96,340,256,,
seeded-017,seeded,unconstrained,,beam-64,1,64,256,beam,true,true,true,false,0,true,2.4925,2.4925,21,21,0,0,340,192,340,256,,
seeded-017,seeded,unconstrained,,beam-256,1,256,256,beam,true,true,true,false,0,true,2.4925,2.4925,21,21,0,0,340,0,340,256,,
seeded-017,seeded,tight,16,auto-exact-4096,4096,256,256,exact,true,true,true,false,0,true,2.482615,2.482615,16,16,0,0,87,0,340,256,,
seeded-017,seeded,tight,16,beam-1,1,1,256,beam,true,true,true,false,0,true,2.482615,2.482615,16,16,0,0,16,12,340,256,,
seeded-017,seeded,tight,16,beam-4,1,4,256,beam,true,true,true,false,0,true,2.482615,2.482615,16,16,0,0,33,17,340,256,,
seeded-017,seeded,tight,16,beam-16,1,16,256,beam,true,true,true,false,0,true,2.482615,2.482615,16,16,0,0,75,28,340,256,,
seeded-017,seeded,tight,16,beam-64,1,64,256,beam,true,true,true,false,0,true,2.482615,2.482615,16,16,0,0,87,0,340,256,,
seeded-017,seeded,tight,16,beam-256,1,256,256,beam,true,true,true,false,0,true,2.482615,2.482615,16,16,0,0,87,0,340,256,,
seeded-017,seeded,infeasible,10.5,auto-exact-4096,4096,256,256,,false,false,true,false,,,,,,,,,,,340,256,,
seeded-017,seeded,infeasible,10.5,beam-1,1,1,256,,false,false,true,false,,,,,,,,,,,340,256,,
seeded-017,seeded,infeasible,10.5,beam-4,1,4,256,,false,false,true,false,,,,,,,,,,,340,256,,
seeded-017,seeded,infeasible,10.5,beam-16,1,16,256,,false,false,true,false,,,,,,,,,,,340,256,,
seeded-017,seeded,infeasible,10.5,beam-64,1,64,256,,false,false,true,false,,,,,,,,,,,340,256,,
seeded-017,seeded,infeasible,10.5,beam-256,1,256,256,,false,false,true,false,,,,,,,,,,,340,256,,
seeded-018,seeded,unconstrained,,auto-exact-4096,4096,256,32,exact,true,true,true,false,0,true,2.939619,2.939619,16,16,0,0,62,0,62,32,,
seeded-018,seeded,unconstrained,,beam-1,1,1,32,beam,true,true,true,false,0.0024900000000003253,false,2.939619,2.9371289999999997,16,14,0,4,10,5,62,32,,
seeded-018,seeded,unconstrained,,beam-4,1,4,32,beam,true,true,true,false,0,true,2.939619,2.939619,16,16,0,0,30,12,62,32,,
seeded-018,seeded,unconstrained,,beam-16,1,16,32,beam,true,true,true,false,0,true,2.939619,2.939619,16,16,0,0,62,16,62,32,,
seeded-018,seeded,unconstrained,,beam-64,1,64,32,beam,true,true,true,false,0,true,2.939619,2.939619,16,16,0,0,62,0,62,32,,
seeded-018,seeded,unconstrained,,beam-256,1,256,32,beam,true,true,true,false,0,true,2.939619,2.939619,16,16,0,0,62,0,62,32,,
seeded-018,seeded,tight,15,auto-exact-4096,4096,256,32,exact,true,true,true,false,0,true,2.9371289999999997,2.9371289999999997,14,14,4,4,25,0,62,32,,
seeded-018,seeded,tight,15,beam-1,1,1,32,beam,true,true,true,false,0.1577879999999987,false,2.9371289999999997,2.779341000000001,14,12,4,6,9,4,62,32,,
seeded-018,seeded,tight,15,beam-4,1,4,32,beam,true,true,true,false,0,true,2.9371289999999997,2.9371289999999997,14,14,4,4,21,3,62,32,,
seeded-018,seeded,tight,15,beam-16,1,16,32,beam,true,true,true,false,0,true,2.9371289999999997,2.9371289999999997,14,14,4,4,25,0,62,32,,
seeded-018,seeded,tight,15,beam-64,1,64,32,beam,true,true,true,false,0,true,2.9371289999999997,2.9371289999999997,14,14,4,4,25,0,62,32,,
seeded-018,seeded,tight,15,beam-256,1,256,32,beam,true,true,true,false,0,true,2.9371289999999997,2.9371289999999997,14,14,4,4,25,0,62,32,,
seeded-018,seeded,infeasible,11.5,auto-exact-4096,4096,256,32,,false,false,true,false,,,,,,,,,,,62,32,,
seeded-018,seeded,infeasible,11.5,beam-1,1,1,32,,false,false,true,false,,,,,,,,,,,62,32,,
seeded-018,seeded,infeasible,11.5,beam-4,1,4,32,,false,false,true,false,,,,,,,,,,,62,32,,
seeded-018,seeded,infeasible,11.5,beam-16,1,16,32,,false,false,true,false,,,,,,,,,,,62,32,,
seeded-018,seeded,infeasible,11.5,beam-64,1,64,32,,false,false,true,false,,,,,,,,,,,62,32,,
seeded-018,seeded,infeasible,11.5,beam-256,1,256,32,,false,false,true,false,,,,,,,,,,,62,32,,
seeded-019,seeded,unconstrained,,auto-exact-4096,4096,256,729,exact,true,true,true,false,0,true,4.004034000000001,4.004034,45,45,3,3,1092,0,1092,729,,
seeded-019,seeded,unconstrained,,beam-1,1,1,729,beam,true,true,true,false,0.005981000000001568,false,4.004034000000001,3.998052999999999,45,45,3,4,18,12,1092,729,,
seeded-019,seeded,unconstrained,,beam-4,1,4,729,beam,true,true,true,false,0,true,4.004034000000001,4.004034,45,45,3,3,60,37,1092,729,,
seeded-019,seeded,unconstrained,,beam-16,1,16,729,beam,true,true,true,false,0,true,4.004034000000001,4.004034,45,45,3,3,183,107,1092,729,,
seeded-019,seeded,unconstrained,,beam-64,1,64,729,beam,true,true,true,false,0,true,4.004034000000001,4.004034,45,45,3,3,504,273,1092,729,,
seeded-019,seeded,unconstrained,,beam-256,1,256,729,beam,true,true,true,false,0,true,4.004034000000001,4.004034,45,45,3,3,1092,473,1092,729,,
seeded-019,seeded,tight,22,auto-exact-4096,4096,256,729,exact,true,true,true,false,0,true,3.4534270000000005,3.453427,22,22,2,2,233,0,1092,729,,
seeded-019,seeded,tight,22,beam-1,1,1,729,beam,true,true,true,false,0.07294199999999984,false,3.4534270000000005,3.3804850000000006,22,21,2,5,17,11,1092,729,,
seeded-019,seeded,tight,22,beam-4,1,4,729,beam,true,true,true,false,0.008027000000000228,false,3.4534270000000005,3.4454000000000002,22,22,2,4,39,16,1092,729,,
seeded-019,seeded,tight,22,beam-16,1,16,729,beam,true,true,true,false,0.008027000000000228,false,3.4534270000000005,3.4454000000000002,22,22,2,4,95,21,1092,729,,
seeded-019,seeded,tight,22,beam-64,1,64,729,beam,true,true,true,false,0,true,3.4534270000000005,3.453427,22,22,2,2,230,27,1092,729,,
seeded-019,seeded,tight,22,beam-256,1,256,729,beam,true,true,true,false,0,true,3.4534270000000005,3.453427,22,22,2,2,233,0,1092,729,,
seeded-019,seeded,infeasible,14.5,auto-exact-4096,4096,256,729,,false,false,true,false,,,,,,,,,,,1092,729,,
seeded-019,seeded,infeasible,14.5,beam-1,1,1,729,,false,false,true,false,,,,,,,,,,,1092,729,,
seeded-019,seeded,infeasible,14.5,beam-4,1,4,729,,false,false,true,false,,,,,,,,,,,1092,729,,
seeded-019,seeded,infeasible,14.5,beam-16,1,16,729,,false,false,true,false,,,,,,,,,,,1092,729,,
seeded-019,seeded,infeasible,14.5,beam-64,1,64,729,,false,false,true,false,,,,,,,,,,,1092,729,,
seeded-019,seeded,infeasible,14.5,beam-256,1,256,729,,false,false,true,false,,,,,,,,,,,1092,729,,
seeded-020,seeded,unconstrained,,auto-exact-4096,4096,256,64,exact,true,true,true,false,0,true,1.8831049999999998,1.883105,14,14,1,1,84,0,84,64,,
seeded-020,seeded,unconstrained,,beam-1,1,1,64,beam,true,true,true,false,0,true,1.8831049999999998,1.883105,14,14,1,1,12,9,84,64,,
seeded-020,seeded,unconstrained,,beam-4,1,4,64,beam,true,true,true,false,0,true,1.8831049999999998,1.883105,14,14,1,1,36,24,84,64,,
seeded-020,seeded,unconstrained,,beam-16,1,16,64,beam,true,true,true,false,0,true,1.8831049999999998,1.883105,14,14,1,1,84,48,84,64,,
seeded-020,seeded,unconstrained,,beam-64,1,64,64,beam,true,true,true,false,0,true,1.8831049999999998,1.883105,14,14,1,1,84,0,84,64,,
seeded-020,seeded,unconstrained,,beam-256,1,256,64,beam,true,true,true,false,0,true,1.8831049999999998,1.883105,14,14,1,1,84,0,84,64,,
seeded-020,seeded,tight,11,auto-exact-4096,4096,256,64,exact,true,true,true,false,0,true,1.871198,1.871198,10,10,2,2,25,0,84,64,,
seeded-020,seeded,tight,11,beam-1,1,1,64,beam,true,true,true,false,0.015568999999999944,false,1.871198,1.855629,10,9,2,1,9,6,84,64,,
seeded-020,seeded,tight,11,beam-4,1,4,64,beam,true,true,true,false,0,true,1.871198,1.871198,10,10,2,2,20,9,84,64,,
seeded-020,seeded,tight,11,beam-16,1,16,64,beam,true,true,true,false,0,true,1.871198,1.871198,10,10,2,2,25,0,84,64,,
seeded-020,seeded,tight,11,beam-64,1,64,64,beam,true,true,true,false,0,true,1.871198,1.871198,10,10,2,2,25,0,84,64,,
seeded-020,seeded,tight,11,beam-256,1,256,64,beam,true,true,true,false,0,true,1.871198,1.871198,10,10,2,2,25,0,84,64,,
seeded-020,seeded,infeasible,6.5,auto-exact-4096,4096,256,64,,false,false,true,false,,,,,,,,,,,84,64,,
seeded-020,seeded,infeasible,6.5,beam-1,1,1,64,,false,false,true,false,,,,,,,,,,,84,64,,
seeded-020,seeded,infeasible,6.5,beam-4,1,4,64,,false,false,true,false,,,,,,,,,,,84,64,,
seeded-020,seeded,infeasible,6.5,beam-16,1,16,64,,false,false,true,false,,,,,,,,,,,84,64,,
seeded-020,seeded,infeasible,6.5,beam-64,1,64,64,,false,false,true,false,,,,,,,,,,,84,64,,
seeded-020,seeded,infeasible,6.5,beam-256,1,256,64,,false,false,true,false,,,,,,,,,,,84,64,,
seeded-021,seeded,unconstrained,,auto-exact-4096,4096,256,16,exact,true,true,true,false,0,true,2.265051,2.265051,21,21,2,2,30,0,30,16,,
seeded-021,seeded,unconstrained,,beam-1,1,1,16,beam,true,true,true,false,0,true,2.265051,2.265051,21,21,2,2,8,4,30,16,,
seeded-021,seeded,unconstrained,,beam-4,1,4,16,beam,true,true,true,false,0,true,2.265051,2.265051,21,21,2,2,22,8,30,16,,
seeded-021,seeded,unconstrained,,beam-16,1,16,16,beam,true,true,true,false,0,true,2.265051,2.265051,21,21,2,2,30,0,30,16,,
seeded-021,seeded,unconstrained,,beam-64,1,64,16,beam,true,true,true,false,0,true,2.265051,2.265051,21,21,2,2,30,0,30,16,,
seeded-021,seeded,unconstrained,,beam-256,1,256,16,beam,true,true,true,false,0,true,2.265051,2.265051,21,21,2,2,30,0,30,16,,
seeded-021,seeded,tight,18,auto-exact-4096,4096,256,16,exact,true,true,true,false,0,true,2.157012,2.1570120000000004,16,16,4,4,10,0,30,16,,
seeded-021,seeded,tight,18,beam-1,1,1,16,beam,true,true,true,false,0,true,2.157012,2.1570120000000004,16,16,4,4,6,2,30,16,,
seeded-021,seeded,tight,18,beam-4,1,4,16,beam,true,true,true,false,0,true,2.157012,2.1570120000000004,16,16,4,4,10,0,30,16,,
seeded-021,seeded,tight,18,beam-16,1,16,16,beam,true,true,true,false,0,true,2.157012,2.1570120000000004,16,16,4,4,10,0,30,16,,
seeded-021,seeded,tight,18,beam-64,1,64,16,beam,true,true,true,false,0,true,2.157012,2.1570120000000004,16,16,4,4,10,0,30,16,,
seeded-021,seeded,tight,18,beam-256,1,256,16,beam,true,true,true,false,0,true,2.157012,2.1570120000000004,16,16,4,4,10,0,30,16,,
seeded-021,seeded,infeasible,15.5,auto-exact-4096,4096,256,16,,false,false,true,false,,,,,,,,,,,30,16,,
seeded-021,seeded,infeasible,15.5,beam-1,1,1,16,,false,false,true,false,,,,,,,,,,,30,16,,
seeded-021,seeded,infeasible,15.5,beam-4,1,4,16,,false,false,true,false,,,,,,,,,,,30,16,,
seeded-021,seeded,infeasible,15.5,beam-16,1,16,16,,false,false,true,false,,,,,,,,,,,30,16,,
seeded-021,seeded,infeasible,15.5,beam-64,1,64,16,,false,false,true,false,,,,,,,,,,,30,16,,
seeded-021,seeded,infeasible,15.5,beam-256,1,256,16,,false,false,true,false,,,,,,,,,,,30,16,,
seeded-022,seeded,unconstrained,,auto-exact-4096,4096,256,243,exact,true,true,true,false,0,true,3.102117,3.1021170000000002,30,30,7,7,363,0,363,243,,
seeded-022,seeded,unconstrained,,beam-1,1,1,243,beam,true,true,true,false,0,true,3.102117,3.1021170000000002,30,30,7,7,15,10,363,243,,
seeded-022,seeded,unconstrained,,beam-4,1,4,243,beam,true,true,true,false,0,true,3.102117,3.1021170000000002,30,30,7,7,48,29,363,243,,
seeded-022,seeded,unconstrained,,beam-16,1,16,243,beam,true,true,true,false,0,true,3.102117,3.1021170000000002,30,30,7,7,135,75,363,243,,
seeded-022,seeded,unconstrained,,beam-64,1,64,243,beam,true,true,true,false,0,true,3.102117,3.1021170000000002,30,30,7,7,312,145,363,243,,
seeded-022,seeded,unconstrained,,beam-256,1,256,243,beam,true,true,true,false,0,true,3.102117,3.1021170000000002,30,30,7,7,363,0,363,243,,
seeded-022,seeded,tight,14,auto-exact-4096,4096,256,243,exact,true,true,true,false,0,true,2.801551,2.801551,14,14,0,0,120,0,363,243,,
seeded-022,seeded,tight,14,beam-1,1,1,243,beam,true,true,true,false,0.14649399999999968,false,2.801551,2.6550570000000002,14,14,0,8,14,9,363,243,,
seeded-022,seeded,tight,14,beam-4,1,4,243,beam,true,true,true,false,0.06798899999999986,false,2.801551,2.733562,14,14,0,6,32,13,363,243,,
seeded-022,seeded,tight,14,beam-16,1,16,243,beam,true,true,true,false,0,true,2.801551,2.801551,14,14,0,0,78,19,363,243,,
seeded-022,seeded,tight,14,beam-64,1,64,243,beam,true,true,true,false,0,true,2.801551,2.801551,14,14,0,0,120,0,363,243,,
seeded-022,seeded,tight,14,beam-256,1,256,243,beam,true,true,true,false,0,true,2.801551,2.801551,14,14,0,0,120,0,363,243,,
seeded-022,seeded,infeasible,8.5,auto-exact-4096,4096,256,243,,false,false,true,false,,,,,,,,,,,363,243,,
seeded-022,seeded,infeasible,8.5,beam-1,1,1,243,,false,false,true,false,,,,,,,,,,,363,243,,
seeded-022,seeded,infeasible,8.5,beam-4,1,4,243,,false,false,true,false,,,,,,,,,,,363,243,,
seeded-022,seeded,infeasible,8.5,beam-16,1,16,243,,false,false,true,false,,,,,,,,,,,363,243,,
seeded-022,seeded,infeasible,8.5,beam-64,1,64,243,,false,false,true,false,,,,,,,,,,,363,243,,
seeded-022,seeded,infeasible,8.5,beam-256,1,256,243,,false,false,true,false,,,,,,,,,,,363,243,,
seeded-023,seeded,unconstrained,,auto-exact-4096,4096,256,4096,exact,true,true,true,false,0,true,3.7769680000000005,3.7769679999999997,27,27,2,2,5460,0,5460,4096,,
seeded-023,seeded,unconstrained,,beam-1,1,1,4096,beam,true,true,true,false,0,true,3.7769680000000005,3.7769679999999997,27,27,2,2,24,18,5460,4096,,
seeded-023,seeded,unconstrained,,beam-4,1,4,4096,beam,true,true,true,false,0,true,3.7769680000000005,3.7769679999999997,27,27,2,2,84,60,5460,4096,,
seeded-023,seeded,unconstrained,,beam-16,1,16,4096,beam,true,true,true,false,0,true,3.7769680000000005,3.7769679999999997,27,27,2,2,276,192,5460,4096,,
seeded-023,seeded,unconstrained,,beam-64,1,64,4096,beam,true,true,true,false,0,true,3.7769680000000005,3.7769679999999997,27,27,2,2,852,576,5460,4096,,
seeded-023,seeded,unconstrained,,beam-256,1,256,4096,beam,true,true,true,false,0,true,3.7769680000000005,3.7769679999999997,27,27,2,2,2388,1536,5460,4096,,
seeded-023,seeded,tight,20,auto-exact-4096,4096,256,4096,exact,true,true,true,false,0,true,3.756338,3.756338,20,20,4,4,1088,0,5460,4096,,
seeded-023,seeded,tight,20,beam-1,1,1,4096,beam,true,true,true,false,0.08554499999999976,false,3.756338,3.670793,20,13,4,5,24,18,5460,4096,,
seeded-023,seeded,tight,20,beam-4,1,4,4096,beam,true,true,true,false,0,true,3.756338,3.756338,20,20,4,4,70,46,5460,4096,,
seeded-023,seeded,tight,20,beam-16,1,16,4096,beam,true,true,true,false,0,true,3.756338,3.756338,20,20,4,4,190,109,5460,4096,,
seeded-023,seeded,tight,20,beam-64,1,64,4096,beam,true,true,true,false,0,true,3.756338,3.756338,20,20,4,4,476,223,5460,4096,,
seeded-023,seeded,tight,20,beam-256,1,256,4096,beam,true,true,true,false,0,true,3.756338,3.756338,20,20,4,4,1033,331,5460,4096,,
seeded-023,seeded,infeasible,10.5,auto-exact-4096,4096,256,4096,,false,false,true,false,,,,,,,,,,,5460,4096,,
seeded-023,seeded,infeasible,10.5,beam-1,1,1,4096,,false,false,true,false,,,,,,,,,,,5460,4096,,
seeded-023,seeded,infeasible,10.5,beam-4,1,4,4096,,false,false,true,false,,,,,,,,,,,5460,4096,,
seeded-023,seeded,infeasible,10.5,beam-16,1,16,4096,,false,false,true,false,,,,,,,,,,,5460,4096,,
seeded-023,seeded,infeasible,10.5,beam-64,1,64,4096,,false,false,true,false,,,,,,,,,,,5460,4096,,
seeded-023,seeded,infeasible,10.5,beam-256,1,256,4096,,false,false,true,false,,,,,,,,,,,5460,4096,,
seeded-024,seeded,unconstrained,,auto-exact-4096,4096,256,8,exact,true,true,true,false,0,true,1.729076,1.729076,19,19,0,0,14,0,14,8,,
seeded-024,seeded,unconstrained,,beam-1,1,1,8,beam,true,true,true,false,0,true,1.729076,1.729076,19,19,0,0,6,3,14,8,,
seeded-024,seeded,unconstrained,,beam-4,1,4,8,beam,true,true,true,false,0,true,1.729076,1.729076,19,19,0,0,14,4,14,8,,
seeded-024,seeded,unconstrained,,beam-16,1,16,8,beam,true,true,true,false,0,true,1.729076,1.729076,19,19,0,0,14,0,14,8,,
seeded-024,seeded,unconstrained,,beam-64,1,64,8,beam,true,true,true,false,0,true,1.729076,1.729076,19,19,0,0,14,0,14,8,,
seeded-024,seeded,unconstrained,,beam-256,1,256,8,beam,true,true,true,false,0,true,1.729076,1.729076,19,19,0,0,14,0,14,8,,
seeded-024,seeded,tight,10,auto-exact-4096,4096,256,8,exact,true,true,true,false,0,true,1.5296070000000002,1.5296070000000002,6,6,1,1,6,0,14,8,,
seeded-024,seeded,tight,10,beam-1,1,1,8,beam,true,true,true,false,0,true,1.5296070000000002,1.5296070000000002,6,6,1,1,4,1,14,8,,
seeded-024,seeded,tight,10,beam-4,1,4,8,beam,true,true,true,false,0,true,1.5296070000000002,1.5296070000000002,6,6,1,1,6,0,14,8,,
seeded-024,seeded,tight,10,beam-16,1,16,8,beam,true,true,true,false,0,true,1.5296070000000002,1.5296070000000002,6,6,1,1,6,0,14,8,,
seeded-024,seeded,tight,10,beam-64,1,64,8,beam,true,true,true,false,0,true,1.5296070000000002,1.5296070000000002,6,6,1,1,6,0,14,8,,
seeded-024,seeded,tight,10,beam-256,1,256,8,beam,true,true,true,false,0,true,1.5296070000000002,1.5296070000000002,6,6,1,1,6,0,14,8,,
seeded-024,seeded,infeasible,5.5,auto-exact-4096,4096,256,8,,false,false,true,false,,,,,,,,,,,14,8,,
seeded-024,seeded,infeasible,5.5,beam-1,1,1,8,,false,false,true,false,,,,,,,,,,,14,8,,
seeded-024,seeded,infeasible,5.5,beam-4,1,4,8,,false,false,true,false,,,,,,,,,,,14,8,,
seeded-024,seeded,infeasible,5.5,beam-16,1,16,8,,false,false,true,false,,,,,,,,,,,14,8,,
seeded-024,seeded,infeasible,5.5,beam-64,1,64,8,,false,false,true,false,,,,,,,,,,,14,8,,
seeded-024,seeded,infeasible,5.5,beam-256,1,256,8,,false,false,true,false,,,,,,,,,,,14,8,,
seeded-025,seeded,unconstrained,,auto-exact-4096,4096,256,81,exact,true,true,true,false,0,true,2.647717,2.6477169999999997,29,29,2,2,120,0,120,81,,
seeded-025,seeded,unconstrained,,beam-1,1,1,81,beam,true,true,true,false,0,true,2.647717,2.6477169999999997,29,29,2,2,12,8,120,81,,
seeded-025,seeded,unconstrained,,beam-4,1,4,81,beam,true,true,true,false,0,true,2.647717,2.6477169999999997,29,29,2,2,36,21,120,81,,
seeded-025,seeded,unconstrained,,beam-16,1,16,81,beam,true,true,true,false,0,true,2.647717,2.6477169999999997,29,29,2,2,87,43,120,81,,
seeded-025,seeded,unconstrained,,beam-64,1,64,81,beam,true,true,true,false,0,true,2.647717,2.6477169999999997,29,29,2,2,120,17,120,81,,
seeded-025,seeded,unconstrained,,beam-256,1,256,81,beam,true,true,true,false,0,true,2.647717,2.6477169999999997,29,29,2,2,120,0,120,81,,
seeded-025,seeded,tight,16,auto-exact-4096,4096,256,81,exact,true,true,true,false,0,true,2.3389910000000005,2.3389909999999996,16,16,2,2,31,0,120,81,,
seeded-025,seeded,tight,16,beam-1,1,1,81,beam,true,true,true,false,0.04029900000000053,false,2.3389910000000005,2.298692,16,15,2,3,11,7,120,81,,
seeded-025,seeded,tight,16,beam-4,1,4,81,beam,true,true,true,false,0,true,2.3389910000000005,2.3389909999999996,16,16,2,2,19,5,120,81,,
seeded-025,seeded,tight,16,beam-16,1,16,81,beam,true,true,true,false,0,true,2.3389910000000005,2.3389909999999996,16,16,2,2,31,0,120,81,,
seeded-025,seeded,tight,16,beam-64,1,64,81,beam,true,true,true,false,0,true,2.3389910000000005,2.3389909999999996,16,16,2,2,31,0,120,81,,
seeded-025,seeded,tight,16,beam-256,1,256,81,beam,true,true,true,false,0,true,2.3389910000000005,2.3389909999999996,16,16,2,2,31,0,120,81,,
seeded-025,seeded,infeasible,11.5,auto-exact-4096,4096,256,81,,false,false,true,false,,,,,,,,,,,120,81,,
seeded-025,seeded,infeasible,11.5,beam-1,1,1,81,,false,false,true,false,,,,,,,,,,,120,81,,
seeded-025,seeded,infeasible,11.5,beam-4,1,4,81,,false,false,true,false,,,,,,,,,,,120,81,,
seeded-025,seeded,infeasible,11.5,beam-16,1,16,81,,false,false,true,false,,,,,,,,,,,120,81,,
seeded-025,seeded,infeasible,11.5,beam-64,1,64,81,,false,false,true,false,,,,,,,,,,,120,81,,
seeded-025,seeded,infeasible,11.5,beam-256,1,256,81,,false,false,true,false,,,,,,,,,,,120,81,,
seeded-026,seeded,unconstrained,,auto-exact-4096,4096,256,1024,exact,true,true,true,false,0,true,3.1506760000000003,3.1506760000000003,29,29,0,0,1364,0,1364,1024,,
seeded-026,seeded,unconstrained,,beam-1,1,1,1024,beam,true,true,true,false,0,true,3.1506760000000003,3.1506760000000003,29,29,0,0,20,15,1364,1024,,
seeded-026,seeded,unconstrained,,beam-4,1,4,1024,beam,true,true,true,false,0,true,3.1506760000000003,3.1506760000000003,29,29,0,0,68,48,1364,1024,,
seeded-026,seeded,unconstrained,,beam-16,1,16,1024,beam,true,true,true,false,0,true,3.1506760000000003,3.1506760000000003,29,29,0,0,212,144,1364,1024,,
seeded-026,seeded,unconstrained,,beam-64,1,64,1024,beam,true,true,true,false,0,true,3.1506760000000003,3.1506760000000003,29,29,0,0,596,384,1364,1024,,
seeded-026,seeded,unconstrained,,beam-256,1,256,1024,beam,true,true,true,false,0,true,3.1506760000000003,3.1506760000000003,29,29,0,0,1364,768,1364,1024,,
seeded-026,seeded,tight,17,auto-exact-4096,4096,256,1024,exact,true,true,true,false,0,true,3.117827,3.117827,17,17,0,0,222,0,1364,1024,,
seeded-026,seeded,tight,17,beam-1,1,1,1024,beam,true,true,true,false,0.11866999999999983,false,3.117827,2.9991570000000003,17,11,0,8,19,14,1364,1024,,
seeded-026,seeded,tight,17,beam-4,1,4,1024,beam,true,true,true,false,0,true,3.117827,3.117827,17,17,0,0,48,28,1364,1024,,
seeded-026,seeded,tight,17,beam-16,1,16,1024,beam,true,true,true,false,0,true,3.117827,3.117827,17,17,0,0,114,53,1364,1024,,
seeded-026,seeded,tight,17,beam-64,1,64,1024,beam,true,true,true,false,0,true,3.117827,3.117827,17,17,0,0,222,62,1364,1024,,
seeded-026,seeded,tight,17,beam-256,1,256,1024,beam,true,true,true,false,0,true,3.117827,3.117827,17,17,0,0,222,0,1364,1024,,
seeded-026,seeded,infeasible,10.5,auto-exact-4096,4096,256,1024,,false,false,true,false,,,,,,,,,,,1364,1024,,
seeded-026,seeded,infeasible,10.5,beam-1,1,1,1024,,false,false,true,false,,,,,,,,,,,1364,1024,,
seeded-026,seeded,infeasible,10.5,beam-4,1,4,1024,,false,false,true,false,,,,,,,,,,,1364,1024,,
seeded-026,seeded,infeasible,10.5,beam-16,1,16,1024,,false,false,true,false,,,,,,,,,,,1364,1024,,
seeded-026,seeded,infeasible,10.5,beam-64,1,64,1024,,false,false,true,false,,,,,,,,,,,1364,1024,,
seeded-026,seeded,infeasible,10.5,beam-256,1,256,1024,,false,false,true,false,,,,,,,,,,,1364,1024,,
seeded-027,seeded,unconstrained,,auto-exact-4096,4096,256,64,exact,true,true,true,false,0,true,3.592101,3.5921010000000004,39,39,4,4,126,0,126,64,,
seeded-027,seeded,unconstrained,,beam-1,1,1,64,beam,true,true,true,false,0,true,3.592101,3.5921010000000004,39,39,4,4,12,6,126,64,,
seeded-027,seeded,unconstrained,,beam-4,1,4,64,beam,true,true,true,false,0,true,3.592101,3.5921010000000004,39,39,4,4,38,16,126,64,,
seeded-027,seeded,unconstrained,,beam-16,1,16,64,beam,true,true,true,false,0,true,3.592101,3.5921010000000004,39,39,4,4,94,32,126,64,,
seeded-027,seeded,unconstrained,,beam-64,1,64,64,beam,true,true,true,false,0,true,3.592101,3.5921010000000004,39,39,4,4,126,0,126,64,,
seeded-027,seeded,unconstrained,,beam-256,1,256,64,beam,true,true,true,false,0,true,3.592101,3.5921010000000004,39,39,4,4,126,0,126,64,,
seeded-027,seeded,tight,28,auto-exact-4096,4096,256,64,exact,true,true,true,false,0,true,3.4882340000000003,3.4882340000000003,24,24,3,3,48,0,126,64,,
seeded-027,seeded,tight,28,beam-1,1,1,64,beam,true,true,true,false,0,true,3.4882340000000003,3.4882340000000003,24,24,3,3,10,4,126,64,,
seeded-027,seeded,tight,28,beam-4,1,4,64,beam,true,true,true,false,0,true,3.4882340000000003,3.4882340000000003,24,24,3,3,28,8,126,64,,
seeded-027,seeded,tight,28,beam-16,1,16,64,beam,true,true,true,false,0,true,3.4882340000000003,3.4882340000000003,24,24,3,3,48,0,126,64,,
seeded-027,seeded,tight,28,beam-64,1,64,64,beam,true,true,true,false,0,true,3.4882340000000003,3.4882340000000003,24,24,3,3,48,0,126,64,,
seeded-027,seeded,tight,28,beam-256,1,256,64,beam,true,true,true,false,0,true,3.4882340000000003,3.4882340000000003,24,24,3,3,48,0,126,64,,
seeded-027,seeded,infeasible,23.5,auto-exact-4096,4096,256,64,,false,false,true,false,,,,,,,,,,,126,64,,
seeded-027,seeded,infeasible,23.5,beam-1,1,1,64,,false,false,true,false,,,,,,,,,,,126,64,,
seeded-027,seeded,infeasible,23.5,beam-4,1,4,64,,false,false,true,false,,,,,,,,,,,126,64,,
seeded-027,seeded,infeasible,23.5,beam-16,1,16,64,,false,false,true,false,,,,,,,,,,,126,64,,
seeded-027,seeded,infeasible,23.5,beam-64,1,64,64,,false,false,true,false,,,,,,,,,,,126,64,,
seeded-027,seeded,infeasible,23.5,beam-256,1,256,64,,false,false,true,false,,,,,,,,,,,126,64,,
seeded-028,seeded,unconstrained,,auto-exact-4096,4096,256,27,exact,true,true,true,false,0,true,2.0188740000000003,2.0188740000000003,22,22,0,0,39,0,39,27,,
seeded-028,seeded,unconstrained,,beam-1,1,1,27,beam,true,true,true,false,0,true,2.0188740000000003,2.0188740000000003,22,22,0,0,9,6,39,27,,
seeded-028,seeded,unconstrained,,beam-4,1,4,27,beam,true,true,true,false,0,true,2.0188740000000003,2.0188740000000003,22,22,0,0,24,13,39,27,,
seeded-028,seeded,unconstrained,,beam-16,1,16,27,beam,true,true,true,false,0,true,2.0188740000000003,2.0188740000000003,22,22,0,0,39,11,39,27,,
seeded-028,seeded,unconstrained,,beam-64,1,64,27,beam,true,true,true,false,0,true,2.0188740000000003,2.0188740000000003,22,22,0,0,39,0,39,27,,
seeded-028,seeded,unconstrained,,beam-256,1,256,27,beam,true,true,true,false,0,true,2.0188740000000003,2.0188740000000003,22,22,0,0,39,0,39,27,,
seeded-028,seeded,tight,13,auto-exact-4096,4096,256,27,exact,true,true,true,false,0,true,1.7352480000000001,1.7352480000000001,11,11,1,1,6,0,39,27,,
seeded-028,seeded,tight,13,beam-1,1,1,27,beam,true,true,true,false,0,true,1.7352480000000001,1.7352480000000001,11,11,1,1,4,1,39,27,,
seeded-028,seeded,tight,13,beam-4,1,4,27,beam,true,true,true,false,0,true,1.7352480000000001,1.7352480000000001,11,11,1,1,6,0,39,27,,
seeded-028,seeded,tight,13,beam-16,1,16,27,beam,true,true,true,false,0,true,1.7352480000000001,1.7352480000000001,11,11,1,1,6,0,39,27,,
seeded-028,seeded,tight,13,beam-64,1,64,27,beam,true,true,true,false,0,true,1.7352480000000001,1.7352480000000001,11,11,1,1,6,0,39,27,,
seeded-028,seeded,tight,13,beam-256,1,256,27,beam,true,true,true,false,0,true,1.7352480000000001,1.7352480000000001,11,11,1,1,6,0,39,27,,
seeded-028,seeded,infeasible,10.5,auto-exact-4096,4096,256,27,,false,false,true,false,,,,,,,,,,,39,27,,
seeded-028,seeded,infeasible,10.5,beam-1,1,1,27,,false,false,true,false,,,,,,,,,,,39,27,,
seeded-028,seeded,infeasible,10.5,beam-4,1,4,27,,false,false,true,false,,,,,,,,,,,39,27,,
seeded-028,seeded,infeasible,10.5,beam-16,1,16,27,,false,false,true,false,,,,,,,,,,,39,27,,
seeded-028,seeded,infeasible,10.5,beam-64,1,64,27,,false,false,true,false,,,,,,,,,,,39,27,,
seeded-028,seeded,infeasible,10.5,beam-256,1,256,27,,false,false,true,false,,,,,,,,,,,39,27,,
seeded-029,seeded,unconstrained,,auto-exact-4096,4096,256,256,exact,true,true,true,false,0,true,2.5072419999999997,2.5072419999999997,19,19,0,0,340,0,340,256,,
seeded-029,seeded,unconstrained,,beam-1,1,1,256,beam,true,true,true,false,0.017363999999999713,false,2.5072419999999997,2.489878,19,17,0,2,16,12,340,256,,
seeded-029,seeded,unconstrained,,beam-4,1,4,256,beam,true,true,true,false,0,true,2.5072419999999997,2.5072419999999997,19,19,0,0,52,36,340,256,,
seeded-029,seeded,unconstrained,,beam-16,1,16,256,beam,true,true,true,false,0,true,2.5072419999999997,2.5072419999999997,19,19,0,0,148,96,340,256,,
seeded-029,seeded,unconstrained,,beam-64,1,64,256,beam,true,true,true,false,0,true,2.5072419999999997,2.5072419999999997,19,19,0,0,340,192,340,256,,
seeded-029,seeded,unconstrained,,beam-256,1,256,256,beam,true,true,true,false,0,true,2.5072419999999997,2.5072419999999997,19,19,0,0,340,0,340,256,,
seeded-029,seeded,tight,13,auto-exact-4096,4096,256,256,exact,true,true,true,false,0,true,2.4870579999999998,2.4870579999999998,12,12,0,0,67,0,340,256,,
seeded-029,seeded,tight,13,beam-1,1,1,256,beam,true,true,true,false,0.017695999999999934,false,2.4870579999999998,2.469362,12,7,0,3,14,10,340,256,,
seeded-029,seeded,tight,13,beam-4,1,4,256,beam,true,true,true,false,0.017572999999999617,false,2.4870579999999998,2.469485,12,13,0,3,32,16,340,256,,
seeded-029,seeded,tight,13,beam-16,1,16,256,beam,true,true,true,false,0,true,2.4870579999999998,2.4870579999999998,12,12,0,0,65,21,340,256,,
seeded-029,seeded,tight,13,beam-64,1,64,256,beam,true,true,true,false,0,true,2.4870579999999998,2.4870579999999998,12,12,0,0,67,0,340,256,,
seeded-029,seeded,tight,13,beam-256,1,256,256,beam,true,true,true,false,0,true,2.4870579999999998,2.4870579999999998,12,12,0,0,67,0,340,256,,
seeded-029,seeded,infeasible,6.5,auto-exact-4096,4096,256,256,,false,false,true,false,,,,,,,,,,,340,256,,
seeded-029,seeded,infeasible,6.5,beam-1,1,1,256,,false,false,true,false,,,,,,,,,,,340,256,,
seeded-029,seeded,infeasible,6.5,beam-4,1,4,256,,false,false,true,false,,,,,,,,,,,340,256,,
seeded-029,seeded,infeasible,6.5,beam-16,1,16,256,,false,false,true,false,,,,,,,,,,,340,256,,
seeded-029,seeded,infeasible,6.5,beam-64,1,64,256,,false,false,true,false,,,,,,,,,,,340,256,,
seeded-029,seeded,infeasible,6.5,beam-256,1,256,256,,false,false,true,false,,,,,,,,,,,340,256,,
seeded-030,seeded,unconstrained,,auto-exact-4096,4096,256,32,exact,true,true,true,false,0,true,2.68884,2.6888400000000003,27,27,6,6,62,0,62,32,,
seeded-030,seeded,unconstrained,,beam-1,1,1,32,beam,true,true,true,false,0,true,2.68884,2.6888400000000003,27,27,6,6,10,5,62,32,,
seeded-030,seeded,unconstrained,,beam-4,1,4,32,beam,true,true,true,false,0,true,2.68884,2.6888400000000003,27,27,6,6,30,12,62,32,,
seeded-030,seeded,unconstrained,,beam-16,1,16,32,beam,true,true,true,false,0,true,2.68884,2.6888400000000003,27,27,6,6,62,16,62,32,,
seeded-030,seeded,unconstrained,,beam-64,1,64,32,beam,true,true,true,false,0,true,2.68884,2.6888400000000003,27,27,6,6,62,0,62,32,,
seeded-030,seeded,unconstrained,,beam-256,1,256,32,beam,true,true,true,false,0,true,2.68884,2.6888400000000003,27,27,6,6,62,0,62,32,,
seeded-030,seeded,tight,22,auto-exact-4096,4096,256,32,exact,true,true,true,false,0,true,2.6729320000000003,2.6729320000000003,19,19,6,6,14,0,62,32,,
seeded-030,seeded,tight,22,beam-1,1,1,32,beam,true,true,true,false,0.10325899999999999,false,2.6729320000000003,2.5696730000000003,19,18,6,6,8,3,62,32,,
seeded-030,seeded,tight,22,beam-4,1,4,32,beam,true,true,true,false,0,true,2.6729320000000003,2.6729320000000003,19,19,6,6,14,2,62,32,,
seeded-030,seeded,tight,22,beam-16,1,16,32,beam,true,true,true,false,0,true,2.6729320000000003,2.6729320000000003,19,19,6,6,14,0,62,32,,
seeded-030,seeded,tight,22,beam-64,1,64,32,beam,true,true,true,false,0,true,2.6729320000000003,2.6729320000000003,19,19,6,6,14,0,62,32,,
seeded-030,seeded,tight,22,beam-256,1,256,32,beam,true,true,true,false,0,true,2.6729320000000003,2.6729320000000003,19,19,6,6,14,0,62,32,,
seeded-030,seeded,infeasible,17.5,auto-exact-4096,4096,256,32,,false,false,true,false,,,,,,,,,,,62,32,,
seeded-030,seeded,infeasible,17.5,beam-1,1,1,32,,false,false,true,false,,,,,,,,,,,62,32,,
seeded-030,seeded,infeasible,17.5,beam-4,1,4,32,,false,false,true,false,,,,,,,,,,,62,32,,
seeded-030,seeded,infeasible,17.5,beam-16,1,16,32,,false,false,true,false,,,,,,,,,,,62,32,,
seeded-030,seeded,infeasible,17.5,beam-64,1,64,32,,false,false,true,false,,,,,,,,,,,62,32,,
seeded-030,seeded,infeasible,17.5,beam-256,1,256,32,,false,false,true,false,,,,,,,,,,,62,32,,
seeded-031,seeded,unconstrained,,auto-exact-4096,4096,256,729,exact,true,true,true,false,0,true,3.9730570000000003,3.9730570000000003,43,43,2,2,1092,0,1092,729,,
seeded-031,seeded,unconstrained,,beam-1,1,1,729,beam,true,true,true,false,0.002564000000000455,false,3.9730570000000003,3.970493,43,44,2,5,18,12,1092,729,,
seeded-031,seeded,unconstrained,,beam-4,1,4,729,beam,true,true,true,false,0,true,3.9730570000000003,3.9730570000000003,43,43,2,2,60,37,1092,729,,
seeded-031,seeded,unconstrained,,beam-16,1,16,729,beam,true,true,true,false,0,true,3.9730570000000003,3.9730570000000003,43,43,2,2,183,107,1092,729,,
seeded-031,seeded,unconstrained,,beam-64,1,64,729,beam,true,true,true,false,0,true,3.9730570000000003,3.9730570000000003,43,43,2,2,504,273,1092,729,,
seeded-031,seeded,unconstrained,,beam-256,1,256,729,beam,true,true,true,false,0,true,3.9730570000000003,3.9730570000000003,43,43,2,2,1092,473,1092,729,,
seeded-031,seeded,tight,25,auto-exact-4096,4096,256,729,exact,true,true,true,false,0,true,3.5503020000000003,3.550302,25,25,2,2,187,0,1092,729,,
seeded-031,seeded,tight,25,beam-1,1,1,729,beam,true,true,true,false,0.18607800000000063,false,3.5503020000000003,3.3642239999999997,25,20,2,5,17,11,1092,729,,
seeded-031,seeded,tight,25,beam-4,1,4,729,beam,true,true,true,false,0,true,3.5503020000000003,3.550302,25,25,2,2,39,16,1092,729,,
seeded-031,seeded,tight,25,beam-16,1,16,729,beam,true,true,true,false,0,true,3.5503020000000003,3.550302,25,25,2,2,102,26,1092,729,,
seeded-031,seeded,tight,25,beam-64,1,64,729,beam,true,true,true,false,0,true,3.5503020000000003,3.550302,25,25,2,2,187,15,1092,729,,
seeded-031,seeded,tight,25,beam-256,1,256,729,beam,true,true,true,false,0,true,3.5503020000000003,3.550302,25,25,2,2,187,0,1092,729,,
seeded-031,seeded,infeasible,18.5,auto-exact-4096,4096,256,729,,false,false,true,false,,,,,,,,,,,1092,729,,
seeded-031,seeded,infeasible,18.5,beam-1,1,1,729,,false,false,true,false,,,,,,,,,,,1092,729,,
seeded-031,seeded,infeasible,18.5,beam-4,1,4,729,,false,false,true,false,,,,,,,,,,,1092,729,,
seeded-031,seeded,infeasible,18.5,beam-16,1,16,729,,false,false,true,false,,,,,,,,,,,1092,729,,
seeded-031,seeded,infeasible,18.5,beam-64,1,64,729,,false,false,true,false,,,,,,,,,,,1092,729,,
seeded-031,seeded,infeasible,18.5,beam-256,1,256,729,,false,false,true,false,,,,,,,,,,,1092,729,,
seeded-032,seeded,unconstrained,,auto-exact-4096,4096,256,64,exact,true,true,true,false,0,true,1.88507,1.88507,17,17,0,0,84,0,84,64,,
seeded-032,seeded,unconstrained,,beam-1,1,1,64,beam,true,true,true,false,0.014560999999999824,false,1.88507,1.8705090000000002,17,18,0,1,12,9,84,64,,
seeded-032,seeded,unconstrained,,beam-4,1,4,64,beam,true,true,true,false,0,true,1.88507,1.88507,17,17,0,0,36,24,84,64,,
seeded-032,seeded,unconstrained,,beam-16,1,16,64,beam,true,true,true,false,0,true,1.88507,1.88507,17,17,0,0,84,48,84,64,,
seeded-032,seeded,unconstrained,,beam-64,1,64,64,beam,true,true,true,false,0,true,1.88507,1.88507,17,17,0,0,84,0,84,64,,
seeded-032,seeded,unconstrained,,beam-256,1,256,64,beam,true,true,true,false,0,true,1.88507,1.88507,17,17,0,0,84,0,84,64,,
seeded-032,seeded,tight,12,auto-exact-4096,4096,256,64,exact,true,true,true,false,0,true,1.864312,1.864312,12,12,1,1,18,0,84,64,,
seeded-032,seeded,tight,12,beam-1,1,1,64,beam,true,true,true,false,0.025299999999999878,false,1.864312,1.839012,12,11,1,2,8,5,84,64,,
seeded-032,seeded,tight,12,beam-4,1,4,64,beam,true,true,true,false,0,true,1.864312,1.864312,12,12,1,1,18,8,84,64,,
seeded-032,seeded,tight,12,beam-16,1,16,64,beam,true,true,true,false,0,true,1.864312,1.864312,12,12,1,1,18,0,84,64,,
seeded-032,seeded,tight,12,beam-64,1,64,64,beam,true,true,true,false,0,true,1.864312,1.864312,12,12,1,1,18,0,84,64,,
seeded-032,seeded,tight,12,beam-256,1,256,64,beam,true,true,true,false,0,true,1.864312,1.864312,12,12,1,1,18,0,84,64,,
seeded-032,seeded,infeasible,8.5,auto-exact-4096,4096,256,64,,false,false,true,false,,,,,,,,,,,84,64,,
seeded-032,seeded,infeasible,8.5,beam-1,1,1,64,,false,false,true,false,,,,,,,,,,,84,64,,
seeded-032,seeded,infeasible,8.5,beam-4,1,4,64,,false,false,true,false,,,,,,,,,,,84,64,,
seeded-032,seeded,infeasible,8.5,beam-16,1,16,64,,false,false,true,false,,,,,,,,,,,84,64,,
seeded-032,seeded,infeasible,8.5,beam-64,1,64,64,,false,false,true,false,,,,,,,,,,,84,64,,
seeded-032,seeded,infeasible,8.5,beam-256,1,256,64,,false,false,true,false,,,,,,,,,,,84,64,,
seeded-033,seeded,unconstrained,,auto-exact-4096,4096,256,16,exact,true,true,true,false,0,true,2.231656,2.231656,25,25,0,0,30,0,30,16,,
seeded-033,seeded,unconstrained,,beam-1,1,1,16,beam,true,true,true,false,0,true,2.231656,2.231656,25,25,0,0,8,4,30,16,,
seeded-033,seeded,unconstrained,,beam-4,1,4,16,beam,true,true,true,false,0,true,2.231656,2.231656,25,25,0,0,22,8,30,16,,
seeded-033,seeded,unconstrained,,beam-16,1,16,16,beam,true,true,true,false,0,true,2.231656,2.231656,25,25,0,0,30,0,30,16,,
seeded-033,seeded,unconstrained,,beam-64,1,64,16,beam,true,true,true,false,0,true,2.231656,2.231656,25,25,0,0,30,0,30,16,,
seeded-033,seeded,unconstrained,,beam-256,1,256,16,beam,true,true,true,false,0,true,2.231656,2.231656,25,25,0,0,30,0,30,16,,
seeded-033,seeded,tight,26,auto-exact-4096,4096,256,16,exact,true,true,true,false,0,true,2.231656,2.231656,25,25,0,0,8,0,30,16,,
seeded-033,seeded,tight,26,beam-1,1,1,16,beam,true,true,true,false,0.17085700000000026,false,2.231656,2.060799,25,24,0,2,6,2,30,16,,
seeded-033,seeded,tight,26,beam-4,1,4,16,beam,true,true,true,false,0,true,2.231656,2.231656,25,25,0,0,8,0,30,16,,
seeded-033,seeded,tight,26,beam-16,1,16,16,beam,true,true,true,false,0,true,2.231656,2.231656,25,25,0,0,8,0,30,16,,
seeded-033,seeded,tight,26,beam-64,1,64,16,beam,true,true,true,false,0,true,2.231656,2.231656,25,25,0,0,8,0,30,16,,
seeded-033,seeded,tight,26,beam-256,1,256,16,beam,true,true,true,false,0,true,2.231656,2.231656,25,25,0,0,8,0,30,16,,
seeded-033,seeded,infeasible,23.5,auto-exact-4096,4096,256,16,,false,false,true,false,,,,,,,,,,,30,16,,
seeded-033,seeded,infeasible,23.5,beam-1,1,1,16,,false,false,true,false,,,,,,,,,,,30,16,,
seeded-033,seeded,infeasible,23.5,beam-4,1,4,16,,false,false,true,false,,,,,,,,,,,30,16,,
seeded-033,seeded,infeasible,23.5,beam-16,1,16,16,,false,false,true,false,,,,,,,,,,,30,16,,
seeded-033,seeded,infeasible,23.5,beam-64,1,64,16,,false,false,true,false,,,,,,,,,,,30,16,,
seeded-033,seeded,infeasible,23.5,beam-256,1,256,16,,false,false,true,false,,,,,,,,,,,30,16,,
seeded-034,seeded,unconstrained,,auto-exact-4096,4096,256,243,exact,true,true,true,false,0,true,3.1970479999999997,3.197048,34,34,8,8,363,0,363,243,,
seeded-034,seeded,unconstrained,,beam-1,1,1,243,beam,true,true,true,false,0,true,3.1970479999999997,3.197048,34,34,8,8,15,10,363,243,,
seeded-034,seeded,unconstrained,,beam-4,1,4,243,beam,true,true,true,false,0,true,3.1970479999999997,3.197048,34,34,8,8,48,29,363,243,,
seeded-034,seeded,unconstrained,,beam-16,1,16,243,beam,true,true,true,false,0,true,3.1970479999999997,3.197048,34,34,8,8,135,75,363,243,,
seeded-034,seeded,unconstrained,,beam-64,1,64,243,beam,true,true,true,false,0,true,3.1970479999999997,3.197048,34,34,8,8,312,145,363,243,,
seeded-034,seeded,unconstrained,,beam-256,1,256,243,beam,true,true,true,false,0,true,3.1970479999999997,3.197048,34,34,8,8,363,0,363,243,,
seeded-034,seeded,tight,19,auto-exact-4096,4096,256,243,exact,true,true,true,false,0,true,2.868553,2.868553,19,19,4,4,115,0,363,243,,
seeded-034,seeded,tight,19,beam-1,1,1,243,beam,true,true,true,false,0.07385700000000028,false,2.868553,2.7946959999999996,19,18,4,8,14,9,363,243,,
seeded-034,seeded,tight,19,beam-4,1,4,243,beam,true,true,true,false,0,true,2.868553,2.868553,19,19,4,4,29,10,363,243,,
seeded-034,seeded,tight,19,beam-16,1,16,243,beam,true,true,true,false,0,true,2.868553,2.868553,19,19,4,4,80,21,363,243,,
seeded-034,seeded,tight,19,beam-64,1,64,243,beam,true,true,true,false,0,true,2.868553,2.868553,19,19,4,4,115,0,363,243,,
seeded-034,seeded,tight,19,beam-256,1,256,243,beam,true,true,true,false,0,true,2.868553,2.868553,19,19,4,4,115,0,363,243,,
seeded-034,seeded,infeasible,13.5,auto-exact-4096,4096,256,243,,false,false,true,false,,,,,,,,,,,363,243,,
seeded-034,seeded,infeasible,13.5,beam-1,1,1,243,,false,false,true,false,,,,,,,,,,,363,243,,
seeded-034,seeded,infeasible,13.5,beam-4,1,4,243,,false,false,true,false,,,,,,,,,,,363,243,,
seeded-034,seeded,infeasible,13.5,beam-16,1,16,243,,false,false,true,false,,,,,,,,,,,363,243,,
seeded-034,seeded,infeasible,13.5,beam-64,1,64,243,,false,false,true,false,,,,,,,,,,,363,243,,
seeded-034,seeded,infeasible,13.5,beam-256,1,256,243,,false,false,true,false,,,,,,,,,,,363,243,,
seeded-035,seeded,unconstrained,,auto-exact-4096,4096,256,4096,exact,true,true,true,false,0,true,3.7478949999999998,3.7478949999999998,24,24,0,0,5460,0,5460,4096,,
seeded-035,seeded,unconstrained,,beam-1,1,1,4096,beam,true,true,true,false,0.04375399999999896,false,3.7478949999999998,3.704141000000001,24,25,0,7,24,18,5460,4096,,
seeded-035,seeded,unconstrained,,beam-4,1,4,4096,beam,true,true,true,false,0.015023999999999482,false,3.7478949999999998,3.7328710000000003,24,26,0,4,84,60,5460,4096,,
seeded-035,seeded,unconstrained,,beam-16,1,16,4096,beam,true,true,true,false,0,true,3.7478949999999998,3.7478949999999998,24,24,0,0,276,192,5460,4096,,
seeded-035,seeded,unconstrained,,beam-64,1,64,4096,beam,true,true,true,false,0,true,3.7478949999999998,3.7478949999999998,24,24,0,0,852,576,5460,4096,,
seeded-035,seeded,unconstrained,,beam-256,1,256,4096,beam,true,true,true,false,0,true,3.7478949999999998,3.7478949999999998,24,24,0,0,2388,1536,5460,4096,,
seeded-035,seeded,tight,16,auto-exact-4096,4096,256,4096,exact,true,true,true,false,0,true,3.744111,3.744111,16,16,0,0,353,0,5460,4096,,
seeded-035,seeded,tight,16,beam-1,1,1,4096,beam,true,true,true,false,0.05525500000000072,false,3.744111,3.6888559999999995,16,11,0,3,24,18,5460,4096,,
seeded-035,seeded,tight,16,beam-4,1,4,4096,beam,true,true,true,false,0,true,3.744111,3.744111,16,16,0,0,57,33,5460,4096,,
seeded-035,seeded,tight,16,beam-16,1,16,4096,beam,true,true,true,false,0,true,3.744111,3.744111,16,16,0,0,153,74,5460,4096,,
seeded-035,seeded,tight,16,beam-64,1,64,4096,beam,true,true,true,false,0,true,3.744111,3.744111,16,16,0,0,323,138,5460,4096,,
seeded-035,seeded,tight,16,beam-256,1,256,4096,beam,true,true,true,false,0,true,3.744111,3.744111,16,16,0,0,353,0,5460,4096,,
seeded-035,seeded,infeasible,8.5,auto-exact-4096,4096,256,4096,,false,false,true,false,,,,,,,,,,,5460,4096,,
seeded-035,seeded,infeasible,8.5,beam-1,1,1,4096,,false,false,true,false,,,,,,,,,,,5460,4096,,
seeded-035,seeded,infeasible,8.5,beam-4,1,4,4096,,false,false,true,false,,,,,,,,,,,5460,4096,,
seeded-035,seeded,infeasible,8.5,beam-16,1,16,4096,,false,false,true,false,,,,,,,,,,,5460,4096,,
seeded-035,seeded,infeasible,8.5,beam-64,1,64,4096,,false,false,true,false,,,,,,,,,,,5460,4096,,
seeded-035,seeded,infeasible,8.5,beam-256,1,256,4096,,false,false,true,false,,,,,,,,,,,5460,4096,,
seeded-036,seeded,unconstrained,,auto-exact-4096,4096,256,8,exact,true,true,true,false,0,true,1.925921,1.925921,17,17,0,0,14,0,14,8,,
seeded-036,seeded,unconstrained,,beam-1,1,1,8,beam,true,true,true,false,0,true,1.925921,1.925921,17,17,0,0,6,3,14,8,,
seeded-036,seeded,unconstrained,,beam-4,1,4,8,beam,true,true,true,false,0,true,1.925921,1.925921,17,17,0,0,14,4,14,8,,
seeded-036,seeded,unconstrained,,beam-16,1,16,8,beam,true,true,true,false,0,true,1.925921,1.925921,17,17,0,0,14,0,14,8,,
seeded-036,seeded,unconstrained,,beam-64,1,64,8,beam,true,true,true,false,0,true,1.925921,1.925921,17,17,0,0,14,0,14,8,,
seeded-036,seeded,unconstrained,,beam-256,1,256,8,beam,true,true,true,false,0,true,1.925921,1.925921,17,17,0,0,14,0,14,8,,
seeded-036,seeded,tight,14,auto-exact-4096,4096,256,8,exact,true,true,true,false,0,true,1.737068,1.7370680000000003,14,14,2,2,6,0,14,8,,
seeded-036,seeded,tight,14,beam-1,1,1,8,beam,true,true,true,false,0.07867299999999999,false,1.737068,1.658395,14,13,2,1,4,1,14,8,,
seeded-036,seeded,tight,14,beam-4,1,4,8,beam,true,true,true,false,0,true,1.737068,1.7370680000000003,14,14,2,2,6,0,14,8,,
seeded-036,seeded,tight,14,beam-16,1,16,8,beam,true,true,true,false,0,true,1.737068,1.7370680000000003,14,14,2,2,6,0,14,8,,
seeded-036,seeded,tight,14,beam-64,1,64,8,beam,true,true,true,false,0,true,1.737068,1.7370680000000003,14,14,2,2,6,0,14,8,,
seeded-036,seeded,tight,14,beam-256,1,256,8,beam,true,true,true,false,0,true,1.737068,1.7370680000000003,14,14,2,2,6,0,14,8,,
seeded-036,seeded,infeasible,12.5,auto-exact-4096,4096,256,8,,false,false,true,false,,,,,,,,,,,14,8,,
seeded-036,seeded,infeasible,12.5,beam-1,1,1,8,,false,false,true,false,,,,,,,,,,,14,8,,
seeded-036,seeded,infeasible,12.5,beam-4,1,4,8,,false,false,true,false,,,,,,,,,,,14,8,,
seeded-036,seeded,infeasible,12.5,beam-16,1,16,8,,false,false,true,false,,,,,,,,,,,14,8,,
seeded-036,seeded,infeasible,12.5,beam-64,1,64,8,,false,false,true,false,,,,,,,,,,,14,8,,
seeded-036,seeded,infeasible,12.5,beam-256,1,256,8,,false,false,true,false,,,,,,,,,,,14,8,,
seeded-037,seeded,unconstrained,,auto-exact-4096,4096,256,81,exact,true,true,true,false,0,true,2.620391,2.6203909999999997,27,27,2,2,120,0,120,81,,
seeded-037,seeded,unconstrained,,beam-1,1,1,81,beam,true,true,true,false,0,true,2.620391,2.6203909999999997,27,27,2,2,12,8,120,81,,
seeded-037,seeded,unconstrained,,beam-4,1,4,81,beam,true,true,true,false,0,true,2.620391,2.6203909999999997,27,27,2,2,36,21,120,81,,
seeded-037,seeded,unconstrained,,beam-16,1,16,81,beam,true,true,true,false,0,true,2.620391,2.6203909999999997,27,27,2,2,87,43,120,81,,
seeded-037,seeded,unconstrained,,beam-64,1,64,81,beam,true,true,true,false,0,true,2.620391,2.6203909999999997,27,27,2,2,120,17,120,81,,
seeded-037,seeded,unconstrained,,beam-256,1,256,81,beam,true,true,true,false,0,true,2.620391,2.6203909999999997,27,27,2,2,120,0,120,81,,
seeded-037,seeded,tight,15,auto-exact-4096,4096,256,81,exact,true,true,true,false,0,true,2.308138,2.308138,15,15,2,2,32,0,120,81,,
seeded-037,seeded,tight,15,beam-1,1,1,81,beam,true,true,true,false,0.056008999999999975,false,2.308138,2.252129,15,13,2,3,10,6,120,81,,
seeded-037,seeded,tight,15,beam-4,1,4,81,beam,true,true,true,false,0,true,2.308138,2.308138,15,15,2,2,21,7,120,81,,
seeded-037,seeded,tight,15,beam-16,1,16,81,beam,true,true,true,false,0,true,2.308138,2.308138,15,15,2,2,32,0,120,81,,
seeded-037,seeded,tight,15,beam-64,1,64,81,beam,true,true,true,false,0,true,2.308138,2.308138,15,15,2,2,32,0,120,81,,
seeded-037,seeded,tight,15,beam-256,1,256,81,beam,true,true,true,false,0,true,2.308138,2.308138,15,15,2,2,32,0,120,81,,
seeded-037,seeded,infeasible,11.5,auto-exact-4096,4096,256,81,,false,false,true,false,,,,,,,,,,,120,81,,
seeded-037,seeded,infeasible,11.5,beam-1,1,1,81,,false,false,true,false,,,,,,,,,,,120,81,,
seeded-037,seeded,infeasible,11.5,beam-4,1,4,81,,false,false,true,false,,,,,,,,,,,120,81,,
seeded-037,seeded,infeasible,11.5,beam-16,1,16,81,,false,false,true,false,,,,,,,,,,,120,81,,
seeded-037,seeded,infeasible,11.5,beam-64,1,64,81,,false,false,true,false,,,,,,,,,,,120,81,,
seeded-037,seeded,infeasible,11.5,beam-256,1,256,81,,false,false,true,false,,,,,,,,,,,120,81,,
seeded-038,seeded,unconstrained,,auto-exact-4096,4096,256,1024,exact,true,true,true,false,0,true,3.136139,3.136139,25,25,0,0,1364,0,1364,1024,,
seeded-038,seeded,unconstrained,,beam-1,1,1,1024,beam,true,true,true,false,0,true,3.136139,3.136139,25,25,0,0,20,15,1364,1024,,
seeded-038,seeded,unconstrained,,beam-4,1,4,1024,beam,true,true,true,false,0,true,3.136139,3.136139,25,25,0,0,68,48,1364,1024,,
seeded-038,seeded,unconstrained,,beam-16,1,16,1024,beam,true,true,true,false,0,true,3.136139,3.136139,25,25,0,0,212,144,1364,1024,,
seeded-038,seeded,unconstrained,,beam-64,1,64,1024,beam,true,true,true,false,0,true,3.136139,3.136139,25,25,0,0,596,384,1364,1024,,
seeded-038,seeded,unconstrained,,beam-256,1,256,1024,beam,true,true,true,false,0,true,3.136139,3.136139,25,25,0,0,1364,768,1364,1024,,
seeded-038,seeded,tight,19,auto-exact-4096,4096,256,1024,exact,true,true,true,false,0,true,3.09474,3.09474,17,17,0,0,333,0,1364,1024,,
seeded-038,seeded,tight,19,beam-1,1,1,1024,beam,true,true,true,false,0.11048299999999989,false,3.09474,2.984257,17,13,0,6,19,14,1364,1024,,
seeded-038,seeded,tight,19,beam-4,1,4,1024,beam,true,true,true,false,0,true,3.09474,3.09474,17,17,0,0,53,34,1364,1024,,
seeded-038,seeded,tight,19,beam-16,1,16,1024,beam,true,true,true,false,0,true,3.09474,3.09474,17,17,0,0,132,69,1364,1024,,
seeded-038,seeded,tight,19,beam-64,1,64,1024,beam,true,true,true,false,0,true,3.09474,3.09474,17,17,0,0,299,124,1364,1024,,
seeded-038,seeded,tight,19,beam-256,1,256,1024,beam,true,true,true,false,0,true,3.09474,3.09474,17,17,0,0,333,0,1364,1024,,
seeded-038,seeded,infeasible,11.5,auto-exact-4096,4096,256,1024,,false,false,true,false,,,,,,,,,,,1364,1024,,
seeded-038,seeded,infeasible,11.5,beam-1,1,1,1024,,false,false,true,false,,,,,,,,,,,1364,1024,,
seeded-038,seeded,infeasible,11.5,beam-4,1,4,1024,,false,false,true,false,,,,,,,,,,,1364,1024,,
seeded-038,seeded,infeasible,11.5,beam-16,1,16,1024,,false,false,true,false,,,,,,,,,,,1364,1024,,
seeded-038,seeded,infeasible,11.5,beam-64,1,64,1024,,false,false,true,false,,,,,,,,,,,1364,1024,,
seeded-038,seeded,infeasible,11.5,beam-256,1,256,1024,,false,false,true,false,,,,,,,,,,,1364,1024,,
seeded-039,seeded,unconstrained,,auto-exact-4096,4096,256,64,exact,true,true,true,false,0,true,3.4061850000000007,3.4061850000000007,29,29,0,0,126,0,126,64,,
seeded-039,seeded,unconstrained,,beam-1,1,1,64,beam,true,true,true,false,0.01778800000000036,false,3.4061850000000007,3.3883970000000003,29,34,0,5,12,6,126,64,,
seeded-039,seeded,unconstrained,,beam-4,1,4,64,beam,true,true,true,false,0,true,3.4061850000000007,3.4061850000000007,29,29,0,0,38,16,126,64,,
seeded-039,seeded,unconstrained,,beam-16,1,16,64,beam,true,true,true,false,0,true,3.4061850000000007,3.4061850000000007,29,29,0,0,94,32,126,64,,
seeded-039,seeded,unconstrained,,beam-64,1,64,64,beam,true,true,true,false,0,true,3.4061850000000007,3.4061850000000007,29,29,0,0,126,0,126,64,,
seeded-039,seeded,unconstrained,,beam-256,1,256,64,beam,true,true,true,false,0,true,3.4061850000000007,3.4061850000000007,29,29,0,0,126,0,126,64,,
seeded-039,seeded,tight,24,auto-exact-4096,4096,256,64,exact,true,true,true,false,0,true,3.3392139999999997,3.339214,23,23,4,4,34,0,126,64,,
seeded-039,seeded,tight,24,beam-1,1,1,64,beam,true,true,true,false,0.2011809999999996,false,3.3392139999999997,3.138033,23,21,4,5,10,4,126,64,,
seeded-039,seeded,tight,24,beam-4,1,4,64,beam,true,true,true,false,0,true,3.3392139999999997,3.339214,23,23,4,4,28,6,126,64,,
seeded-039,seeded,tight,24,beam-16,1,16,64,beam,true,true,true,false,0,true,3.3392139999999997,3.339214,23,23,4,4,34,0,126,64,,
seeded-039,seeded,tight,24,beam-64,1,64,64,beam,true,true,true,false,0,true,3.3392139999999997,3.339214,23,23,4,4,34,0,126,64,,
seeded-039,seeded,tight,24,beam-256,1,256,64,beam,true,true,true,false,0,true,3.3392139999999997,3.339214,23,23,4,4,34,0,126,64,,
seeded-039,seeded,infeasible,20.5,auto-exact-4096,4096,256,64,,false,false,true,false,,,,,,,,,,,126,64,,
seeded-039,seeded,infeasible,20.5,beam-1,1,1,64,,false,false,true,false,,,,,,,,,,,126,64,,
seeded-039,seeded,infeasible,20.5,beam-4,1,4,64,,false,false,true,false,,,,,,,,,,,126,64,,
seeded-039,seeded,infeasible,20.5,beam-16,1,16,64,,false,false,true,false,,,,,,,,,,,126,64,,
seeded-039,seeded,infeasible,20.5,beam-64,1,64,64,,false,false,true,false,,,,,,,,,,,126,64,,
seeded-039,seeded,infeasible,20.5,beam-256,1,256,64,,false,false,true,false,,,,,,,,,,,126,64,,
seeded-040,seeded,unconstrained,,auto-exact-4096,4096,256,27,exact,true,true,true,false,0,true,2.025188,2.025188,22,22,0,0,39,0,39,27,,
seeded-040,seeded,unconstrained,,beam-1,1,1,27,beam,true,true,true,false,0,true,2.025188,2.025188,22,22,0,0,9,6,39,27,,
seeded-040,seeded,unconstrained,,beam-4,1,4,27,beam,true,true,true,false,0,true,2.025188,2.025188,22,22,0,0,24,13,39,27,,
seeded-040,seeded,unconstrained,,beam-16,1,16,27,beam,true,true,true,false,0,true,2.025188,2.025188,22,22,0,0,39,11,39,27,,
seeded-040,seeded,unconstrained,,beam-64,1,64,27,beam,true,true,true,false,0,true,2.025188,2.025188,22,22,0,0,39,0,39,27,,
seeded-040,seeded,unconstrained,,beam-256,1,256,27,beam,true,true,true,false,0,true,2.025188,2.025188,22,22,0,0,39,0,39,27,,
seeded-040,seeded,tight,13,auto-exact-4096,4096,256,27,exact,true,true,true,false,0,true,1.7601989999999998,1.7601990000000003,13,13,2,2,20,0,39,27,,
seeded-040,seeded,tight,13,beam-1,1,1,27,beam,true,true,true,false,0.04159699999999966,false,1.7601989999999998,1.7186020000000002,13,10,2,0,7,4,39,27,,
seeded-040,seeded,tight,13,beam-4,1,4,27,beam,true,true,true,false,0,true,1.7601989999999998,1.7601990000000003,13,13,2,2,16,6,39,27,,
seeded-040,seeded,tight,13,beam-16,1,16,27,beam,true,true,true,false,0,true,1.7601989999999998,1.7601990000000003,13,13,2,2,20,0,39,27,,
seeded-040,seeded,tight,13,beam-64,1,64,27,beam,true,true,true,false,0,true,1.7601989999999998,1.7601990000000003,13,13,2,2,20,0,39,27,,
seeded-040,seeded,tight,13,beam-256,1,256,27,beam,true,true,true,false,0,true,1.7601989999999998,1.7601990000000003,13,13,2,2,20,0,39,27,,
seeded-040,seeded,infeasible,9.5,auto-exact-4096,4096,256,27,,false,false,true,false,,,,,,,,,,,39,27,,
seeded-040,seeded,infeasible,9.5,beam-1,1,1,27,,false,false,true,false,,,,,,,,,,,39,27,,
seeded-040,seeded,infeasible,9.5,beam-4,1,4,27,,false,false,true,false,,,,,,,,,,,39,27,,
seeded-040,seeded,infeasible,9.5,beam-16,1,16,27,,false,false,true,false,,,,,,,,,,,39,27,,
seeded-040,seeded,infeasible,9.5,beam-64,1,64,27,,false,false,true,false,,,,,,,,,,,39,27,,
seeded-040,seeded,infeasible,9.5,beam-256,1,256,27,,false,false,true,false,,,,,,,,,,,39,27,,
seeded-041,seeded,unconstrained,,auto-exact-4096,4096,256,256,exact,true,true,true,false,0,true,2.502856,2.502856,19,19,0,0,340,0,340,256,,
seeded-041,seeded,unconstrained,,beam-1,1,1,256,beam,true,true,true,false,0.0053399999999999,false,2.502856,2.497516,19,18,0,0,16,12,340,256,,
seeded-041,seeded,unconstrained,,beam-4,1,4,256,beam,true,true,true,false,0,true,2.502856,2.502856,19,19,0,0,52,36,340,256,,
seeded-041,seeded,unconstrained,,beam-16,1,16,256,beam,true,true,true,false,0,true,2.502856,2.502856,19,19,0,0,148,96,340,256,,
seeded-041,seeded,unconstrained,,beam-64,1,64,256,beam,true,true,true,false,0,true,2.502856,2.502856,19,19,0,0,340,192,340,256,,
seeded-041,seeded,unconstrained,,beam-256,1,256,256,beam,true,true,true,false,0,true,2.502856,2.502856,19,19,0,0,340,0,340,256,,
seeded-041,seeded,tight,14,auto-exact-4096,4096,256,256,exact,true,true,true,false,0,true,2.4672750000000003,2.4672750000000003,12,12,3,3,49,0,340,256,,
seeded-041,seeded,tight,14,beam-1,1,1,256,beam,true,true,true,false,0.038745999999999725,false,2.4672750000000003,2.4285290000000006,12,8,3,4,13,9,340,256,,
seeded-041,seeded,tight,14,beam-4,1,4,256,beam,true,true,true,false,0,true,2.4672750000000003,2.4672750000000003,12,12,3,3,27,13,340,256,,
seeded-041,seeded,tight,14,beam-16,1,16,256,beam,true,true,true,false,0,true,2.4672750000000003,2.4672750000000003,12,12,3,3,49,12,340,256,,
seeded-041,seeded,tight,14,beam-64,1,64,256,beam,true,true,true,false,0,true,2.4672750000000003,2.4672750000000003,12,12,3,3,49,0,340,256,,
seeded-041,seeded,tight,14,beam-256,1,256,256,beam,true,true,true,false,0,true,2.4672750000000003,2.4672750000000003,12,12,3,3,49,0,340,256,,
seeded-041,seeded,infeasible,7.5,auto-exact-4096,4096,256,256,,false,false,true,false,,,,,,,,,,,340,256,,
seeded-041,seeded,infeasible,7.5,beam-1,1,1,256,,false,false,true,false,,,,,,,,,,,340,256,,
seeded-041,seeded,infeasible,7.5,beam-4,1,4,256,,false,false,true,false,,,,,,,,,,,340,256,,
seeded-041,seeded,infeasible,7.5,beam-16,1,16,256,,false,false,true,false,,,,,,,,,,,340,256,,
seeded-041,seeded,infeasible,7.5,beam-64,1,64,256,,false,false,true,false,,,,,,,,,,,340,256,,
seeded-041,seeded,infeasible,7.5,beam-256,1,256,256,,false,false,true,false,,,,,,,,,,,340,256,,
seeded-042,seeded,unconstrained,,auto-exact-4096,4096,256,32,exact,true,true,true,false,0,true,2.9068359999999998,2.9068359999999998,29,29,0,0,62,0,62,32,,
seeded-042,seeded,unconstrained,,beam-1,1,1,32,beam,true,true,true,false,0.032849999999999824,false,2.9068359999999998,2.873986,29,30,0,6,10,5,62,32,,
seeded-042,seeded,unconstrained,,beam-4,1,4,32,beam,true,true,true,false,0,true,2.9068359999999998,2.9068359999999998,29,29,0,0,30,12,62,32,,
seeded-042,seeded,unconstrained,,beam-16,1,16,32,beam,true,true,true,false,0,true,2.9068359999999998,2.9068359999999998,29,29,0,0,62,16,62,32,,
seeded-042,seeded,unconstrained,,beam-64,1,64,32,beam,true,true,true,false,0,true,2.9068359999999998,2.9068359999999998,29,29,0,0,62,0,62,32,,
seeded-042,seeded,unconstrained,,beam-256,1,256,32,beam,true,true,true,false,0,true,2.9068359999999998,2.9068359999999998,29,29,0,0,62,0,62,32,,
seeded-042,seeded,tight,28,auto-exact-4096,4096,256,32,exact,true,true,true,false,0,true,2.858629,2.858629,27,27,4,4,24,0,62,32,,
seeded-042,seeded,tight,28,beam-1,1,1,32,beam,true,true,true,false,0,true,2.858629,2.858629,27,27,4,4,8,3,62,32,,
seeded-042,seeded,tight,28,beam-4,1,4,32,beam,true,true,true,false,0,true,2.858629,2.858629,27,27,4,4,20,4,62,32,,
seeded-042,seeded,tight,28,beam-16,1,16,32,beam,true,true,true,false,0,true,2.858629,2.858629,27,27,4,4,24,0,62,32,,
seeded-042,seeded,tight,28,beam-64,1,64,32,beam,true,true,true,false,0,true,2.858629,2.858629,27,27,4,4,24,0,62,32,,
seeded-042,seeded,tight,28,beam-256,1,256,32,beam,true,true,true,false,0,true,2.858629,2.858629,27,27,4,4,24,0,62,32,,
seeded-042,seeded,infeasible,26.5,auto-exact-4096,4096,256,32,,false,false,true,false,,,,,,,,,,,62,32,,
seeded-042,seeded,infeasible,26.5,beam-1,1,1,32,,false,false,true,false,,,,,,,,,,,62,32,,
seeded-042,seeded,infeasible,26.5,beam-4,1,4,32,,false,false,true,false,,,,,,,,,,,62,32,,
seeded-042,seeded,infeasible,26.5,beam-16,1,16,32,,false,false,true,false,,,,,,,,,,,62,32,,
seeded-042,seeded,infeasible,26.5,beam-64,1,64,32,,false,false,true,false,,,,,,,,,,,62,32,,
seeded-042,seeded,infeasible,26.5,beam-256,1,256,32,,false,false,true,false,,,,,,,,,,,62,32,,
seeded-043,seeded,unconstrained,,auto-exact-4096,4096,256,729,exact,true,true,true,false,0,true,3.9964749999999998,3.996475,45,45,4,4,1092,0,1092,729,,
seeded-043,seeded,unconstrained,,beam-1,1,1,729,beam,true,true,true,false,0,true,3.9964749999999998,3.996475,45,45,4,4,18,12,1092,729,,
seeded-043,seeded,unconstrained,,beam-4,1,4,729,beam,true,true,true,false,0,true,3.9964749999999998,3.996475,45,45,4,4,60,37,1092,729,,
seeded-043,seeded,unconstrained,,beam-16,1,16,729,beam,true,true,true,false,0,true,3.9964749999999998,3.996475,45,45,4,4,183,107,1092,729,,
seeded-043,seeded,unconstrained,,beam-64,1,64,729,beam,true,true,true,false,0,true,3.9964749999999998,3.996475,45,45,4,4,504,273,1092,729,,
seeded-043,seeded,unconstrained,,beam-256,1,256,729,beam,true,true,true,false,0,true,3.9964749999999998,3.996475,45,45,4,4,1092,473,1092,729,,
seeded-043,seeded,tight,26,auto-exact-4096,4096,256,729,exact,true,true,true,false,0,true,3.5377490000000003,3.5377490000000007,26,26,3,3,200,0,1092,729,,
seeded-043,seeded,tight,26,beam-1,1,1,729,beam,true,true,true,false,0.15125900000000003,false,3.5377490000000003,3.3864900000000002,26,21,3,3,15,9,1092,729,,
seeded-043,seeded,tight,26,beam-4,1,4,729,beam,true,true,true,false,0,true,3.5377490000000003,3.5377490000000007,26,26,3,3,34,14,1092,729,,
seeded-043,seeded,tight,26,beam-16,1,16,729,beam,true,true,true,false,0,true,3.5377490000000003,3.5377490000000007,26,26,3,3,95,35,1092,729,,
seeded-043,seeded,tight,26,beam-64,1,64,729,beam,true,true,true,false,0,true,3.5377490000000003,3.5377490000000007,26,26,3,3,200,42,1092,729,,
seeded-043,seeded,tight,26,beam-256,1,256,729,beam,true,true,true,false,0,true,3.5377490000000003,3.5377490000000007,26,26,3,3,200,0,1092,729,,
seeded-043,seeded,infeasible,19.5,auto-exact-4096,4096,256,729,,false,false,true,false,,,,,,,,,,,1092,729,,
seeded-043,seeded,infeasible,19.5,beam-1,1,1,729,,false,false,true,false,,,,,,,,,,,1092,729,,
seeded-043,seeded,infeasible,19.5,beam-4,1,4,729,,false,false,true,false,,,,,,,,,,,1092,729,,
seeded-043,seeded,infeasible,19.5,beam-16,1,16,729,,false,false,true,false,,,,,,,,,,,1092,729,,
seeded-043,seeded,infeasible,19.5,beam-64,1,64,729,,false,false,true,false,,,,,,,,,,,1092,729,,
seeded-043,seeded,infeasible,19.5,beam-256,1,256,729,,false,false,true,false,,,,,,,,,,,1092,729,,
seeded-044,seeded,unconstrained,,auto-exact-4096,4096,256,64,exact,true,true,true,false,0,true,1.9044469999999998,1.9044469999999998,11,11,0,0,84,0,84,64,,
seeded-044,seeded,unconstrained,,beam-1,1,1,64,beam,true,true,true,false,0,true,1.9044469999999998,1.9044469999999998,11,11,0,0,12,9,84,64,,
seeded-044,seeded,unconstrained,,beam-4,1,4,64,beam,true,true,true,false,0,true,1.9044469999999998,1.9044469999999998,11,11,0,0,36,24,84,64,,
seeded-044,seeded,unconstrained,,beam-16,1,16,64,beam,true,true,true,false,0,true,1.9044469999999998,1.9044469999999998,11,11,0,0,84,48,84,64,,
seeded-044,seeded,unconstrained,,beam-64,1,64,64,beam,true,true,true,false,0,true,1.9044469999999998,1.9044469999999998,11,11,0,0,84,0,84,64,,
seeded-044,seeded,unconstrained,,beam-256,1,256,64,beam,true,true,true,false,0,true,1.9044469999999998,1.9044469999999998,11,11,0,0,84,0,84,64,,
seeded-044,seeded,tight,12,auto-exact-4096,4096,256,64,exact,true,true,true,false,0,true,1.9044469999999998,1.9044469999999998,11,11,0,0,27,0,84,64,,
seeded-044,seeded,tight,12,beam-1,1,1,64,beam,true,true,true,false,0.027162999999999604,false,1.9044469999999998,1.8772840000000002,11,10,0,1,9,6,84,64,,
seeded-044,seeded,tight,12,beam-4,1,4,64,beam,true,true,true,false,0,true,1.9044469999999998,1.9044469999999998,11,11,0,0,19,8,84,64,,
seeded-044,seeded,tight,12,beam-16,1,16,64,beam,true,true,true,false,0,true,1.9044469999999998,1.9044469999999998,11,11,0,0,27,0,84,64,,
seeded-044,seeded,tight,12,beam-64,1,64,64,beam,true,true,true,false,0,true,1.9044469999999998,1.9044469999999998,11,11,0,0,27,0,84,64,,
seeded-044,seeded,tight,12,beam-256,1,256,64,beam,true,true,true,false,0,true,1.9044469999999998,1.9044469999999998,11,11,0,0,27,0,84,64,,
seeded-044,seeded,infeasible,9.5,auto-exact-4096,4096,256,64,,false,false,true,false,,,,,,,,,,,84,64,,
seeded-044,seeded,infeasible,9.5,beam-1,1,1,64,,false,false,true,false,,,,,,,,,,,84,64,,
seeded-044,seeded,infeasible,9.5,beam-4,1,4,64,,false,false,true,false,,,,,,,,,,,84,64,,
seeded-044,seeded,infeasible,9.5,beam-16,1,16,64,,false,false,true,false,,,,,,,,,,,84,64,,
seeded-044,seeded,infeasible,9.5,beam-64,1,64,64,,false,false,true,false,,,,,,,,,,,84,64,,
seeded-044,seeded,infeasible,9.5,beam-256,1,256,64,,false,false,true,false,,,,,,,,,,,84,64,,
seeded-045,seeded,unconstrained,,auto-exact-4096,4096,256,16,exact,true,true,true,false,0,true,2.167645,2.167645,11,11,2,2,30,0,30,16,,
seeded-045,seeded,unconstrained,,beam-1,1,1,16,beam,true,true,true,false,0,true,2.167645,2.167645,11,11,2,2,8,4,30,16,,
seeded-045,seeded,unconstrained,,beam-4,1,4,16,beam,true,true,true,false,0,true,2.167645,2.167645,11,11,2,2,22,8,30,16,,
seeded-045,seeded,unconstrained,,beam-16,1,16,16,beam,true,true,true,false,0,true,2.167645,2.167645,11,11,2,2,30,0,30,16,,
seeded-045,seeded,unconstrained,,beam-64,1,64,16,beam,true,true,true,false,0,true,2.167645,2.167645,11,11,2,2,30,0,30,16,,
seeded-045,seeded,unconstrained,,beam-256,1,256,16,beam,true,true,true,false,0,true,2.167645,2.167645,11,11,2,2,30,0,30,16,,
seeded-045,seeded,tight,8,auto-exact-4096,4096,256,16,exact,true,true,true,false,0,true,2.021032,2.021032,6,6,0,0,10,0,30,16,,
seeded-045,seeded,tight,8,beam-1,1,1,16,beam,true,true,true,false,0,true,2.021032,2.021032,6,6,0,0,6,2,30,16,,
seeded-045,seeded,tight,8,beam-4,1,4,16,beam,true,true,true,false,0,true,2.021032,2.021032,6,6,0,0,10,0,30,16,,
seeded-045,seeded,tight,8,beam-16,1,16,16,beam,true,true,true,false,0,true,2.021032,2.021032,6,6,0,0,10,0,30,16,,
seeded-045,seeded,tight,8,beam-64,1,64,16,beam,true,true,true,false,0,true,2.021032,2.021032,6,6,0,0,10,0,30,16,,
seeded-045,seeded,tight,8,beam-256,1,256,16,beam,true,true,true,false,0,true,2.021032,2.021032,6,6,0,0,10,0,30,16,,
seeded-045,seeded,infeasible,5.5,auto-exact-4096,4096,256,16,,false,false,true,false,,,,,,,,,,,30,16,,
seeded-045,seeded,infeasible,5.5,beam-1,1,1,16,,false,false,true,false,,,,,,,,,,,30,16,,
seeded-045,seeded,infeasible,5.5,beam-4,1,4,16,,false,false,true,false,,,,,,,,,,,30,16,,
seeded-045,seeded,infeasible,5.5,beam-16,1,16,16,,false,false,true,false,,,,,,,,,,,30,16,,
seeded-045,seeded,infeasible,5.5,beam-64,1,64,16,,false,false,true,false,,,,,,,,,,,30,16,,
seeded-045,seeded,infeasible,5.5,beam-256,1,256,16,,false,false,true,false,,,,,,,,,,,30,16,,
seeded-046,seeded,unconstrained,,auto-exact-4096,4096,256,243,exact,true,true,true,false,0,true,3.3549460000000004,3.3549460000000004,40,40,6,6,363,0,363,243,,
seeded-046,seeded,unconstrained,,beam-1,1,1,243,beam,true,true,true,false,0,true,3.3549460000000004,3.3549460000000004,40,40,6,6,15,10,363,243,,
seeded-046,seeded,unconstrained,,beam-4,1,4,243,beam,true,true,true,false,0,true,3.3549460000000004,3.3549460000000004,40,40,6,6,48,29,363,243,,
seeded-046,seeded,unconstrained,,beam-16,1,16,243,beam,true,true,true,false,0,true,3.3549460000000004,3.3549460000000004,40,40,6,6,135,75,363,243,,
seeded-046,seeded,unconstrained,,beam-64,1,64,243,beam,true,true,true,false,0,true,3.3549460000000004,3.3549460000000004,40,40,6,6,312,145,363,243,,
seeded-046,seeded,unconstrained,,beam-256,1,256,243,beam,true,true,true,false,0,true,3.3549460000000004,3.3549460000000004,40,40,6,6,363,0,363,243,,
seeded-046,seeded,tight,26,auto-exact-4096,4096,256,243,exact,true,true,true,false,0,true,3.052979,3.052979,26,26,4,4,115,0,363,243,,
seeded-046,seeded,tight,26,beam-1,1,1,243,beam,true,true,true,false,0.10931400000000036,false,3.052979,2.9436649999999998,26,22,4,4,14,9,363,243,,
seeded-046,seeded,tight,26,beam-4,1,4,243,beam,true,true,true,false,0,true,3.052979,3.052979,26,26,4,4,34,16,363,243,,
seeded-046,seeded,tight,26,beam-16,1,16,243,beam,true,true,true,false,0,true,3.052979,3.052979,26,26,4,4,85,34,363,243,,
seeded-046,seeded,tight,26,beam-64,1,64,243,beam,true,true,true,false,0,true,3.052979,3.052979,26,26,4,4,115,6,363,243,,
seeded-046,seeded,tight,26,beam-256,1,256,243,beam,true,true,true,false,0,true,3.052979,3.052979,26,26,4,4,115,0,363,243,,
seeded-046,seeded,infeasible,21.5,auto-exact-4096,4096,256,243,,false,false,true,false,,,,,,,,,,,363,243,,
seeded-046,seeded,infeasible,21.5,beam-1,1,1,243,,false,false,true,false,,,,,,,,,,,363,243,,
seeded-046,seeded,infeasible,21.5,beam-4,1,4,243,,false,false,true,false,,,,,,,,,,,363,243,,
seeded-046,seeded,infeasible,21.5,beam-16,1,16,243,,false,false,true,false,,,,,,,,,,,363,243,,
seeded-046,seeded,infeasible,21.5,beam-64,1,64,243,,false,false,true,false,,,,,,,,,,,363,243,,
seeded-046,seeded,infeasible,21.5,beam-256,1,256,243,,false,false,true,false,,,,,,,,,,,363,243,,
seeded-047,seeded,unconstrained,,auto-exact-4096,4096,256,4096,exact,true,true,true,false,0,true,3.7499269999999996,3.7499269999999996,38,38,0,0,5460,0,5460,4096,,
seeded-047,seeded,unconstrained,,beam-1,1,1,4096,beam,true,true,true,false,0.06430399999999947,false,3.7499269999999996,3.685623,38,33,0,5,24,18,5460,4096,,
seeded-047,seeded,unconstrained,,beam-4,1,4,4096,beam,true,true,true,false,0.06430399999999947,false,3.7499269999999996,3.685623,38,33,0,5,84,60,5460,4096,,
seeded-047,seeded,unconstrained,,beam-16,1,16,4096,beam,true,true,true,false,0,true,3.7499269999999996,3.7499269999999996,38,38,0,0,276,192,5460,4096,,
seeded-047,seeded,unconstrained,,beam-64,1,64,4096,beam,true,true,true,false,0,true,3.7499269999999996,3.7499269999999996,38,38,0,0,852,576,5460,4096,,
seeded-047,seeded,unconstrained,,beam-256,1,256,4096,beam,true,true,true,false,0,true,3.7499269999999996,3.7499269999999996,38,38,0,0,2388,1536,5460,4096,,
seeded-047,seeded,tight,19,auto-exact-4096,4096,256,4096,exact,true,true,true,false,0,true,3.689399,3.689399,19,19,0,0,597,0,5460,4096,,
seeded-047,seeded,tight,19,beam-1,1,1,4096,beam,true,true,true,false,0.0589969999999993,false,3.689399,3.6304020000000006,19,19,0,8,24,18,5460,4096,,
seeded-047,seeded,tight,19,beam-4,1,4,4096,beam,true,true,true,false,0,true,3.689399,3.689399,19,19,0,0,57,33,5460,4096,,
seeded-047,seeded,tight,19,beam-16,1,16,4096,beam,true,true,true,false,0,true,3.689399,3.689399,19,19,0,0,161,77,5460,4096,,
seeded-047,seeded,tight,19,beam-64,1,64,4096,beam,true,true,true,false,0,true,3.689399,3.689399,19,19,0,0,397,137,5460,4096,,
seeded-047,seeded,tight,19,beam-256,1,256,4096,beam,true,true,true,false,0,true,3.689399,3.689399,19,19,0,0,597,24,5460,4096,,
seeded-047,seeded,infeasible,10.5,auto-exact-4096,4096,256,4096,,false,false,true,false,,,,,,,,,,,5460,4096,,
seeded-047,seeded,infeasible,10.5,beam-1,1,1,4096,,false,false,true,false,,,,,,,,,,,5460,4096,,
seeded-047,seeded,infeasible,10.5,beam-4,1,4,4096,,false,false,true,false,,,,,,,,,,,5460,4096,,
seeded-047,seeded,infeasible,10.5,beam-16,1,16,4096,,false,false,true,false,,,,,,,,,,,5460,4096,,
seeded-047,seeded,infeasible,10.5,beam-64,1,64,4096,,false,false,true,false,,,,,,,,,,,5460,4096,,
seeded-047,seeded,infeasible,10.5,beam-256,1,256,4096,,false,false,true,false,,,,,,,,,,,5460,4096,,
forced-B-final-1728,adversarial,unconstrained,,auto-exact-4096,4096,256,1728,exact,true,true,true,false,0,true,2.4,2.4,4,4,0,0,3612,0,3612,1728,,
forced-B-final-1728,adversarial,unconstrained,,beam-1,1,1,1728,beam,true,true,true,false,0.04170000000000007,false,2.4,2.3583,4,4,0,3,37,33,3612,1728,,
forced-B-final-1728,adversarial,unconstrained,,beam-4,1,4,1728,beam,true,true,true,false,0.04170000000000007,false,2.4,2.3583,4,4,0,3,112,96,3612,1728,,
forced-B-final-1728,adversarial,unconstrained,,beam-16,1,16,1728,beam,true,true,true,false,0.04170000000000007,false,2.4,2.3583,4,4,0,3,364,304,3612,1728,,
forced-B-final-1728,adversarial,unconstrained,,beam-64,1,64,1728,beam,true,true,true,false,0.04170000000000007,false,2.4,2.3583,4,4,0,3,988,784,3612,1728,,
forced-B-final-1728,adversarial,unconstrained,,beam-256,1,256,1728,beam,true,true,true,false,0.04170000000000007,false,2.4,2.3583,4,4,0,3,2140,1472,3612,1728,,
forced-B-final-1728,adversarial,tight,4,auto-exact-4096,4096,256,1728,exact,true,true,true,false,0,true,2.4,2.4,4,4,0,0,3612,0,3612,1728,,
forced-B-final-1728,adversarial,tight,4,beam-1,1,1,1728,beam,true,true,true,false,0.04170000000000007,false,2.4,2.3583,4,4,0,3,37,33,3612,1728,,
forced-B-final-1728,adversarial,tight,4,beam-4,1,4,1728,beam,true,true,true,false,0.04170000000000007,false,2.4,2.3583,4,4,0,3,112,96,3612,1728,,
forced-B-final-1728,adversarial,tight,4,beam-16,1,16,1728,beam,true,true,true,false,0.04170000000000007,false,2.4,2.3583,4,4,0,3,364,304,3612,1728,,
forced-B-final-1728,adversarial,tight,4,beam-64,1,64,1728,beam,true,true,true,false,0.04170000000000007,false,2.4,2.3583,4,4,0,3,988,784,3612,1728,,
forced-B-final-1728,adversarial,tight,4,beam-256,1,256,1728,beam,true,true,true,false,0.04170000000000007,false,2.4,2.3583,4,4,0,3,2140,1472,3612,1728,,
forced-B-final-1728,adversarial,infeasible,3.5,auto-exact-4096,4096,256,1728,,false,false,true,false,,,,,,,,,,,3612,1728,,
forced-B-final-1728,adversarial,infeasible,3.5,beam-1,1,1,1728,,false,false,true,false,,,,,,,,,,,3612,1728,,
forced-B-final-1728,adversarial,infeasible,3.5,beam-4,1,4,1728,,false,false,true,false,,,,,,,,,,,3612,1728,,
forced-B-final-1728,adversarial,infeasible,3.5,beam-16,1,16,1728,,false,false,true,false,,,,,,,,,,,3612,1728,,
forced-B-final-1728,adversarial,infeasible,3.5,beam-64,1,64,1728,,false,false,true,false,,,,,,,,,,,3612,1728,,
forced-B-final-1728,adversarial,infeasible,3.5,beam-256,1,256,1728,,false,false,true,false,,,,,,,,,,,3612,1728,,
